scenario	script	object	list_index	node_offset	selector_offset	selector	menu_row	choice_offset	choice	dialogue_events
script1:Honk:0002:0	SCRIPT1	Honk	0	0x0002	0x0a50	parler	0	0x0a57	adieu	1
script2:Eviscerator:0002:0	SCRIPT2	Eviscerator	0	0x0002	0x0001	talk	0	0x187e	yes	2
script2:Eviscerator:0002:1	SCRIPT2	Eviscerator	0	0x0002	0x0001	talk	1	0x007f	no	2
script2:Honk:002b:0	SCRIPT2	Honk	1	0x002b	0x0001	talk	0	0x0b4e	bye_bye	4
script2:Honk:002b:1	SCRIPT2	Honk	1	0x002b	0x0001	talk	1	0x3d25	optimization	4
script2:Honk:002b:2	SCRIPT2	Honk	1	0x002b	0x0001	talk	2	0x3d32	consultation	4
script2:Honk:002b:3	SCRIPT2	Honk	1	0x002b	0x0001	talk	3	0x0b56	explanations	4
script2:Honk:002b:4	SCRIPT2	Honk	1	0x002b	0x0001	talk	4	0x3d3f	calm_down	4
script2:Honk:002b:5	SCRIPT2	Honk	1	0x002b	0x0001	talk	5	0x28b6	play	4
script2:Honk:002b:6	SCRIPT2	Honk	1	0x002b	0x0001	talk	6	0x3d49	win	4
script2:Honk:002b:7	SCRIPT2	Honk	1	0x002b	0x0001	talk	7	0x3d4d	lose	4
script2:Honk:002b:8	SCRIPT2	Honk	1	0x002b	0x0001	talk	8	0x05cf	help	4
script2:Honk:00b3:0	SCRIPT2	Honk	1	0x00b3	0x28b6	play	0	0x0001	talk	12
script2:Honk:00b3:1	SCRIPT2	Honk	1	0x00b3	0x28b6	play	1	0x3d8a	click	12
script2:Honk:00b3:2	SCRIPT2	Honk	1	0x00b3	0x28b6	play	2	0x3d90	dialog	12
script2:Honk:00b3:3	SCRIPT2	Honk	1	0x00b3	0x28b6	play	3	0x3d97	fair_play	12
script2:Honk:02ad:0	SCRIPT2	Honk	1	0x02ad	0x3d49	win	0	0x0001	talk	8
script2:Honk:02ad:1	SCRIPT2	Honk	1	0x02ad	0x3d49	win	1	0x3e62	willpower	8
script2:Honk:02ad:2	SCRIPT2	Honk	1	0x02ad	0x3d49	win	2	0x3e6c	strength	8
script2:Honk:02ad:3	SCRIPT2	Honk	1	0x02ad	0x3d49	win	3	0x3e75	bravery	8
script2:Honk:02ad:4	SCRIPT2	Honk	1	0x02ad	0x3d49	win	4	0x3e7d	pride	8
script2:Honk:0429:0	SCRIPT2	Honk	1	0x0429	0x3d4d	lose	0	0x0001	talk	13
script2:Honk:0429:1	SCRIPT2	Honk	1	0x0429	0x3d4d	lose	1	0x3f39	fear	13
script2:Honk:0429:2	SCRIPT2	Honk	1	0x0429	0x3d4d	lose	2	0x3f3e	weakness	13
script2:Honk:0429:3	SCRIPT2	Honk	1	0x0429	0x3d4d	lose	3	0x3f47	complain	13
script2:Honk:0429:4	SCRIPT2	Honk	1	0x0429	0x3d4d	lose	4	0x3f50	anger	13
script2:Honk:0429:5	SCRIPT2	Honk	1	0x0429	0x3d4d	lose	5	0x3f56	break	13
script2:Honk:0429:6	SCRIPT2	Honk	1	0x0429	0x3d4d	lose	6	0x2acc	cry	13
script2:Honk:0613:0	SCRIPT2	Honk	1	0x0613	0x05cf	help	0	0x0001	talk	20
script2:Honk:0613:1	SCRIPT2	Honk	1	0x0613	0x05cf	help	1	0x4051	switch_off	20
script2:Honk:0613:2	SCRIPT2	Honk	1	0x0613	0x05cf	help	2	0x3f56	break	20
script2:Honk:0613:3	SCRIPT2	Honk	1	0x0613	0x05cf	help	3	0x405c	endless_lives	20
script2:Honk:0613:4	SCRIPT2	Honk	1	0x0613	0x05cf	help	4	0x406a	contest	20
script2:Honk:0613:5	SCRIPT2	Honk	1	0x0613	0x05cf	help	5	0x2037	tips	20
script2:Honk:0613:6	SCRIPT2	Honk	1	0x0613	0x05cf	help	6	0x4072	presents	20
script2:Honk:0613:7	SCRIPT2	Honk	1	0x0613	0x05cf	help	7	0x407b	messages	20
script2:Honk:092d:0	SCRIPT2	Honk	1	0x092d	0x3d25	optimization	0	0x0001	talk	11
script2:Honk:092d:1	SCRIPT2	Honk	1	0x092d	0x3d25	optimization	1	0x4204	speed	11
script2:Honk:092d:2	SCRIPT2	Honk	1	0x092d	0x3d25	optimization	2	0x420a	telephone	11
script2:Honk:092d:3	SCRIPT2	Honk	1	0x092d	0x3d25	optimization	3	0x4214	keyboard	11
script2:Honk:092d:4	SCRIPT2	Honk	1	0x092d	0x3d25	optimization	4	0x3e99	mouse	11
script2:Honk:092d:5	SCRIPT2	Honk	1	0x092d	0x3d25	optimization	5	0x421d	joystick	11
script2:Honk:092d:6	SCRIPT2	Honk	1	0x092d	0x3d25	optimization	6	0x4226	screen	11
script2:Honk:092d:7	SCRIPT2	Honk	1	0x092d	0x3d25	optimization	7	0x422d	CDROM	11
script2:Honk:092d:8	SCRIPT2	Honk	1	0x092d	0x3d25	optimization	8	0x0fac	music	11
script2:Honk:092d:9	SCRIPT2	Honk	1	0x092d	0x3d25	optimization	9	0x4233	sounds	11
script2:Honk:0bf5:0	SCRIPT2	Honk	1	0x0bf5	0x3d32	consultation	0	0x0001	talk	1
script2:Honk:0bf5:1	SCRIPT2	Honk	1	0x0bf5	0x3d32	consultation	1	0x4412	therapy	1
script2:Honk:0c23:0	SCRIPT2	Honk	1	0x0c23	0x4412	therapy	0	0x0001	talk	22
script2:Honk:0c23:1	SCRIPT2	Honk	1	0x0c23	0x4412	therapy	1	0x267a	ego	22
script2:Honk:0c23:2	SCRIPT2	Honk	1	0x0c23	0x4412	therapy	2	0x441a	super_ego	22
script2:Honk:0c23:3	SCRIPT2	Honk	1	0x0c23	0x4412	therapy	3	0x4424	under_ego	22
script2:Honk:0c23:4	SCRIPT2	Honk	1	0x0c23	0x4412	therapy	4	0x442e	end_of_month	22
script2:Honk:0c23:5	SCRIPT2	Honk	1	0x0c23	0x4412	therapy	5	0x443b	libido	22
script2:Honk:0c23:6	SCRIPT2	Honk	1	0x0c23	0x4412	therapy	6	0x0dd7	who	22
script2:Honk:0c23:7	SCRIPT2	Honk	1	0x0c23	0x4412	therapy	7	0x0c68	where	22
script2:Honk:0c23:8	SCRIPT2	Honk	1	0x0c23	0x4412	therapy	8	0x0201	when	22
script2:Honk:0c23:9	SCRIPT2	Honk	1	0x0c23	0x4412	therapy	9	0x089a	what	22
script2:Honk:0c23:10	SCRIPT2	Honk	1	0x0c23	0x4412	therapy	10	0x0400	how	22
script2:Honk:0c23:11	SCRIPT2	Honk	1	0x0c23	0x4412	therapy	11	0x2db0	why	22
script2:Honk:0f87:0	SCRIPT2	Honk	1	0x0f87	0x3d3f	calm_down	0	0x0001	talk	13
script2:Honk:0f87:1	SCRIPT2	Honk	1	0x0f87	0x3d3f	calm_down	1	0x0961	one	13
script2:Honk:0f87:2	SCRIPT2	Honk	1	0x0f87	0x3d3f	calm_down	2	0x09b1	two	13
script2:Honk:0f87:3	SCRIPT2	Honk	1	0x0f87	0x3d3f	calm_down	3	0x09cb	three	13
script2:Honk:0f87:4	SCRIPT2	Honk	1	0x0f87	0x3d3f	calm_down	4	0x09d1	four	13
script2:Honk:0f87:5	SCRIPT2	Honk	1	0x0f87	0x3d3f	calm_down	5	0x09d6	five	13
script2:Honk:0f87:6	SCRIPT2	Honk	1	0x0f87	0x3d3f	calm_down	6	0x09db	six	13
script2:Honk:0f87:7	SCRIPT2	Honk	1	0x0f87	0x3d3f	calm_down	7	0x09df	seven	13
script2:Honk:0f87:8	SCRIPT2	Honk	1	0x0f87	0x3d3f	calm_down	8	0x09e5	eight	13
script2:Honk:0f87:9	SCRIPT2	Honk	1	0x0f87	0x3d3f	calm_down	9	0x45cd	nine	13
script2:Honk:10ec:0	SCRIPT2	Honk	1	0x10ec	0x0b56	explanations	0	0x0b4e	bye_bye	36
script2:Honk:10ec:1	SCRIPT2	Honk	1	0x10ec	0x0b56	explanations	1	0x0001	talk	36
script2:Honk:10ec:2	SCRIPT2	Honk	1	0x10ec	0x0b56	explanations	2	0x085d	blood	36
script2:Honk:10ec:3	SCRIPT2	Honk	1	0x10ec	0x0b56	explanations	3	0x462f	Bob_Morlock	36
script2:Honk:10ec:4	SCRIPT2	Honk	1	0x10ec	0x0b56	explanations	4	0x17b5	Honk	36
script2:Honk:10ec:5	SCRIPT2	Honk	1	0x10ec	0x0b56	explanations	5	0x0b19	Ark	36
script2:Honk:10ec:6	SCRIPT2	Honk	1	0x10ec	0x0b56	explanations	6	0x463b	Ma	36
script2:Honk:10ec:7	SCRIPT2	Honk	1	0x10ec	0x0b56	explanations	7	0x1e14	Orxx	36
script2:Honk:10ec:8	SCRIPT2	Honk	1	0x10ec	0x0b56	explanations	8	0x15f9	Olga	36
script2:Honk:10ec:9	SCRIPT2	Honk	1	0x10ec	0x0b56	explanations	9	0x463e	Big_Bang	36
script2:Honk:10ec:10	SCRIPT2	Honk	1	0x10ec	0x0b56	explanations	10	0x4647	Black_holes	36
script2:Izwalito:16e1:0	SCRIPT2	Izwalito	2	0x16e1	0x494e	talk1	0	0x0006	hello	2
script2:Izwalito:16e1:1	SCRIPT2	Izwalito	2	0x16e1	0x494e	talk1	1	0x0001	talk	2
script2:Izwalito:1717:0	SCRIPT2	Izwalito	2	0x1717	0x0001	talk	0	0x0b4e	bye_bye	1
script2:Izwalito:1717:1	SCRIPT2	Izwalito	2	0x1717	0x0001	talk	1	0x1843	Izwal	1
script2:Izwalito:1717:2	SCRIPT2	Izwalito	2	0x1717	0x0001	talk	2	0x1566	food	1
script2:Izwalito:1717:3	SCRIPT2	Izwalito	2	0x1717	0x0001	talk	3	0x0a8f	planet	1
script2:Izwalito:1717:4	SCRIPT2	Izwalito	2	0x1717	0x0001	talk	4	0x4954	reproduction	1
script2:Izwalito:1743:0	SCRIPT2	Izwalito	2	0x1743	0x1843	Izwal	0	0x0001	talk	15
script2:Izwalito:1743:1	SCRIPT2	Izwalito	2	0x1743	0x1843	Izwal	1	0x0b4e	bye_bye	15
script2:Izwalito:1743:2	SCRIPT2	Izwalito	2	0x1743	0x1843	Izwal	2	0x4961	society	15
script2:Izwalito:1743:3	SCRIPT2	Izwalito	2	0x1743	0x1843	Izwal	3	0x4969	ideal	15
script2:Izwalito:1743:4	SCRIPT2	Izwalito	2	0x1743	0x1843	Izwal	4	0x496f	happiness	15
script2:Izwalito:1942:0	SCRIPT2	Izwalito	2	0x1942	0x12b1	know	0	0x0001	talk	6
script2:Izwalito:1942:1	SCRIPT2	Izwalito	2	0x1942	0x12b1	know	1	0x0b4e	bye_bye	6
script2:Izwalito:1942:2	SCRIPT2	Izwalito	2	0x1942	0x12b1	know	2	0x123c	Rondo	6
script2:Izwalito:1942:3	SCRIPT2	Izwalito	2	0x1942	0x12b1	know	3	0x16b4	truth	6
script2:Izwalito:19e9:0	SCRIPT2	Izwalito	2	0x19e9	0x1566	food	0	0x0001	talk	8
script2:Izwalito:19e9:1	SCRIPT2	Izwalito	2	0x19e9	0x1566	food	1	0x0b4e	bye_bye	8
script2:Izwalito:19e9:2	SCRIPT2	Izwalito	2	0x19e9	0x1566	food	2	0x28ac	murffalos	8
script2:Izwalito:19e9:3	SCRIPT2	Izwalito	2	0x19e9	0x1566	food	3	0x49df	grass	8
script2:Izwalito:1add:0	SCRIPT2	Izwalito	2	0x1add	0x4954	reproduction	0	0x0001	talk	7
script2:Izwalito:1add:1	SCRIPT2	Izwalito	2	0x1add	0x4954	reproduction	1	0x0b4e	bye_bye	7
script2:Izwalito:1add:2	SCRIPT2	Izwalito	2	0x1add	0x4954	reproduction	2	0x04d0	love	7
script2:Izwalito:1add:3	SCRIPT2	Izwalito	2	0x1add	0x4954	reproduction	3	0x241e	female	7
script2:Izwalito:1add:4	SCRIPT2	Izwalito	2	0x1add	0x4954	reproduction	4	0x28ac	murffalos	7
script2:Izwalito:1bab:0	SCRIPT2	Izwalito	2	0x1bab	0x0a8f	planet	0	0x0001	talk	8
script2:Izwalito:1bab:1	SCRIPT2	Izwalito	2	0x1bab	0x0a8f	planet	1	0x0b4e	bye_bye	8
script2:Izwalito:1bab:2	SCRIPT2	Izwalito	2	0x1bab	0x0a8f	planet	2	0x4a61	ecology	8
script2:Izwalito:1bab:3	SCRIPT2	Izwalito	2	0x1bab	0x0a8f	planet	3	0x21ce	stars	8
script2:Morning_Oil:1cab:0	SCRIPT2	Morning_Oil	3	0x1cab	0x2bfe	broken_down	0	0x0b4e	bye_bye	12
script2:Morning_Oil:1cab:1	SCRIPT2	Morning_Oil	3	0x1cab	0x2bfe	broken_down	1	0x034f	on	12
script2:Morning_Oil:1cab:2	SCRIPT2	Morning_Oil	3	0x1cab	0x2bfe	broken_down	2	0x10ef	off	12
script2:Morning_Oil:1cab:3	SCRIPT2	Morning_Oil	3	0x1cab	0x2bfe	broken_down	3	0x0006	hello	12
script2:Morning_Oil:1cab:4	SCRIPT2	Morning_Oil	3	0x1cab	0x2bfe	broken_down	4	0x187e	yes	12
script2:Morning_Oil:1cab:5	SCRIPT2	Morning_Oil	3	0x1cab	0x2bfe	broken_down	5	0x007f	no	12
script2:Morning_Oil:1cab:6	SCRIPT2	Morning_Oil	3	0x1cab	0x2bfe	broken_down	6	0x05c9	great	12
script2:Morning_Oil:1cab:7	SCRIPT2	Morning_Oil	3	0x1cab	0x2bfe	broken_down	7	0x03ee	in	12
script2:Morning_Oil:1cab:8	SCRIPT2	Morning_Oil	3	0x1cab	0x2bfe	broken_down	8	0x0100	out	12
script2:Morning_Oil:1cab:9	SCRIPT2	Morning_Oil	3	0x1cab	0x2bfe	broken_down	9	0x04f9	more	12
script2:Morning_Oil:1cab:10	SCRIPT2	Morning_Oil	3	0x1cab	0x2bfe	broken_down	10	0x125b	less	12
script2:Morning_Oil:1d75:0	SCRIPT2	Morning_Oil	3	0x1d75	0x3010	letar	0	0x36a0	dream	4
script2:Morning_Oil:1d75:1	SCRIPT2	Morning_Oil	3	0x1d75	0x3010	letar	1	0x12ed	sleep	4
script2:Morning_Oil:1d75:2	SCRIPT2	Morning_Oil	3	0x1d75	0x3010	letar	2	0x4ae6	nightmare	4
script2:Morning_Oil:1d75:3	SCRIPT2	Morning_Oil	3	0x1d75	0x3010	letar	3	0x3016	snore	4
script2:Morning_Oil:1dc3:0	SCRIPT2	Morning_Oil	3	0x1dc3	0x30b0	history	0	0x0b4e	bye_bye	0
script2:Morning_Oil:1dc3:1	SCRIPT2	Morning_Oil	3	0x1dc3	0x30b0	history	1	0x110f	war	0
script2:Morning_Oil:1dc3:2	SCRIPT2	Morning_Oil	3	0x1dc3	0x30b0	history	2	0x0f3e	Croolis	0
script2:Morning_Oil:1dc3:3	SCRIPT2	Morning_Oil	3	0x1dc3	0x30b0	history	3	0x1113	treasure	0
script2:Morning_Oil:1dc3:4	SCRIPT2	Morning_Oil	3	0x1dc3	0x30b0	history	4	0x4b2e	battles	0
script2:Morning_Oil:1dc3:5	SCRIPT2	Morning_Oil	3	0x1dc3	0x30b0	history	5	0x312e	mastachok	0
script2:Morning_Oil:1dd7:0	SCRIPT2	Morning_Oil	3	0x1dd7	0x110f	war	0	0x0b4e	bye_bye	7
script2:Morning_Oil:1dd7:1	SCRIPT2	Morning_Oil	3	0x1dd7	0x110f	war	1	0x30b0	history	7
script2:Morning_Oil:1dd7:2	SCRIPT2	Morning_Oil	3	0x1dd7	0x110f	war	2	0x4b36	fight	7
script2:Morning_Oil:1f19:0	SCRIPT2	Morning_Oil	3	0x1f19	0x0f3e	Croolis	0	0x0b4e	bye_bye	12
script2:Morning_Oil:1f19:1	SCRIPT2	Morning_Oil	3	0x1f19	0x0f3e	Croolis	1	0x30b0	history	12
script2:Morning_Oil:1f19:2	SCRIPT2	Morning_Oil	3	0x1f19	0x0f3e	Croolis	2	0x4bc9	terror	12
script2:Morning_Oil:1f19:3	SCRIPT2	Morning_Oil	3	0x1f19	0x0f3e	Croolis	3	0x4bd0	eviscerator	12
script2:Morning_Oil:1f19:4	SCRIPT2	Morning_Oil	3	0x1f19	0x0f3e	Croolis	4	0x4bdc	emasculator	12
script2:Morning_Oil:20a6:0	SCRIPT2	Morning_Oil	3	0x20a6	0x1113	treasure	0	0x0b4e	bye_bye	9
script2:Morning_Oil:20a6:1	SCRIPT2	Morning_Oil	3	0x20a6	0x1113	treasure	1	0x30b0	history	9
script2:Morning_Oil:20a6:2	SCRIPT2	Morning_Oil	3	0x20a6	0x1113	treasure	2	0x4c8b	hiding_place	9
script2:Morning_Oil:220b:0	SCRIPT2	Morning_Oil	3	0x220b	0x312e	mastachok	0	0x0b4e	bye_bye	5
script2:Morning_Oil:220b:1	SCRIPT2	Morning_Oil	3	0x220b	0x312e	mastachok	1	0x30b0	history	5
script2:Morning_Oil:220b:2	SCRIPT2	Morning_Oil	3	0x220b	0x312e	mastachok	2	0x0a52	information	5
script2:Bug_Deluxe:22c1:0	SCRIPT2	Bug_Deluxe	4	0x22c1	0x3bc6	department	0	0x0b4e	bye_bye	2
script2:Bug_Deluxe:22c1:1	SCRIPT2	Bug_Deluxe	4	0x22c1	0x3bc6	department	1	0x3619	beauty	2
script2:Bug_Deluxe:22c1:2	SCRIPT2	Bug_Deluxe	4	0x22c1	0x3bc6	department	2	0x1566	food	2
script2:Bug_Deluxe:22c1:3	SCRIPT2	Bug_Deluxe	4	0x22c1	0x3bc6	department	3	0x4dd0	sport	2
script2:Bug_Deluxe:22c1:4	SCRIPT2	Bug_Deluxe	4	0x22c1	0x3bc6	department	4	0x4dd6	handywork	2
script2:Bug_Deluxe:22c1:5	SCRIPT2	Bug_Deluxe	4	0x22c1	0x3bc6	department	5	0x4de0	pharmaceutical	2
script2:Bug_Deluxe:22c1:6	SCRIPT2	Bug_Deluxe	4	0x22c1	0x3bc6	department	6	0x4def	leisure	2
script2:Bug_Deluxe:22c1:7	SCRIPT2	Bug_Deluxe	4	0x22c1	0x3bc6	department	7	0x4df7	hifi	2
script2:Bug_Deluxe:2304:0	SCRIPT2	Bug_Deluxe	4	0x2304	0x3619	beauty	0	0x3bc6	department	1
script2:Bug_Deluxe:2304:1	SCRIPT2	Bug_Deluxe	4	0x2304	0x3619	beauty	1	0x0acc	perfume	1
script2:Bug_Deluxe:2304:2	SCRIPT2	Bug_Deluxe	4	0x2304	0x3619	beauty	2	0x4e05	necktie	1
script2:Bug_Deluxe:2304:3	SCRIPT2	Bug_Deluxe	4	0x2304	0x3619	beauty	3	0x4e0d	jewel	1
script2:Bug_Deluxe:2320:0	SCRIPT2	Bug_Deluxe	4	0x2320	0x0acc	perfume	0	0x3619	beauty	1
script2:Bug_Deluxe:2320:1	SCRIPT2	Bug_Deluxe	4	0x2320	0x0acc	perfume	1	0x4e1a	eden	1
script2:Bug_Deluxe:2320:2	SCRIPT2	Bug_Deluxe	4	0x2320	0x0acc	perfume	2	0x4e1f	dune	1
script2:Bug_Deluxe:2320:3	SCRIPT2	Bug_Deluxe	4	0x2320	0x0acc	perfume	3	0x4e24	kroolence	1
script2:Bug_Deluxe:2320:4	SCRIPT2	Bug_Deluxe	4	0x2320	0x0acc	perfume	4	0x4e2e	motoroil	1
script2:Bug_Deluxe:2320:5	SCRIPT2	Bug_Deluxe	4	0x2320	0x0acc	perfume	5	0x4e37	turbulence	1
script2:Bug_Deluxe:2342:0	SCRIPT2	Bug_Deluxe	4	0x2342	0x4e1a	eden	0	0x3bc6	department	2
script2:Bug_Deluxe:2342:1	SCRIPT2	Bug_Deluxe	4	0x2342	0x4e1a	eden	1	0x2498	buy	2
script2:Bug_Deluxe:2342:2	SCRIPT2	Bug_Deluxe	4	0x2342	0x4e1a	eden	2	0x0acc	perfume	2
script2:Bug_Deluxe:23a5:0	SCRIPT2	Bug_Deluxe	4	0x23a5	0x4e1f	dune	0	0x3bc6	department	2
script2:Bug_Deluxe:23a5:1	SCRIPT2	Bug_Deluxe	4	0x23a5	0x4e1f	dune	1	0x2498	buy	2
script2:Bug_Deluxe:23a5:2	SCRIPT2	Bug_Deluxe	4	0x23a5	0x4e1f	dune	2	0x0acc	perfume	2
script2:Bug_Deluxe:2404:0	SCRIPT2	Bug_Deluxe	4	0x2404	0x4e24	kroolence	0	0x3bc6	department	2
script2:Bug_Deluxe:2404:1	SCRIPT2	Bug_Deluxe	4	0x2404	0x4e24	kroolence	1	0x2498	buy	2
script2:Bug_Deluxe:2404:2	SCRIPT2	Bug_Deluxe	4	0x2404	0x4e24	kroolence	2	0x0acc	perfume	2
script2:Bug_Deluxe:246b:0	SCRIPT2	Bug_Deluxe	4	0x246b	0x4e2e	motoroil	0	0x3bc6	department	2
script2:Bug_Deluxe:246b:1	SCRIPT2	Bug_Deluxe	4	0x246b	0x4e2e	motoroil	1	0x2498	buy	2
script2:Bug_Deluxe:246b:2	SCRIPT2	Bug_Deluxe	4	0x246b	0x4e2e	motoroil	2	0x0acc	perfume	2
script2:Bug_Deluxe:24ce:0	SCRIPT2	Bug_Deluxe	4	0x24ce	0x4e37	turbulence	0	0x3bc6	department	2
script2:Bug_Deluxe:24ce:1	SCRIPT2	Bug_Deluxe	4	0x24ce	0x4e37	turbulence	1	0x2498	buy	2
script2:Bug_Deluxe:24ce:2	SCRIPT2	Bug_Deluxe	4	0x24ce	0x4e37	turbulence	2	0x0acc	perfume	2
script2:Bug_Deluxe:252b:0	SCRIPT2	Bug_Deluxe	4	0x252b	0x4e05	necktie	0	0x3619	beauty	1
script2:Bug_Deluxe:252b:1	SCRIPT2	Bug_Deluxe	4	0x252b	0x4e05	necktie	1	0x2f51	hide	1
script2:Bug_Deluxe:252b:2	SCRIPT2	Bug_Deluxe	4	0x252b	0x4e05	necktie	2	0x2567	hair	1
script2:Bug_Deluxe:252b:3	SCRIPT2	Bug_Deluxe	4	0x252b	0x4e05	necktie	3	0x47ac	synthetic	1
script2:Bug_Deluxe:254d:0	SCRIPT2	Bug_Deluxe	4	0x254d	0x2f51	hide	0	0x3bc6	department	2
script2:Bug_Deluxe:254d:1	SCRIPT2	Bug_Deluxe	4	0x254d	0x2f51	hide	1	0x2498	buy	2
script2:Bug_Deluxe:254d:2	SCRIPT2	Bug_Deluxe	4	0x254d	0x2f51	hide	2	0x4e05	necktie	2
script2:Bug_Deluxe:25b0:0	SCRIPT2	Bug_Deluxe	4	0x25b0	0x2567	hair	0	0x3bc6	department	2
script2:Bug_Deluxe:25b0:1	SCRIPT2	Bug_Deluxe	4	0x25b0	0x2567	hair	1	0x2498	buy	2
script2:Bug_Deluxe:25b0:2	SCRIPT2	Bug_Deluxe	4	0x25b0	0x2567	hair	2	0x4e05	necktie	2
script2:Bug_Deluxe:2601:0	SCRIPT2	Bug_Deluxe	4	0x2601	0x47ac	synthetic	0	0x3bc6	department	2
script2:Bug_Deluxe:2601:1	SCRIPT2	Bug_Deluxe	4	0x2601	0x47ac	synthetic	1	0x2498	buy	2
script2:Bug_Deluxe:2601:2	SCRIPT2	Bug_Deluxe	4	0x2601	0x47ac	synthetic	2	0x4e05	necktie	2
script2:Bug_Deluxe:2660:0	SCRIPT2	Bug_Deluxe	4	0x2660	0x4f8c	make_up	0	0x3bc6	department	1
script2:Bug_Deluxe:2660:1	SCRIPT2	Bug_Deluxe	4	0x2660	0x4f8c	make_up	1	0x4f94	rouge	1
script2:Bug_Deluxe:2660:2	SCRIPT2	Bug_Deluxe	4	0x2660	0x4f8c	make_up	2	0x06db	cream	1
script2:Bug_Deluxe:2680:0	SCRIPT2	Bug_Deluxe	4	0x2680	0x4f94	rouge	0	0x3bc6	department	0
script2:Bug_Deluxe:2680:1	SCRIPT2	Bug_Deluxe	4	0x2680	0x4f94	rouge	1	0x3619	beauty	0
script2:Bug_Deluxe:2680:2	SCRIPT2	Bug_Deluxe	4	0x2680	0x4f94	rouge	2	0x4fa4	crimson	0
script2:Bug_Deluxe:2680:3	SCRIPT2	Bug_Deluxe	4	0x2680	0x4f94	rouge	3	0x0857	green	0
script2:Bug_Deluxe:2680:4	SCRIPT2	Bug_Deluxe	4	0x2680	0x4f94	rouge	4	0x0c2a	black	0
script2:Bug_Deluxe:2680:5	SCRIPT2	Bug_Deluxe	4	0x2680	0x4f94	rouge	5	0x49da	blue	0
script2:Bug_Deluxe:2694:0	SCRIPT2	Bug_Deluxe	4	0x2694	0x4fa4	crimson	0	0x2498	buy	2
script2:Bug_Deluxe:2694:1	SCRIPT2	Bug_Deluxe	4	0x2694	0x4fa4	crimson	1	0x4f94	rouge	2
script2:Bug_Deluxe:26e5:0	SCRIPT2	Bug_Deluxe	4	0x26e5	0x0857	green	0	0x2498	buy	2
script2:Bug_Deluxe:26e5:1	SCRIPT2	Bug_Deluxe	4	0x26e5	0x0857	green	1	0x4f94	rouge	2
script2:Bug_Deluxe:2740:0	SCRIPT2	Bug_Deluxe	4	0x2740	0x0c2a	black	0	0x2498	buy	2
script2:Bug_Deluxe:2740:1	SCRIPT2	Bug_Deluxe	4	0x2740	0x0c2a	black	1	0x4f94	rouge	2
script2:Bug_Deluxe:279d:0	SCRIPT2	Bug_Deluxe	4	0x279d	0x49da	blue	0	0x2498	buy	2
script2:Bug_Deluxe:279d:1	SCRIPT2	Bug_Deluxe	4	0x279d	0x49da	blue	1	0x4f94	rouge	2
script2:Bug_Deluxe:2802:0	SCRIPT2	Bug_Deluxe	4	0x2802	0x06db	cream	0	0x3bc6	department	1
script2:Bug_Deluxe:2802:1	SCRIPT2	Bug_Deluxe	4	0x2802	0x06db	cream	1	0x4ff2	painkiller	1
script2:Bug_Deluxe:2802:2	SCRIPT2	Bug_Deluxe	4	0x2802	0x06db	cream	2	0x4ffd	musclor	1
script2:Bug_Deluxe:2802:3	SCRIPT2	Bug_Deluxe	4	0x2802	0x06db	cream	3	0x5005	meteor	1
script2:Bug_Deluxe:2824:0	SCRIPT2	Bug_Deluxe	4	0x2824	0x4ff2	painkiller	0	0x2498	buy	2
script2:Bug_Deluxe:2824:1	SCRIPT2	Bug_Deluxe	4	0x2824	0x4ff2	painkiller	1	0x06db	cream	2
script2:Bug_Deluxe:2881:0	SCRIPT2	Bug_Deluxe	4	0x2881	0x4ffd	musclor	0	0x2498	buy	2
script2:Bug_Deluxe:2881:1	SCRIPT2	Bug_Deluxe	4	0x2881	0x4ffd	musclor	1	0x06db	cream	2
script2:Bug_Deluxe:28e0:0	SCRIPT2	Bug_Deluxe	4	0x28e0	0x5005	meteor	0	0x2498	buy	2
script2:Bug_Deluxe:28e0:1	SCRIPT2	Bug_Deluxe	4	0x28e0	0x5005	meteor	1	0x06db	cream	2
script2:Bug_Deluxe:2939:0	SCRIPT2	Bug_Deluxe	4	0x2939	0x4e0d	jewel	0	0x3bc6	department	1
script2:Bug_Deluxe:2939:1	SCRIPT2	Bug_Deluxe	4	0x2939	0x4e0d	jewel	1	0x506f	necklace	1
script2:Bug_Deluxe:2939:2	SCRIPT2	Bug_Deluxe	4	0x2939	0x4e0d	jewel	2	0x5078	bracelet	1
script2:Bug_Deluxe:2959:0	SCRIPT2	Bug_Deluxe	4	0x2959	0x506f	necklace	0	0x2498	buy	2
script2:Bug_Deluxe:2959:1	SCRIPT2	Bug_Deluxe	4	0x2959	0x506f	necklace	1	0x4e0d	jewel	2
script2:Bug_Deluxe:29c6:0	SCRIPT2	Bug_Deluxe	4	0x29c6	0x5078	bracelet	0	0x2498	buy	2
script2:Bug_Deluxe:29c6:1	SCRIPT2	Bug_Deluxe	4	0x29c6	0x5078	bracelet	1	0x4e0d	jewel	2
script2:Bug_Deluxe:2a27:0	SCRIPT2	Bug_Deluxe	4	0x2a27	0x1566	food	0	0x3bc6	department	1
script2:Bug_Deluxe:2a27:1	SCRIPT2	Bug_Deluxe	4	0x2a27	0x1566	food	1	0x0d17	murffalo	1
script2:Bug_Deluxe:2a45:0	SCRIPT2	Bug_Deluxe	4	0x2a45	0x0d17	murffalo	0	0x3bc6	department	1
script2:Bug_Deluxe:2a45:1	SCRIPT2	Bug_Deluxe	4	0x2a45	0x0d17	murffalo	1	0x50f5	joint	1
script2:Bug_Deluxe:2a45:2	SCRIPT2	Bug_Deluxe	4	0x2a45	0x0d17	murffalo	2	0x50fb	steak	1
script2:Bug_Deluxe:2a45:3	SCRIPT2	Bug_Deluxe	4	0x2a45	0x0d17	murffalo	3	0x5101	horn	1
script2:Bug_Deluxe:2a45:4	SCRIPT2	Bug_Deluxe	4	0x2a45	0x0d17	murffalo	4	0x5106	fur	1
script2:Bug_Deluxe:2a45:5	SCRIPT2	Bug_Deluxe	4	0x2a45	0x0d17	murffalo	5	0x510a	sausages	1
script2:Bug_Deluxe:2a45:6	SCRIPT2	Bug_Deluxe	4	0x2a45	0x0d17	murffalo	6	0x5113	intestines	1
script2:Bug_Deluxe:2a6d:0	SCRIPT2	Bug_Deluxe	4	0x2a6d	0x50f5	joint	0	0x2498	buy	2
script2:Bug_Deluxe:2a6d:1	SCRIPT2	Bug_Deluxe	4	0x2a6d	0x50f5	joint	1	0x0d17	murffalo	2
script2:Bug_Deluxe:2ac4:0	SCRIPT2	Bug_Deluxe	4	0x2ac4	0x50fb	steak	0	0x2498	buy	2
script2:Bug_Deluxe:2ac4:1	SCRIPT2	Bug_Deluxe	4	0x2ac4	0x50fb	steak	1	0x0d17	murffalo	2
script2:Bug_Deluxe:2b1b:0	SCRIPT2	Bug_Deluxe	4	0x2b1b	0x5101	horn	0	0x2498	buy	2
script2:Bug_Deluxe:2b1b:1	SCRIPT2	Bug_Deluxe	4	0x2b1b	0x5101	horn	1	0x0d17	murffalo	2
script2:Bug_Deluxe:2b76:0	SCRIPT2	Bug_Deluxe	4	0x2b76	0x5106	fur	0	0x2498	buy	2
script2:Bug_Deluxe:2b76:1	SCRIPT2	Bug_Deluxe	4	0x2b76	0x5106	fur	1	0x0d17	murffalo	2
script2:Bug_Deluxe:2bd5:0	SCRIPT2	Bug_Deluxe	4	0x2bd5	0x510a	sausages	0	0x2498	buy	2
script2:Bug_Deluxe:2bd5:1	SCRIPT2	Bug_Deluxe	4	0x2bd5	0x510a	sausages	1	0x0d17	murffalo	2
script2:Bug_Deluxe:2c2e:0	SCRIPT2	Bug_Deluxe	4	0x2c2e	0x5113	intestines	0	0x2498	buy	2
script2:Bug_Deluxe:2c2e:1	SCRIPT2	Bug_Deluxe	4	0x2c2e	0x5113	intestines	1	0x0d17	murffalo	2
script2:Bug_Deluxe:2c8b:0	SCRIPT2	Bug_Deluxe	4	0x2c8b	0x4dd0	sport	0	0x3bc6	department	1
script2:Bug_Deluxe:2c8b:1	SCRIPT2	Bug_Deluxe	4	0x2c8b	0x4dd0	sport	1	0x4333	ball	1
script2:Bug_Deluxe:2c8b:2	SCRIPT2	Bug_Deluxe	4	0x2c8b	0x4dd0	sport	2	0x51a5	boxing_gloves	1
script2:Bug_Deluxe:2c8b:3	SCRIPT2	Bug_Deluxe	4	0x2c8b	0x4dd0	sport	3	0x51b3	shells	1
script2:Bug_Deluxe:2cad:0	SCRIPT2	Bug_Deluxe	4	0x2cad	0x4333	ball	0	0x2498	buy	2
script2:Bug_Deluxe:2cad:1	SCRIPT2	Bug_Deluxe	4	0x2cad	0x4333	ball	1	0x4dd0	sport	2
script2:Bug_Deluxe:2d0e:0	SCRIPT2	Bug_Deluxe	4	0x2d0e	0x51a5	boxing_gloves	0	0x2498	buy	2
script2:Bug_Deluxe:2d0e:1	SCRIPT2	Bug_Deluxe	4	0x2d0e	0x51a5	boxing_gloves	1	0x4dd0	sport	2
script2:Bug_Deluxe:2d73:0	SCRIPT2	Bug_Deluxe	4	0x2d73	0x51b3	shells	0	0x2498	buy	2
script2:Bug_Deluxe:2d73:1	SCRIPT2	Bug_Deluxe	4	0x2d73	0x51b3	shells	1	0x4dd0	sport	2
script2:Bug_Deluxe:2de8:0	SCRIPT2	Bug_Deluxe	4	0x2de8	0x4dd6	handywork	0	0x3bc6	department	1
script2:Bug_Deluxe:2de8:1	SCRIPT2	Bug_Deluxe	4	0x2de8	0x4dd6	handywork	1	0x5239	tools	1
script2:Bug_Deluxe:2de8:2	SCRIPT2	Bug_Deluxe	4	0x2de8	0x4dd6	handywork	2	0x523f	robotics	1
script2:Bug_Deluxe:2e06:0	SCRIPT2	Bug_Deluxe	4	0x2e06	0x5239	tools	0	0x3bc6	department	1
script2:Bug_Deluxe:2e06:1	SCRIPT2	Bug_Deluxe	4	0x2e06	0x5239	tools	1	0x4317	screwdriver	1
script2:Bug_Deluxe:2e06:2	SCRIPT2	Bug_Deluxe	4	0x2e06	0x5239	tools	2	0x5252	saws	1
script2:Bug_Deluxe:2e06:3	SCRIPT2	Bug_Deluxe	4	0x2e06	0x5239	tools	3	0x5257	drills	1
script2:Bug_Deluxe:2e26:0	SCRIPT2	Bug_Deluxe	4	0x2e26	0x4317	screwdriver	0	0x2498	buy	2
script2:Bug_Deluxe:2e26:1	SCRIPT2	Bug_Deluxe	4	0x2e26	0x4317	screwdriver	1	0x4dd6	handywork	2
script2:Bug_Deluxe:2e85:0	SCRIPT2	Bug_Deluxe	4	0x2e85	0x5252	saws	0	0x2498	buy	2
script2:Bug_Deluxe:2e85:1	SCRIPT2	Bug_Deluxe	4	0x2e85	0x5252	saws	1	0x4dd6	handywork	2
script2:Bug_Deluxe:2ee0:0	SCRIPT2	Bug_Deluxe	4	0x2ee0	0x5257	drills	0	0x2498	buy	2
script2:Bug_Deluxe:2ee0:1	SCRIPT2	Bug_Deluxe	4	0x2ee0	0x5257	drills	1	0x4dd6	handywork	2
script2:Bug_Deluxe:2f33:0	SCRIPT2	Bug_Deluxe	4	0x2f33	0x523f	robotics	0	0x3bc6	department	1
script2:Bug_Deluxe:2f33:1	SCRIPT2	Bug_Deluxe	4	0x2f33	0x523f	robotics	1	0x108a	batteries	1
script2:Bug_Deluxe:2f4f:0	SCRIPT2	Bug_Deluxe	4	0x2f4f	0x108a	batteries	0	0x3bc6	department	2
script2:Bug_Deluxe:2f4f:1	SCRIPT2	Bug_Deluxe	4	0x2f4f	0x108a	batteries	1	0x4dd6	handywork	2
script2:Bug_Deluxe:2f4f:2	SCRIPT2	Bug_Deluxe	4	0x2f4f	0x108a	batteries	2	0x2498	buy	2
script2:Bug_Deluxe:2fb2:0	SCRIPT2	Bug_Deluxe	4	0x2fb2	0x4de0	pharmaceutical	0	0x3bc6	department	1
script2:Bug_Deluxe:2fb2:1	SCRIPT2	Bug_Deluxe	4	0x2fb2	0x4de0	pharmaceutical	1	0x52e7	aspirox	1
script2:Bug_Deluxe:2fb2:2	SCRIPT2	Bug_Deluxe	4	0x2fb2	0x4de0	pharmaceutical	2	0x52ef	snormor	1
script2:Bug_Deluxe:2fb2:3	SCRIPT2	Bug_Deluxe	4	0x2fb2	0x4de0	pharmaceutical	3	0x52f7	fang_brush	1
script2:Bug_Deluxe:2fd2:0	SCRIPT2	Bug_Deluxe	4	0x2fd2	0x52e7	aspirox	0	0x2498	buy	2
script2:Bug_Deluxe:2fd2:1	SCRIPT2	Bug_Deluxe	4	0x2fd2	0x52e7	aspirox	1	0x4de0	pharmaceutical	2
script2:Bug_Deluxe:3043:0	SCRIPT2	Bug_Deluxe	4	0x3043	0x52ef	snormor	0	0x2498	buy	2
script2:Bug_Deluxe:3043:1	SCRIPT2	Bug_Deluxe	4	0x3043	0x52ef	snormor	1	0x4de0	pharmaceutical	2
script2:Bug_Deluxe:30a8:0	SCRIPT2	Bug_Deluxe	4	0x30a8	0x52f7	fang_brush	0	0x2498	buy	2
script2:Bug_Deluxe:30a8:1	SCRIPT2	Bug_Deluxe	4	0x30a8	0x52f7	fang_brush	1	0x4de0	pharmaceutical	2
script2:Bug_Deluxe:311b:0	SCRIPT2	Bug_Deluxe	4	0x311b	0x4def	leisure	0	0x3bc6	department	1
script2:Bug_Deluxe:311b:1	SCRIPT2	Bug_Deluxe	4	0x311b	0x4def	leisure	1	0x53a7	video_games	1
script2:Bug_Deluxe:3137:0	SCRIPT2	Bug_Deluxe	4	0x3137	0x53a7	video_games	0	0x3bc6	department	1
script2:Bug_Deluxe:3137:1	SCRIPT2	Bug_Deluxe	4	0x3137	0x53a7	video_games	1	0x53bb	Dead_Killer	1
script2:Bug_Deluxe:3137:2	SCRIPT2	Bug_Deluxe	4	0x3137	0x53a7	video_games	2	0x53c7	Fatal_Butcher	1
script2:Bug_Deluxe:3137:3	SCRIPT2	Bug_Deluxe	4	0x3137	0x53a7	video_games	3	0x53d5	Harakira	1
script2:Bug_Deluxe:3137:4	SCRIPT2	Bug_Deluxe	4	0x3137	0x53a7	video_games	4	0x53de	Commander_Blood	1
script2:Bug_Deluxe:3137:5	SCRIPT2	Bug_Deluxe	4	0x3137	0x53a7	video_games	5	0x53ee	Streetofkarnage	1
script2:Bug_Deluxe:3137:6	SCRIPT2	Bug_Deluxe	4	0x3137	0x53a7	video_games	6	0x53fe	Eat_my_liver	1
script2:Bug_Deluxe:315d:0	SCRIPT2	Bug_Deluxe	4	0x315d	0x53bb	Dead_Killer	0	0x2498	buy	2
script2:Bug_Deluxe:315d:1	SCRIPT2	Bug_Deluxe	4	0x315d	0x53bb	Dead_Killer	1	0x53a7	video_games	2
script2:Bug_Deluxe:31b1:0	SCRIPT2	Bug_Deluxe	4	0x31b1	0x53c7	Fatal_Butcher	0	0x2498	buy	2
script2:Bug_Deluxe:31b1:1	SCRIPT2	Bug_Deluxe	4	0x31b1	0x53c7	Fatal_Butcher	1	0x53a7	video_games	2
script2:Bug_Deluxe:31f7:0	SCRIPT2	Bug_Deluxe	4	0x31f7	0x53d5	Harakira	0	0x2498	buy	2
script2:Bug_Deluxe:31f7:1	SCRIPT2	Bug_Deluxe	4	0x31f7	0x53d5	Harakira	1	0x53a7	video_games	2
script2:Bug_Deluxe:324b:0	SCRIPT2	Bug_Deluxe	4	0x324b	0x53de	Commander_Blood	0	0x2498	buy	1
script2:Bug_Deluxe:324b:1	SCRIPT2	Bug_Deluxe	4	0x324b	0x53de	Commander_Blood	1	0x53a7	video_games	1
script2:Bug_Deluxe:327d:0	SCRIPT2	Bug_Deluxe	4	0x327d	0x53ee	Streetofkarnage	0	0x2498	buy	2
script2:Bug_Deluxe:327d:1	SCRIPT2	Bug_Deluxe	4	0x327d	0x53ee	Streetofkarnage	1	0x53a7	video_games	2
script2:Bug_Deluxe:32d5:0	SCRIPT2	Bug_Deluxe	4	0x32d5	0x53fe	Eat_my_liver	0	0x2498	buy	2
script2:Bug_Deluxe:32d5:1	SCRIPT2	Bug_Deluxe	4	0x32d5	0x53fe	Eat_my_liver	1	0x53a7	video_games	2
script2:Bug_Deluxe:3339:0	SCRIPT2	Bug_Deluxe	4	0x3339	0x4df7	hifi	0	0x3bc6	department	1
script2:Bug_Deluxe:3339:1	SCRIPT2	Bug_Deluxe	4	0x3339	0x4df7	hifi	1	0x5534	multimedia	1
script2:Bug_Deluxe:3339:2	SCRIPT2	Bug_Deluxe	4	0x3339	0x4df7	hifi	2	0x553f	audio_CD	1
script2:Bug_Deluxe:3357:0	SCRIPT2	Bug_Deluxe	4	0x3357	0x5534	multimedia	0	0x2498	buy	2
script2:Bug_Deluxe:3357:1	SCRIPT2	Bug_Deluxe	4	0x3357	0x5534	multimedia	1	0x4df7	hifi	2
script2:Bug_Deluxe:3399:0	SCRIPT2	Bug_Deluxe	4	0x3399	0x553f	audio_CD	0	0x2498	buy	2
script2:Bug_Deluxe:3399:1	SCRIPT2	Bug_Deluxe	4	0x3399	0x553f	audio_CD	1	0x4df7	hifi	2
script2:Yoko:33f1:0	SCRIPT2	Yoko	5	0x33f1	0x0006	hello	0	0x0b4e	bye_bye	5
script2:Yoko:33f1:1	SCRIPT2	Yoko	5	0x33f1	0x0006	hello	1	0x0001	talk	5
script2:Yoko:33f1:2	SCRIPT2	Yoko	5	0x33f1	0x0006	hello	2	0x557e	say_nothing	5
script2:Yoko:3485:0	SCRIPT2	Yoko	5	0x3485	0x0001	talk	0	0x0b4e	bye_bye	1
script2:Yoko:3485:1	SCRIPT2	Yoko	5	0x3485	0x0001	talk	1	0x55c9	race	1
script2:Yoko:3485:2	SCRIPT2	Yoko	5	0x3485	0x0001	talk	2	0x55ce	art	1
script2:Yoko:3485:3	SCRIPT2	Yoko	5	0x3485	0x0001	talk	3	0x55d2	politics	1
script2:Yoko:3485:4	SCRIPT2	Yoko	5	0x3485	0x0001	talk	4	0x4954	reproduction	1
script2:Yoko:3485:5	SCRIPT2	Yoko	5	0x3485	0x0001	talk	5	0x4aba	science	1
script2:Yoko:34af:0	SCRIPT2	Yoko	5	0x34af	0x55c9	race	0	0x0b4e	bye_bye	4
script2:Yoko:34af:1	SCRIPT2	Yoko	5	0x34af	0x55c9	race	1	0x0001	talk	4
script2:Yoko:34af:2	SCRIPT2	Yoko	5	0x34af	0x55c9	race	2	0x1843	Izwal	4
script2:Yoko:34af:3	SCRIPT2	Yoko	5	0x34af	0x55c9	race	3	0x0a4a	Slimers	4
script2:Yoko:34af:4	SCRIPT2	Yoko	5	0x34af	0x55c9	race	4	0x0f3e	Croolis	4
script2:Yoko:34af:5	SCRIPT2	Yoko	5	0x34af	0x55c9	race	5	0x4f5c	Tromp	4
script2:Yoko:34af:6	SCRIPT2	Yoko	5	0x34af	0x55c9	race	6	0x55db	Migrax	4
script2:Yoko:34af:7	SCRIPT2	Yoko	5	0x34af	0x55c9	race	7	0x55e2	ondoyant	4
script2:Yoko:34af:8	SCRIPT2	Yoko	5	0x34af	0x55c9	race	8	0x55eb	Tubular_brain	4
script2:Yoko:3539:0	SCRIPT2	Yoko	5	0x3539	0x1843	Izwal	0	0x0b4e	bye_bye	22
script2:Yoko:3539:1	SCRIPT2	Yoko	5	0x3539	0x1843	Izwal	1	0x0001	talk	22
script2:Yoko:3539:2	SCRIPT2	Yoko	5	0x3539	0x1843	Izwal	2	0x55c9	race	22
script2:Yoko:3539:3	SCRIPT2	Yoko	5	0x3539	0x1843	Izwal	3	0x5614	peace	22
script2:Yoko:3539:4	SCRIPT2	Yoko	5	0x3539	0x1843	Izwal	4	0x0a3f	Yoko	22
script2:Yoko:3539:5	SCRIPT2	Yoko	5	0x3539	0x1843	Izwal	5	0x11b3	Maxxon	22
script2:Yoko:3539:6	SCRIPT2	Yoko	5	0x3539	0x1843	Izwal	6	0x0a8f	planet	22
script2:Yoko:3539:7	SCRIPT2	Yoko	5	0x3539	0x1843	Izwal	7	0x55b8	listen	22
script2:Yoko:3539:8	SCRIPT2	Yoko	5	0x3539	0x1843	Izwal	8	0x0437	like	22
script2:Yoko:3779:0	SCRIPT2	Yoko	5	0x3779	0x0f3e	Croolis	0	0x0b4e	bye_bye	7
script2:Yoko:3779:1	SCRIPT2	Yoko	5	0x3779	0x0f3e	Croolis	1	0x0001	talk	7
script2:Yoko:3779:2	SCRIPT2	Yoko	5	0x3779	0x0f3e	Croolis	2	0x55c9	race	7
script2:Yoko:3779:3	SCRIPT2	Yoko	5	0x3779	0x0f3e	Croolis	3	0x110f	war	7
script2:Yoko:3779:4	SCRIPT2	Yoko	5	0x3779	0x0f3e	Croolis	4	0x5651	news	7
script2:Yoko:3779:5	SCRIPT2	Yoko	5	0x3779	0x0f3e	Croolis	5	0x080a	brain	7
script2:Yoko:3779:6	SCRIPT2	Yoko	5	0x3779	0x0f3e	Croolis	6	0x3f39	fear	7
script2:Yoko:3882:0	SCRIPT2	Yoko	5	0x3882	0x4f5c	Tromp	0	0x0b4e	bye_bye	3
script2:Yoko:3882:1	SCRIPT2	Yoko	5	0x3882	0x4f5c	Tromp	1	0x0001	talk	3
script2:Yoko:3882:2	SCRIPT2	Yoko	5	0x3882	0x4f5c	Tromp	2	0x55c9	race	3
script2:Yoko:3882:3	SCRIPT2	Yoko	5	0x3882	0x4f5c	Tromp	3	0x12b1	know	3
script2:Yoko:3882:4	SCRIPT2	Yoko	5	0x3882	0x4f5c	Tromp	4	0x081f	trunk	3
script2:Yoko:38e0:0	SCRIPT2	Yoko	5	0x38e0	0x55db	Migrax	0	0x0b4e	bye_bye	4
script2:Yoko:38e0:1	SCRIPT2	Yoko	5	0x38e0	0x55db	Migrax	1	0x0001	talk	4
script2:Yoko:38e0:2	SCRIPT2	Yoko	5	0x38e0	0x55db	Migrax	2	0x55c9	race	4
script2:Yoko:38e0:3	SCRIPT2	Yoko	5	0x38e0	0x55db	Migrax	3	0x080a	brain	4
script2:Yoko:38e0:4	SCRIPT2	Yoko	5	0x38e0	0x55db	Migrax	4	0x1831	money	4
script2:Yoko:3954:0	SCRIPT2	Yoko	5	0x3954	0x55e2	ondoyant	0	0x0b4e	bye_bye	6
script2:Yoko:3954:1	SCRIPT2	Yoko	5	0x3954	0x55e2	ondoyant	1	0x0001	talk	6
script2:Yoko:3954:2	SCRIPT2	Yoko	5	0x3954	0x55e2	ondoyant	2	0x55c9	race	6
script2:Yoko:3954:3	SCRIPT2	Yoko	5	0x3954	0x55e2	ondoyant	3	0x56b6	emotion	6
script2:Yoko:3954:4	SCRIPT2	Yoko	5	0x3954	0x55e2	ondoyant	4	0x5651	news	6
script2:Yoko:3954:5	SCRIPT2	Yoko	5	0x3954	0x55e2	ondoyant	5	0x0988	feeling	6
script2:Yoko:3a14:0	SCRIPT2	Yoko	5	0x3a14	0x55eb	Tubular_brain	0	0x0b4e	bye_bye	3
script2:Yoko:3a14:1	SCRIPT2	Yoko	5	0x3a14	0x55eb	Tubular_brain	1	0x0001	talk	3
script2:Yoko:3a14:2	SCRIPT2	Yoko	5	0x3a14	0x55eb	Tubular_brain	2	0x5651	news	3
script2:Yoko:3a60:0	SCRIPT2	Yoko	5	0x3a60	0x0a4a	Slimers	0	0x0b4e	bye_bye	7
script2:Yoko:3a60:1	SCRIPT2	Yoko	5	0x3a60	0x0a4a	Slimers	1	0x0001	talk	7
script2:Yoko:3a60:2	SCRIPT2	Yoko	5	0x3a60	0x0a4a	Slimers	2	0x0a52	information	7
script2:Yoko:3b5b:0	SCRIPT2	Yoko	5	0x3b5b	0x55ce	art	0	0x0b4e	bye_bye	7
script2:Yoko:3b5b:1	SCRIPT2	Yoko	5	0x3b5b	0x55ce	art	1	0x0001	talk	7
script2:Yoko:3b5b:2	SCRIPT2	Yoko	5	0x3b5b	0x55ce	art	2	0x0fac	music	7
script2:Yoko:3b5b:3	SCRIPT2	Yoko	5	0x3b5b	0x55ce	art	3	0x571d	painting	7
script2:Yoko:3b5b:4	SCRIPT2	Yoko	5	0x3b5b	0x55ce	art	4	0x4954	reproduction	7
script2:Yoko:3b5b:5	SCRIPT2	Yoko	5	0x3b5b	0x55ce	art	5	0x5746	book	7
script2:Yoko:3c33:0	SCRIPT2	Yoko	5	0x3c33	0x55d2	politics	0	0x0b4e	bye_bye	7
script2:Yoko:3c33:1	SCRIPT2	Yoko	5	0x3c33	0x55d2	politics	1	0x0001	talk	7
script2:Yoko:3c33:2	SCRIPT2	Yoko	5	0x3c33	0x55d2	politics	2	0x5614	peace	7
script2:Yoko:3c33:3	SCRIPT2	Yoko	5	0x3c33	0x55d2	politics	3	0x110f	war	7
script2:Yoko:3c33:4	SCRIPT2	Yoko	5	0x3c33	0x55d2	politics	4	0x3481	weapon	7
script2:Yoko:3cff:0	SCRIPT2	Yoko	5	0x3cff	0x5614	peace	0	0x0b4e	bye_bye	4
script2:Yoko:3cff:1	SCRIPT2	Yoko	5	0x3cff	0x5614	peace	1	0x0001	talk	4
script2:Yoko:3cff:2	SCRIPT2	Yoko	5	0x3cff	0x5614	peace	2	0x11dd	family	4
script2:Yoko:3d85:0	SCRIPT2	Yoko	5	0x3d85	0x110f	war	0	0x0b4e	bye_bye	5
script2:Yoko:3d85:1	SCRIPT2	Yoko	5	0x3d85	0x110f	war	1	0x0001	talk	5
script2:Yoko:3d85:2	SCRIPT2	Yoko	5	0x3d85	0x110f	war	2	0x5614	peace	5
script2:Yoko:3d85:3	SCRIPT2	Yoko	5	0x3d85	0x110f	war	3	0x57e7	slave	5
script2:Yoko:3d85:4	SCRIPT2	Yoko	5	0x3d85	0x110f	war	4	0x1687	power	5
script2:Yoko:3e17:0	SCRIPT2	Yoko	5	0x3e17	0x4954	reproduction	0	0x0b4e	bye_bye	11
script2:Yoko:3e17:1	SCRIPT2	Yoko	5	0x3e17	0x4954	reproduction	1	0x0001	talk	11
script2:Yoko:3e17:2	SCRIPT2	Yoko	5	0x3e17	0x4954	reproduction	2	0x566e	laugh	11
script2:Yoko:3e17:3	SCRIPT2	Yoko	5	0x3e17	0x4954	reproduction	3	0x2a9c	idea	11
script2:Yoko:3e17:4	SCRIPT2	Yoko	5	0x3e17	0x4954	reproduction	4	0x241e	female	11
script2:Yoko:3f59:0	SCRIPT2	Yoko	5	0x3f59	0x4aba	science	0	0x0b4e	bye_bye	8
script2:Yoko:3f59:1	SCRIPT2	Yoko	5	0x3f59	0x4aba	science	1	0x0001	talk	8
script2:Yoko:3f59:2	SCRIPT2	Yoko	5	0x3f59	0x4aba	science	2	0x3481	weapon	8
script2:Bronko:4038:0	SCRIPT2	Bronko	6	0x4038	0x0001	talk	0	0x0b4e	bye_bye	0
script2:Bronko:4038:1	SCRIPT2	Bronko	6	0x4038	0x0001	talk	1	0x00be	robot	0
script2:Bronko:4038:2	SCRIPT2	Bronko	6	0x4038	0x0001	talk	2	0x274e	cred	0
script2:Bronko:4038:3	SCRIPT2	Bronko	6	0x4038	0x0001	talk	3	0x28ac	murffalos	0
script2:Bronko:4038:4	SCRIPT2	Bronko	6	0x4038	0x0001	talk	4	0x19a6	weapons	0
script2:Bronko:404a:0	SCRIPT2	Bronko	6	0x404a	0x00be	robot	0	0x0001	talk	13
script2:Bronko:404a:1	SCRIPT2	Bronko	6	0x404a	0x00be	robot	1	0x0b4e	bye_bye	13
script2:Bronko:404a:2	SCRIPT2	Bronko	6	0x404a	0x00be	robot	2	0x00be	robot	13
script2:Bronko:404a:3	SCRIPT2	Bronko	6	0x404a	0x00be	robot	3	0x587e	intelligence	13
script2:Bronko:404a:4	SCRIPT2	Bronko	6	0x404a	0x00be	robot	4	0x0399	energy	13
script2:Bronko:404a:5	SCRIPT2	Bronko	6	0x404a	0x00be	robot	5	0x3591	technology	13
script2:Bronko:404a:6	SCRIPT2	Bronko	6	0x404a	0x00be	robot	6	0x588b	retirement	13
script2:Bronko:41f6:0	SCRIPT2	Bronko	6	0x41f6	0x274e	cred	0	0x0001	talk	7
script2:Bronko:41f6:1	SCRIPT2	Bronko	6	0x41f6	0x274e	cred	1	0x0b4e	bye_bye	7
script2:Bronko:41f6:2	SCRIPT2	Bronko	6	0x41f6	0x274e	cred	2	0x274e	cred	7
script2:Bronko:41f6:3	SCRIPT2	Bronko	6	0x41f6	0x274e	cred	3	0x2498	buy	7
script2:Bronko:42e2:0	SCRIPT2	Bronko	6	0x42e2	0x28ac	murffalos	0	0x0001	talk	5
script2:Bronko:42e2:1	SCRIPT2	Bronko	6	0x42e2	0x28ac	murffalos	1	0x0b4e	bye_bye	5
script2:Bronko:42e2:2	SCRIPT2	Bronko	6	0x42e2	0x28ac	murffalos	2	0x5934	hunt	5
script2:Bronko:439c:0	SCRIPT2	Bronko	6	0x439c	0x19a6	weapons	0	0x0001	talk	4
script2:Bronko:439c:1	SCRIPT2	Bronko	6	0x439c	0x19a6	weapons	1	0x0b4e	bye_bye	4
script2:Bronko:439c:2	SCRIPT2	Bronko	6	0x439c	0x19a6	weapons	2	0x3956	planets	4
script2:Bronko:439c:3	SCRIPT2	Bronko	6	0x439c	0x19a6	weapons	3	0x110f	war	4
script2:Bronko:442c:0	SCRIPT2	Bronko	6	0x442c	0x588b	retirement	0	0x0001	talk	1
script2:Bronko:442c:1	SCRIPT2	Bronko	6	0x442c	0x588b	retirement	1	0x0b4e	bye_bye	1
script2:Bob_Morlock:4470:0	SCRIPT2	Bob_Morlock	7	0x4470	0x0001	talk	0	0x0b4e	bye_bye	30
script2:Bob_Morlock:4470:1	SCRIPT2	Bob_Morlock	7	0x4470	0x0001	talk	1	0x598e	black_hole	30
script2:Bob_Morlock:4470:2	SCRIPT2	Bob_Morlock	7	0x4470	0x0001	talk	2	0x463e	Big_Bang	30
script2:Bob_Morlock:4470:3	SCRIPT2	Bob_Morlock	7	0x4470	0x0001	talk	3	0x462f	Bob_Morlock	30
script2:Bob_Morlock:4470:4	SCRIPT2	Bob_Morlock	7	0x4470	0x0001	talk	4	0x5999	Kanary	30
script2:Bob_Morlock:4470:5	SCRIPT2	Bob_Morlock	7	0x4470	0x0001	talk	5	0x2586	mission	30
script2:Bob_Morlock:4470:6	SCRIPT2	Bob_Morlock	7	0x4470	0x0001	talk	6	0x0cb9	Corpo	30
script2:Bob_Morlock:4470:7	SCRIPT2	Bob_Morlock	7	0x4470	0x0001	talk	7	0x59a0	Good_ol_Bob	30
script2:Bob_Morlock:4919:0	SCRIPT2	Bob_Morlock	7	0x4919	0x5999	Kanary	0	0x0001	talk	23
script2:Bob_Morlock:4919:1	SCRIPT2	Bob_Morlock	7	0x4919	0x5999	Kanary	1	0x0b4e	bye_bye	23
script2:Bob_Morlock:4919:2	SCRIPT2	Bob_Morlock	7	0x4919	0x5999	Kanary	2	0x5b1d	cottage	23
script2:Bob_Morlock:4919:3	SCRIPT2	Bob_Morlock	7	0x4919	0x5999	Kanary	3	0x5b25	clones	23
script2:Bob_Morlock:4919:4	SCRIPT2	Bob_Morlock	7	0x4919	0x5999	Kanary	4	0x5b2c	employees	23
script2:Bob_Morlock:4919:5	SCRIPT2	Bob_Morlock	7	0x4919	0x5999	Kanary	5	0x5b36	balance_sheets	23
script2:Daddy_Gluxx:4c9b:0	SCRIPT2	Daddy_Gluxx	8	0x4c9b	0x0001	talk	0	0x0b4e	bye_bye	2
script2:Daddy_Gluxx:4c9b:1	SCRIPT2	Daddy_Gluxx	8	0x4c9b	0x0001	talk	1	0x5d30	Slim_Gelati	2
script2:Daddy_Gluxx:4c9b:2	SCRIPT2	Daddy_Gluxx	8	0x4c9b	0x0001	talk	2	0x11dd	family	2
script2:Daddy_Gluxx:4c9b:3	SCRIPT2	Daddy_Gluxx	8	0x4c9b	0x0001	talk	3	0x0a4a	Slimers	2
script2:Daddy_Gluxx:4c9b:4	SCRIPT2	Daddy_Gluxx	8	0x4c9b	0x0001	talk	4	0x5d3c	Great_Yolk	2
script2:Daddy_Gluxx:4cdf:0	SCRIPT2	Daddy_Gluxx	8	0x4cdf	0x5d30	Slim_Gelati	0	0x0b4e	bye_bye	4
script2:Daddy_Gluxx:4cdf:1	SCRIPT2	Daddy_Gluxx	8	0x4cdf	0x5d30	Slim_Gelati	1	0x0001	talk	4
script2:Daddy_Gluxx:4cdf:2	SCRIPT2	Daddy_Gluxx	8	0x4cdf	0x5d30	Slim_Gelati	2	0x5d47	treatment	4
script2:Daddy_Gluxx:4d92:0	SCRIPT2	Daddy_Gluxx	8	0x4d92	0x11dd	family	0	0x0b4e	bye_bye	5
script2:Daddy_Gluxx:4d92:1	SCRIPT2	Daddy_Gluxx	8	0x4d92	0x11dd	family	1	0x0001	talk	5
script2:Daddy_Gluxx:4d92:2	SCRIPT2	Daddy_Gluxx	8	0x4d92	0x11dd	family	2	0x35f7	children	5
script2:Daddy_Gluxx:4d92:3	SCRIPT2	Daddy_Gluxx	8	0x4d92	0x11dd	family	3	0x0ec8	village	5
script2:Daddy_Gluxx:4e7a:0	SCRIPT2	Daddy_Gluxx	8	0x4e7a	0x0a4a	Slimers	0	0x0b4e	bye_bye	5
script2:Daddy_Gluxx:4e7a:1	SCRIPT2	Daddy_Gluxx	8	0x4e7a	0x0a4a	Slimers	1	0x0001	talk	5
script2:Daddy_Gluxx:4e7a:2	SCRIPT2	Daddy_Gluxx	8	0x4e7a	0x0a4a	Slimers	2	0x5e05	origin	5
script2:Daddy_Gluxx:4f56:0	SCRIPT2	Daddy_Gluxx	8	0x4f56	0x5d3c	Great_Yolk	0	0x0b4e	bye_bye	5
script2:Daddy_Gluxx:4f56:1	SCRIPT2	Daddy_Gluxx	8	0x4f56	0x5d3c	Great_Yolk	1	0x0001	talk	5
script2:Daddy_Gluxx:4f56:2	SCRIPT2	Daddy_Gluxx	8	0x4f56	0x5d3c	Great_Yolk	2	0x30b0	history	5
script2:Scruter_Mac:5021:0	SCRIPT2	Scruter_Mac	9	0x5021	0x0001	talk	0	0x0b4e	bye_bye	1
script2:Scruter_Mac:5021:1	SCRIPT2	Scruter_Mac	9	0x5021	0x0001	talk	1	0x5eda	Scruter_Mac	1
script2:Scruter_Mac:5021:2	SCRIPT2	Scruter_Mac	9	0x5021	0x0001	talk	2	0x00b8	SCRUT	1
script2:Scruter_Mac:5021:3	SCRIPT2	Scruter_Mac	9	0x5021	0x0001	talk	3	0x4d97	prison	1
script2:Scruter_Mac:5021:4	SCRIPT2	Scruter_Mac	9	0x5021	0x0001	talk	4	0x0abc	Mastachok	1
script2:Scruter_Mac:5021:5	SCRIPT2	Scruter_Mac	9	0x5021	0x0001	talk	5	0x4072	presents	1
script2:Scruter_Mac:5053:0	SCRIPT2	Scruter_Mac	9	0x5053	0x5eda	Scruter_Mac	0	0x0001	talk	3
script2:Scruter_Mac:5053:1	SCRIPT2	Scruter_Mac	9	0x5053	0x5eda	Scruter_Mac	1	0x0b4e	bye_bye	3
script2:Scruter_Mac:5053:2	SCRIPT2	Scruter_Mac	9	0x5053	0x5eda	Scruter_Mac	2	0x00be	robot	3
script2:Scruter_Mac:50f3:0	SCRIPT2	Scruter_Mac	9	0x50f3	0x00b8	SCRUT	0	0x0001	talk	11
script2:Scruter_Mac:50f3:1	SCRIPT2	Scruter_Mac	9	0x50f3	0x00b8	SCRUT	1	0x0b4e	bye_bye	11
script2:Scruter_Mac:50f3:2	SCRIPT2	Scruter_Mac	9	0x50f3	0x00b8	SCRUT	2	0x3cd9	order	11
script2:Scruter_Mac:50f3:3	SCRIPT2	Scruter_Mac	9	0x50f3	0x00b8	SCRUT	3	0x499d	chief	11
script2:Scruter_Mac:50f3:4	SCRIPT2	Scruter_Mac	9	0x50f3	0x00b8	SCRUT	4	0x110f	war	11
script2:Scruter_Mac:50f3:5	SCRIPT2	Scruter_Mac	9	0x50f3	0x00b8	SCRUT	5	0x00a7	happy	11
script2:Scruter_Mac:524d:0	SCRIPT2	Scruter_Mac	9	0x524d	0x4d97	prison	0	0x0001	talk	10
script2:Scruter_Mac:524d:1	SCRIPT2	Scruter_Mac	9	0x524d	0x4d97	prison	1	0x0b4e	bye_bye	10
script2:Scruter_Mac:524d:2	SCRIPT2	Scruter_Mac	9	0x524d	0x4d97	prison	2	0x4bd0	eviscerator	10
script2:Scruter_Mac:524d:3	SCRIPT2	Scruter_Mac	9	0x524d	0x4d97	prison	3	0x0f3e	Croolis	10
script2:Scruter_Mac:53e7:0	SCRIPT2	Scruter_Mac	9	0x53e7	0x0abc	Mastachok	0	0x0001	talk	8
script2:Scruter_Mac:53e7:1	SCRIPT2	Scruter_Mac	9	0x53e7	0x0abc	Mastachok	1	0x0b4e	bye_bye	8
script2:Scruter_Mac:53e7:2	SCRIPT2	Scruter_Mac	9	0x53e7	0x0abc	Mastachok	2	0x0a8f	planet	8
script2:Scruter_Mac:53e7:3	SCRIPT2	Scruter_Mac	9	0x53e7	0x0abc	Mastachok	3	0x0a3a	life	8
script2:Scruter_Mac:5547:0	SCRIPT2	Scruter_Mac	9	0x5547	0x4072	presents	0	0x0001	talk	6
script2:Scruter_Mac:5547:1	SCRIPT2	Scruter_Mac	9	0x5547	0x4072	presents	1	0x0b4e	bye_bye	6
script2:Scruter_Mac:5547:2	SCRIPT2	Scruter_Mac	9	0x5547	0x4072	presents	2	0x6012	friendship	6
script2:Scruter_Mac:5547:3	SCRIPT2	Scruter_Mac	9	0x5547	0x4072	presents	3	0x0437	like	6
script2:Scruter_Mac:5651:0	SCRIPT2	Scruter_Mac	9	0x5651	0x0437	like	0	0x0b4e	bye_bye	4
script2:Scruter_Mac:5651:1	SCRIPT2	Scruter_Mac	9	0x5651	0x0437	like	1	0x0001	talk	4
script2:Scruter_Mac:5651:2	SCRIPT2	Scruter_Mac	9	0x5651	0x0437	like	2	0x1566	food	4
script2:Scruter_Mac:5651:3	SCRIPT2	Scruter_Mac	9	0x5651	0x0437	like	3	0x3619	beauty	4
script2:Scruter_Mac:5651:4	SCRIPT2	Scruter_Mac	9	0x5651	0x0437	like	4	0x6054	perfumes	4
script2:Scruter_Mac:5713:0	SCRIPT2	Scruter_Mac	9	0x5713	0x00a7	happy	0	0x0b4e	bye_bye	6
script2:Scruter_Mac:5713:1	SCRIPT2	Scruter_Mac	9	0x5713	0x00a7	happy	1	0x0001	talk	6
script2:Scruter_Mac:5713:2	SCRIPT2	Scruter_Mac	9	0x5713	0x00a7	happy	2	0x606d	beach	6
script2:Scruter_Mac:5713:3	SCRIPT2	Scruter_Mac	9	0x5713	0x00a7	happy	3	0x6073	party	6
script2:Scruter_Mac:5713:4	SCRIPT2	Scruter_Mac	9	0x5713	0x00a7	happy	4	0x6079	ballroom	6
script2:Scruter_Mac:57e5:0	SCRIPT2	Scruter_Mac	9	0x57e5	0x330a	boude	0	0x60a5	grmmph	3
script2:Scruter_Mac:57e5:1	SCRIPT2	Scruter_Mac	9	0x57e5	0x330a	boude	1	0x0b4e	bye_bye	3
script3:Beauregard:0002:0	SCRIPT3	Beauregard	0	0x0002	0x2802	ill	0	0x1fbb	bye_bye	11
script3:Beauregard:0002:1	SCRIPT3	Beauregard	0	0x0002	0x2802	ill	1	0x0d17	listen	11
script3:Beauregard:0002:2	SCRIPT3	Beauregard	0	0x0002	0x2802	ill	2	0x38f3	insist	11
script3:Beauregard:0002:3	SCRIPT3	Beauregard	0	0x0002	0x2802	ill	3	0x38fa	treat	11
script3:Beauregard:0165:0	SCRIPT3	Beauregard	0	0x0165	0x2829	talk1	0	0x399c	patagos	11
script3:Beauregard:0165:1	SCRIPT3	Beauregard	0	0x0165	0x2829	talk1	1	0x39a4	betakam	11
script3:Beauregard:0165:2	SCRIPT3	Beauregard	0	0x0165	0x2829	talk1	2	0x260d	treasure	11
script3:Beauregard:0165:3	SCRIPT3	Beauregard	0	0x0165	0x2829	talk1	3	0x1db1	Gladis	11
script3:Honk:0360:0	SCRIPT3	Honk	1	0x0360	0x0001	talk	0	0x1fbb	bye_bye	2
script3:Honk:0360:1	SCRIPT3	Honk	1	0x0360	0x0001	talk	1	0x02a0	help	2
script3:Honk:0360:2	SCRIPT3	Honk	1	0x0360	0x0001	talk	2	0x04a2	message	2
script3:Izwalito:0397:0	SCRIPT3	Izwalito	2	0x0397	0x0001	talk	0	0x0006	hello	2
script3:Izwalito:0397:1	SCRIPT3	Izwalito	2	0x0397	0x0001	talk	1	0x0001	talk	2
script3:Izwalito:03c9:0	SCRIPT3	Izwalito	2	0x03c9	0x0001	talk	0	0x1fbb	bye_bye	1
script3:Izwalito:03c9:1	SCRIPT3	Izwalito	2	0x03c9	0x0001	talk	1	0x1602	izwal	1
script3:Izwalito:03c9:2	SCRIPT3	Izwalito	2	0x03c9	0x0001	talk	2	0x0e7b	food	1
script3:Izwalito:03c9:3	SCRIPT3	Izwalito	2	0x03c9	0x0001	talk	3	0x059d	planet	1
script3:Izwalito:03c9:4	SCRIPT3	Izwalito	2	0x03c9	0x0001	talk	4	0x14c2	reproduction	1
script3:Izwalito:03f3:0	SCRIPT3	Izwalito	2	0x03f3	0x1602	izwal	0	0x0001	talk	15
script3:Izwalito:03f3:1	SCRIPT3	Izwalito	2	0x03f3	0x1602	izwal	1	0x1fbb	bye_bye	15
script3:Izwalito:03f3:2	SCRIPT3	Izwalito	2	0x03f3	0x1602	izwal	2	0x3ae3	society	15
script3:Izwalito:03f3:3	SCRIPT3	Izwalito	2	0x03f3	0x1602	izwal	3	0x3aeb	ideal	15
script3:Izwalito:03f3:4	SCRIPT3	Izwalito	2	0x03f3	0x1602	izwal	4	0x3af1	happiness	15
script3:Izwalito:05f6:0	SCRIPT3	Izwalito	2	0x05f6	0x3ba9	knowledge	0	0x0001	talk	6
script3:Izwalito:05f6:1	SCRIPT3	Izwalito	2	0x05f6	0x3ba9	knowledge	1	0x1fbb	bye_bye	6
script3:Izwalito:05f6:2	SCRIPT3	Izwalito	2	0x05f6	0x3ba9	knowledge	2	0x1862	rondo	6
script3:Izwalito:05f6:3	SCRIPT3	Izwalito	2	0x05f6	0x3ba9	knowledge	3	0x3bb3	truth	6
script3:Izwalito:069f:0	SCRIPT3	Izwalito	2	0x069f	0x0e7b	food	0	0x0001	talk	8
script3:Izwalito:069f:1	SCRIPT3	Izwalito	2	0x069f	0x0e7b	food	1	0x1fbb	bye_bye	8
script3:Izwalito:069f:2	SCRIPT3	Izwalito	2	0x069f	0x0e7b	food	2	0x16f9	murffalos	8
script3:Izwalito:069f:3	SCRIPT3	Izwalito	2	0x069f	0x0e7b	food	3	0x3bd0	grass	8
script3:Izwalito:079f:0	SCRIPT3	Izwalito	2	0x079f	0x14c2	reproduction	0	0x0001	talk	7
script3:Izwalito:079f:1	SCRIPT3	Izwalito	2	0x079f	0x14c2	reproduction	1	0x1fbb	bye_bye	7
script3:Izwalito:079f:2	SCRIPT3	Izwalito	2	0x079f	0x14c2	reproduction	2	0x0167	love	7
script3:Izwalito:079f:3	SCRIPT3	Izwalito	2	0x079f	0x14c2	reproduction	3	0x3c03	female	7
script3:Izwalito:079f:4	SCRIPT3	Izwalito	2	0x079f	0x14c2	reproduction	4	0x16f9	murffalos	7
script3:Izwalito:0873:0	SCRIPT3	Izwalito	2	0x0873	0x059d	planet	0	0x0001	talk	8
script3:Izwalito:0873:1	SCRIPT3	Izwalito	2	0x0873	0x059d	planet	1	0x1fbb	bye_bye	8
script3:Izwalito:0873:2	SCRIPT3	Izwalito	2	0x0873	0x059d	planet	2	0x3c2c	ecology	8
script3:Izwalito:0873:3	SCRIPT3	Izwalito	2	0x0873	0x059d	planet	3	0x3c34	stars	8
script3:Morning_Oil:0979:0	SCRIPT3	Morning_Oil	3	0x0979	0x0001	talk	0	0x0006	hello	4
script3:Morning_Oil:0979:1	SCRIPT3	Morning_Oil	3	0x0979	0x0001	talk	1	0x3c98	say_nothing	4
script3:Morning_Oil:0979:2	SCRIPT3	Morning_Oil	3	0x0979	0x0001	talk	2	0x3ca4	laugh	4
script3:Morning_Oil:0979:3	SCRIPT3	Morning_Oil	3	0x0979	0x0001	talk	3	0x1fbb	bye_bye	4
script3:Morning_Oil:09d5:0	SCRIPT3	Morning_Oil	3	0x09d5	0x17e8	history	0	0x1fbb	bye_bye	0
script3:Morning_Oil:09d5:1	SCRIPT3	Morning_Oil	3	0x09d5	0x17e8	history	1	0x3cb3	war	0
script3:Morning_Oil:09d5:2	SCRIPT3	Morning_Oil	3	0x09d5	0x17e8	history	2	0x1608	croolis	0
script3:Morning_Oil:09d5:3	SCRIPT3	Morning_Oil	3	0x09d5	0x17e8	history	3	0x260d	treasure	0
script3:Morning_Oil:09d5:4	SCRIPT3	Morning_Oil	3	0x09d5	0x17e8	history	4	0x3cb7	battles	0
script3:Morning_Oil:09d5:5	SCRIPT3	Morning_Oil	3	0x09d5	0x17e8	history	5	0x1763	mastachok	0
script3:Morning_Oil:09e9:0	SCRIPT3	Morning_Oil	3	0x09e9	0x3cb3	war	0	0x1fbb	bye_bye	7
script3:Morning_Oil:09e9:1	SCRIPT3	Morning_Oil	3	0x09e9	0x3cb3	war	1	0x0600	match	7
script3:Morning_Oil:0b27:0	SCRIPT3	Morning_Oil	3	0x0b27	0x1608	croolis	0	0x1fbb	bye_bye	12
script3:Morning_Oil:0b27:1	SCRIPT3	Morning_Oil	3	0x0b27	0x1608	croolis	1	0x17e8	history	12
script3:Morning_Oil:0b27:2	SCRIPT3	Morning_Oil	3	0x0b27	0x1608	croolis	2	0x3d6b	terror	12
script3:Morning_Oil:0b27:3	SCRIPT3	Morning_Oil	3	0x0b27	0x1608	croolis	3	0x14f6	eviscerator	12
script3:Morning_Oil:0b27:4	SCRIPT3	Morning_Oil	3	0x0b27	0x1608	croolis	4	0x14ea	emasculator	12
script3:Morning_Oil:0caa:0	SCRIPT3	Morning_Oil	3	0x0caa	0x260d	treasure	0	0x1fbb	bye_bye	9
script3:Morning_Oil:0caa:1	SCRIPT3	Morning_Oil	3	0x0caa	0x260d	treasure	1	0x17e8	history	9
script3:Morning_Oil:0caa:2	SCRIPT3	Morning_Oil	3	0x0caa	0x260d	treasure	2	0x3e5c	hiding_place	9
script3:Morning_Oil:0e1b:0	SCRIPT3	Morning_Oil	3	0x0e1b	0x1763	mastachok	0	0x1fbb	bye_bye	3
script3:Morning_Oil:0e1b:1	SCRIPT3	Morning_Oil	3	0x0e1b	0x1763	mastachok	1	0x17e8	history	3
script3:Morning_Oil:0e1b:2	SCRIPT3	Morning_Oil	3	0x0e1b	0x1763	mastachok	2	0x3ec3	information	3
script3:Bug_Deluxe:0e9e:0	SCRIPT3	Bug_Deluxe	4	0x0e9e	0x3072	department	0	0x29b7	beauty	1
script3:Bug_Deluxe:0e9e:1	SCRIPT3	Bug_Deluxe	4	0x0e9e	0x3072	department	1	0x0e7b	food	1
script3:Bug_Deluxe:0e9e:2	SCRIPT3	Bug_Deluxe	4	0x0e9e	0x3072	department	2	0x3fb5	sport	1
script3:Bug_Deluxe:0e9e:3	SCRIPT3	Bug_Deluxe	4	0x0e9e	0x3072	department	3	0x3fbb	handywork	1
script3:Bug_Deluxe:0e9e:4	SCRIPT3	Bug_Deluxe	4	0x0e9e	0x3072	department	4	0x3fc5	pharmacy	1
script3:Bug_Deluxe:0e9e:5	SCRIPT3	Bug_Deluxe	4	0x0e9e	0x3072	department	5	0x3fce	leisure	1
script3:Bug_Deluxe:0e9e:6	SCRIPT3	Bug_Deluxe	4	0x0e9e	0x3072	department	6	0x3fd6	hifi	1
script3:Bug_Deluxe:0ec8:0	SCRIPT3	Bug_Deluxe	4	0x0ec8	0x29b7	beauty	0	0x3072	department	1
script3:Bug_Deluxe:0ec8:1	SCRIPT3	Bug_Deluxe	4	0x0ec8	0x29b7	beauty	1	0x26dd	perfume	1
script3:Bug_Deluxe:0ec8:2	SCRIPT3	Bug_Deluxe	4	0x0ec8	0x29b7	beauty	2	0x3fe4	tie	1
script3:Bug_Deluxe:0ec8:3	SCRIPT3	Bug_Deluxe	4	0x0ec8	0x29b7	beauty	3	0x3fe8	jewel	1
script3:Bug_Deluxe:0ee4:0	SCRIPT3	Bug_Deluxe	4	0x0ee4	0x26dd	perfume	0	0x29b7	beauty	1
script3:Bug_Deluxe:0ee4:1	SCRIPT3	Bug_Deluxe	4	0x0ee4	0x26dd	perfume	1	0x3ff5	eden	1
script3:Bug_Deluxe:0ee4:2	SCRIPT3	Bug_Deluxe	4	0x0ee4	0x26dd	perfume	2	0x3ffa	dune	1
script3:Bug_Deluxe:0ee4:3	SCRIPT3	Bug_Deluxe	4	0x0ee4	0x26dd	perfume	3	0x4000	kroolence	1
script3:Bug_Deluxe:0ee4:4	SCRIPT3	Bug_Deluxe	4	0x0ee4	0x26dd	perfume	4	0x400a	motoroil	1
script3:Bug_Deluxe:0ee4:5	SCRIPT3	Bug_Deluxe	4	0x0ee4	0x26dd	perfume	5	0x4013	turbulence	1
script3:Bug_Deluxe:0f06:0	SCRIPT3	Bug_Deluxe	4	0x0f06	0x3ff5	eden	0	0x3072	department	2
script3:Bug_Deluxe:0f06:1	SCRIPT3	Bug_Deluxe	4	0x0f06	0x3ff5	eden	1	0x3009	buy	2
script3:Bug_Deluxe:0f06:2	SCRIPT3	Bug_Deluxe	4	0x0f06	0x3ff5	eden	2	0x26dd	perfume	2
script3:Bug_Deluxe:0f6b:0	SCRIPT3	Bug_Deluxe	4	0x0f6b	0x3ffa	dune	0	0x3072	department	2
script3:Bug_Deluxe:0f6b:1	SCRIPT3	Bug_Deluxe	4	0x0f6b	0x3ffa	dune	1	0x3009	buy	2
script3:Bug_Deluxe:0f6b:2	SCRIPT3	Bug_Deluxe	4	0x0f6b	0x3ffa	dune	2	0x26dd	perfume	2
script3:Bug_Deluxe:0fca:0	SCRIPT3	Bug_Deluxe	4	0x0fca	0x4000	kroolence	0	0x3072	department	2
script3:Bug_Deluxe:0fca:1	SCRIPT3	Bug_Deluxe	4	0x0fca	0x4000	kroolence	1	0x3009	buy	2
script3:Bug_Deluxe:0fca:2	SCRIPT3	Bug_Deluxe	4	0x0fca	0x4000	kroolence	2	0x26dd	perfume	2
script3:Bug_Deluxe:1033:0	SCRIPT3	Bug_Deluxe	4	0x1033	0x400a	motoroil	0	0x3072	department	2
script3:Bug_Deluxe:1033:1	SCRIPT3	Bug_Deluxe	4	0x1033	0x400a	motoroil	1	0x3009	buy	2
script3:Bug_Deluxe:1033:2	SCRIPT3	Bug_Deluxe	4	0x1033	0x400a	motoroil	2	0x26dd	perfume	2
script3:Bug_Deluxe:1096:0	SCRIPT3	Bug_Deluxe	4	0x1096	0x4013	turbulence	0	0x3072	department	2
script3:Bug_Deluxe:1096:1	SCRIPT3	Bug_Deluxe	4	0x1096	0x4013	turbulence	1	0x3009	buy	2
script3:Bug_Deluxe:1096:2	SCRIPT3	Bug_Deluxe	4	0x1096	0x4013	turbulence	2	0x26dd	perfume	2
script3:Bug_Deluxe:10f3:0	SCRIPT3	Bug_Deluxe	4	0x10f3	0x3fe4	tie	0	0x29b7	beauty	1
script3:Bug_Deluxe:10f3:1	SCRIPT3	Bug_Deluxe	4	0x10f3	0x3fe4	tie	1	0x0446	hide	1
script3:Bug_Deluxe:10f3:2	SCRIPT3	Bug_Deluxe	4	0x10f3	0x3fe4	tie	2	0x4110	hair	1
script3:Bug_Deluxe:10f3:3	SCRIPT3	Bug_Deluxe	4	0x10f3	0x3fe4	tie	3	0x4115	synthetic	1
script3:Bug_Deluxe:1115:0	SCRIPT3	Bug_Deluxe	4	0x1115	0x0446	hide	0	0x3072	department	2
script3:Bug_Deluxe:1115:1	SCRIPT3	Bug_Deluxe	4	0x1115	0x0446	hide	1	0x3009	buy	2
script3:Bug_Deluxe:1115:2	SCRIPT3	Bug_Deluxe	4	0x1115	0x0446	hide	2	0x3fe4	tie	2
script3:Bug_Deluxe:1178:0	SCRIPT3	Bug_Deluxe	4	0x1178	0x4110	hair	0	0x3072	department	2
script3:Bug_Deluxe:1178:1	SCRIPT3	Bug_Deluxe	4	0x1178	0x4110	hair	1	0x3009	buy	2
script3:Bug_Deluxe:1178:2	SCRIPT3	Bug_Deluxe	4	0x1178	0x4110	hair	2	0x3fe4	tie	2
script3:Bug_Deluxe:11cf:0	SCRIPT3	Bug_Deluxe	4	0x11cf	0x4115	synthetic	0	0x3072	department	2
script3:Bug_Deluxe:11cf:1	SCRIPT3	Bug_Deluxe	4	0x11cf	0x4115	synthetic	1	0x3009	buy	2
script3:Bug_Deluxe:11cf:2	SCRIPT3	Bug_Deluxe	4	0x11cf	0x4115	synthetic	2	0x3fe4	tie	2
script3:Bug_Deluxe:122a:0	SCRIPT3	Bug_Deluxe	4	0x122a	0x2230	makeup	0	0x3072	department	1
script3:Bug_Deluxe:122a:1	SCRIPT3	Bug_Deluxe	4	0x122a	0x2230	makeup	1	0x4180	lip_rouge	1
script3:Bug_Deluxe:122a:2	SCRIPT3	Bug_Deluxe	4	0x122a	0x2230	makeup	2	0x418a	cream	1
script3:Bug_Deluxe:124a:0	SCRIPT3	Bug_Deluxe	4	0x124a	0x4180	lip_rouge	0	0x3072	department	0
script3:Bug_Deluxe:124a:1	SCRIPT3	Bug_Deluxe	4	0x124a	0x4180	lip_rouge	1	0x29b7	beauty	0
script3:Bug_Deluxe:124a:2	SCRIPT3	Bug_Deluxe	4	0x124a	0x4180	lip_rouge	2	0x419a	red	0
script3:Bug_Deluxe:124a:3	SCRIPT3	Bug_Deluxe	4	0x124a	0x4180	lip_rouge	3	0x419e	green	0
script3:Bug_Deluxe:124a:4	SCRIPT3	Bug_Deluxe	4	0x124a	0x4180	lip_rouge	4	0x139e	black	0
script3:Bug_Deluxe:124a:5	SCRIPT3	Bug_Deluxe	4	0x124a	0x4180	lip_rouge	5	0x3b95	blue	0
script3:Bug_Deluxe:125e:0	SCRIPT3	Bug_Deluxe	4	0x125e	0x419a	red	0	0x3009	buy	2
script3:Bug_Deluxe:125e:1	SCRIPT3	Bug_Deluxe	4	0x125e	0x419a	red	1	0x4180	lip_rouge	2
script3:Bug_Deluxe:12b3:0	SCRIPT3	Bug_Deluxe	4	0x12b3	0x419e	green	0	0x3009	buy	2
script3:Bug_Deluxe:12b3:1	SCRIPT3	Bug_Deluxe	4	0x12b3	0x419e	green	1	0x4180	lip_rouge	2
script3:Bug_Deluxe:130e:0	SCRIPT3	Bug_Deluxe	4	0x130e	0x139e	black	0	0x3009	buy	2
script3:Bug_Deluxe:130e:1	SCRIPT3	Bug_Deluxe	4	0x130e	0x139e	black	1	0x4180	lip_rouge	2
script3:Bug_Deluxe:1365:0	SCRIPT3	Bug_Deluxe	4	0x1365	0x3b95	blue	0	0x3009	buy	2
script3:Bug_Deluxe:1365:1	SCRIPT3	Bug_Deluxe	4	0x1365	0x3b95	blue	1	0x4180	lip_rouge	2
script3:Bug_Deluxe:13c4:0	SCRIPT3	Bug_Deluxe	4	0x13c4	0x418a	cream	0	0x3072	department	1
script3:Bug_Deluxe:13c4:1	SCRIPT3	Bug_Deluxe	4	0x13c4	0x418a	cream	1	0x4201	painkiller	1
script3:Bug_Deluxe:13c4:2	SCRIPT3	Bug_Deluxe	4	0x13c4	0x418a	cream	2	0x420c	pex	1
script3:Bug_Deluxe:13c4:3	SCRIPT3	Bug_Deluxe	4	0x13c4	0x418a	cream	3	0x4210	meteor	1
script3:Bug_Deluxe:13e6:0	SCRIPT3	Bug_Deluxe	4	0x13e6	0x4201	painkiller	0	0x3009	buy	2
script3:Bug_Deluxe:13e6:1	SCRIPT3	Bug_Deluxe	4	0x13e6	0x4201	painkiller	1	0x418a	cream	2
script3:Bug_Deluxe:1443:0	SCRIPT3	Bug_Deluxe	4	0x1443	0x420c	pex	0	0x3009	buy	2
script3:Bug_Deluxe:1443:1	SCRIPT3	Bug_Deluxe	4	0x1443	0x420c	pex	1	0x418a	cream	2
script3:Bug_Deluxe:14a4:0	SCRIPT3	Bug_Deluxe	4	0x14a4	0x4210	meteor	0	0x3009	buy	2
script3:Bug_Deluxe:14a4:1	SCRIPT3	Bug_Deluxe	4	0x14a4	0x4210	meteor	1	0x418a	cream	2
script3:Bug_Deluxe:14f9:0	SCRIPT3	Bug_Deluxe	4	0x14f9	0x3fe8	jewel	0	0x3072	department	1
script3:Bug_Deluxe:14f9:1	SCRIPT3	Bug_Deluxe	4	0x14f9	0x3fe8	jewel	1	0x4296	necklace	1
script3:Bug_Deluxe:14f9:2	SCRIPT3	Bug_Deluxe	4	0x14f9	0x3fe8	jewel	2	0x429f	bracelet	1
script3:Bug_Deluxe:1519:0	SCRIPT3	Bug_Deluxe	4	0x1519	0x4296	necklace	0	0x3009	buy	2
script3:Bug_Deluxe:1519:1	SCRIPT3	Bug_Deluxe	4	0x1519	0x4296	necklace	1	0x3fe8	jewel	2
script3:Bug_Deluxe:1570:0	SCRIPT3	Bug_Deluxe	4	0x1570	0x429f	bracelet	0	0x3009	buy	2
script3:Bug_Deluxe:1570:1	SCRIPT3	Bug_Deluxe	4	0x1570	0x429f	bracelet	1	0x3fe8	jewel	2
script3:Bug_Deluxe:15c7:0	SCRIPT3	Bug_Deluxe	4	0x15c7	0x0e7b	food	0	0x3072	department	1
script3:Bug_Deluxe:15c7:1	SCRIPT3	Bug_Deluxe	4	0x15c7	0x0e7b	food	1	0x155c	murffalo	1
script3:Bug_Deluxe:15e5:0	SCRIPT3	Bug_Deluxe	4	0x15e5	0x155c	murffalo	0	0x3072	department	1
script3:Bug_Deluxe:15e5:1	SCRIPT3	Bug_Deluxe	4	0x15e5	0x155c	murffalo	1	0x42df	tenderloin	1
script3:Bug_Deluxe:15e5:2	SCRIPT3	Bug_Deluxe	4	0x15e5	0x155c	murffalo	2	0x15b5	steak	1
script3:Bug_Deluxe:15e5:3	SCRIPT3	Bug_Deluxe	4	0x15e5	0x155c	murffalo	3	0x42ea	horn	1
script3:Bug_Deluxe:15e5:4	SCRIPT3	Bug_Deluxe	4	0x15e5	0x155c	murffalo	4	0x42ef	fur	1
script3:Bug_Deluxe:15e5:5	SCRIPT3	Bug_Deluxe	4	0x15e5	0x155c	murffalo	5	0x42f3	sausage	1
script3:Bug_Deluxe:15e5:6	SCRIPT3	Bug_Deluxe	4	0x15e5	0x155c	murffalo	6	0x42fb	intestines	1
script3:Bug_Deluxe:160d:0	SCRIPT3	Bug_Deluxe	4	0x160d	0x42df	tenderloin	0	0x3009	buy	2
script3:Bug_Deluxe:160d:1	SCRIPT3	Bug_Deluxe	4	0x160d	0x42df	tenderloin	1	0x155c	murffalo	2
script3:Bug_Deluxe:1666:0	SCRIPT3	Bug_Deluxe	4	0x1666	0x15b5	steak	0	0x3009	buy	2
script3:Bug_Deluxe:1666:1	SCRIPT3	Bug_Deluxe	4	0x1666	0x15b5	steak	1	0x155c	murffalo	2
script3:Bug_Deluxe:16c1:0	SCRIPT3	Bug_Deluxe	4	0x16c1	0x42ea	horn	0	0x3009	buy	2
script3:Bug_Deluxe:16c1:1	SCRIPT3	Bug_Deluxe	4	0x16c1	0x42ea	horn	1	0x155c	murffalo	2
script3:Bug_Deluxe:1718:0	SCRIPT3	Bug_Deluxe	4	0x1718	0x42ef	fur	0	0x3009	buy	2
script3:Bug_Deluxe:1718:1	SCRIPT3	Bug_Deluxe	4	0x1718	0x42ef	fur	1	0x155c	murffalo	2
script3:Bug_Deluxe:1771:0	SCRIPT3	Bug_Deluxe	4	0x1771	0x42f3	sausage	0	0x3009	buy	2
script3:Bug_Deluxe:1771:1	SCRIPT3	Bug_Deluxe	4	0x1771	0x42f3	sausage	1	0x155c	murffalo	2
script3:Bug_Deluxe:17c8:0	SCRIPT3	Bug_Deluxe	4	0x17c8	0x42fb	intestines	0	0x3009	buy	2
script3:Bug_Deluxe:17c8:1	SCRIPT3	Bug_Deluxe	4	0x17c8	0x42fb	intestines	1	0x155c	murffalo	2
script3:Bug_Deluxe:1821:0	SCRIPT3	Bug_Deluxe	4	0x1821	0x3fb5	sport	0	0x3072	department	1
script3:Bug_Deluxe:1821:1	SCRIPT3	Bug_Deluxe	4	0x1821	0x3fb5	sport	1	0x4382	ball	1
script3:Bug_Deluxe:1821:2	SCRIPT3	Bug_Deluxe	4	0x1821	0x3fb5	sport	2	0x4387	boxing_gloves	1
script3:Bug_Deluxe:1821:3	SCRIPT3	Bug_Deluxe	4	0x1821	0x3fb5	sport	3	0x4395	pouch	1
script3:Bug_Deluxe:1843:0	SCRIPT3	Bug_Deluxe	4	0x1843	0x4382	ball	0	0x3009	buy	2
script3:Bug_Deluxe:1843:1	SCRIPT3	Bug_Deluxe	4	0x1843	0x4382	ball	1	0x3fb5	sport	2
script3:Bug_Deluxe:18a2:0	SCRIPT3	Bug_Deluxe	4	0x18a2	0x4387	boxing_gloves	0	0x3009	buy	2
script3:Bug_Deluxe:18a2:1	SCRIPT3	Bug_Deluxe	4	0x18a2	0x4387	boxing_gloves	1	0x3fb5	sport	2
script3:Bug_Deluxe:18ff:0	SCRIPT3	Bug_Deluxe	4	0x18ff	0x4395	pouch	0	0x3009	buy	2
script3:Bug_Deluxe:18ff:1	SCRIPT3	Bug_Deluxe	4	0x18ff	0x4395	pouch	1	0x3fb5	sport	2
script3:Bug_Deluxe:195a:0	SCRIPT3	Bug_Deluxe	4	0x195a	0x3fbb	handywork	0	0x3072	department	1
script3:Bug_Deluxe:195a:1	SCRIPT3	Bug_Deluxe	4	0x195a	0x3fbb	handywork	1	0x43f5	tools	1
script3:Bug_Deluxe:195a:2	SCRIPT3	Bug_Deluxe	4	0x195a	0x3fbb	handywork	2	0x43fb	robotics	1
script3:Bug_Deluxe:197a:0	SCRIPT3	Bug_Deluxe	4	0x197a	0x43f5	tools	0	0x3072	department	1
script3:Bug_Deluxe:197a:1	SCRIPT3	Bug_Deluxe	4	0x197a	0x43f5	tools	1	0x440e	screwdriver	1
script3:Bug_Deluxe:197a:2	SCRIPT3	Bug_Deluxe	4	0x197a	0x43f5	tools	2	0x441a	saws	1
script3:Bug_Deluxe:197a:3	SCRIPT3	Bug_Deluxe	4	0x197a	0x43f5	tools	3	0x441f	drills	1
script3:Bug_Deluxe:199c:0	SCRIPT3	Bug_Deluxe	4	0x199c	0x440e	screwdriver	0	0x3009	buy	2
script3:Bug_Deluxe:199c:1	SCRIPT3	Bug_Deluxe	4	0x199c	0x440e	screwdriver	1	0x3fbb	handywork	2
script3:Bug_Deluxe:19ff:0	SCRIPT3	Bug_Deluxe	4	0x19ff	0x441a	saws	0	0x3009	buy	2
script3:Bug_Deluxe:19ff:1	SCRIPT3	Bug_Deluxe	4	0x19ff	0x441a	saws	1	0x3fbb	handywork	2
script3:Bug_Deluxe:1a56:0	SCRIPT3	Bug_Deluxe	4	0x1a56	0x441f	drills	0	0x3009	buy	2
script3:Bug_Deluxe:1a56:1	SCRIPT3	Bug_Deluxe	4	0x1a56	0x441f	drills	1	0x3fbb	handywork	2
script3:Bug_Deluxe:1aa7:0	SCRIPT3	Bug_Deluxe	4	0x1aa7	0x43fb	robotics	0	0x3072	department	1
script3:Bug_Deluxe:1aa7:1	SCRIPT3	Bug_Deluxe	4	0x1aa7	0x43fb	robotics	1	0x4468	batteries	1
script3:Bug_Deluxe:1ac5:0	SCRIPT3	Bug_Deluxe	4	0x1ac5	0x4468	batteries	0	0x3072	department	2
script3:Bug_Deluxe:1ac5:1	SCRIPT3	Bug_Deluxe	4	0x1ac5	0x4468	batteries	1	0x3fbb	handywork	2
script3:Bug_Deluxe:1ac5:2	SCRIPT3	Bug_Deluxe	4	0x1ac5	0x4468	batteries	2	0x3009	buy	2
script3:Bug_Deluxe:1b1a:0	SCRIPT3	Bug_Deluxe	4	0x1b1a	0x3fc5	pharmacy	0	0x3072	department	1
script3:Bug_Deluxe:1b1a:1	SCRIPT3	Bug_Deluxe	4	0x1b1a	0x3fc5	pharmacy	1	0x4491	aspirox	1
script3:Bug_Deluxe:1b1a:2	SCRIPT3	Bug_Deluxe	4	0x1b1a	0x3fc5	pharmacy	2	0x4499	snorz	1
script3:Bug_Deluxe:1b1a:3	SCRIPT3	Bug_Deluxe	4	0x1b1a	0x3fc5	pharmacy	3	0x449f	fang_brush	1
script3:Bug_Deluxe:1b3c:0	SCRIPT3	Bug_Deluxe	4	0x1b3c	0x4491	aspirox	0	0x3009	buy	2
script3:Bug_Deluxe:1b3c:1	SCRIPT3	Bug_Deluxe	4	0x1b3c	0x4491	aspirox	1	0x3fc5	pharmacy	2
script3:Bug_Deluxe:1ba7:0	SCRIPT3	Bug_Deluxe	4	0x1ba7	0x4499	snorz	0	0x3009	buy	2
script3:Bug_Deluxe:1ba7:1	SCRIPT3	Bug_Deluxe	4	0x1ba7	0x4499	snorz	1	0x3fc5	pharmacy	2
script3:Bug_Deluxe:1c12:0	SCRIPT3	Bug_Deluxe	4	0x1c12	0x449f	fang_brush	0	0x3009	buy	2
script3:Bug_Deluxe:1c12:1	SCRIPT3	Bug_Deluxe	4	0x1c12	0x449f	fang_brush	1	0x3fc5	pharmacy	2
script3:Bug_Deluxe:1c6f:0	SCRIPT3	Bug_Deluxe	4	0x1c6f	0x3fce	leisure	0	0x4552	departments	1
script3:Bug_Deluxe:1c6f:1	SCRIPT3	Bug_Deluxe	4	0x1c6f	0x3fce	leisure	1	0x455e	video_games	1
script3:Bug_Deluxe:1c8d:0	SCRIPT3	Bug_Deluxe	4	0x1c8d	0x455e	video_games	0	0x3072	department	1
script3:Bug_Deluxe:1c8d:1	SCRIPT3	Bug_Deluxe	4	0x1c8d	0x455e	video_games	1	0x4572	Dead_Killer	1
script3:Bug_Deluxe:1c8d:2	SCRIPT3	Bug_Deluxe	4	0x1c8d	0x455e	video_games	2	0x457e	Fatal_Butcher	1
script3:Bug_Deluxe:1c8d:3	SCRIPT3	Bug_Deluxe	4	0x1c8d	0x455e	video_games	3	0x458c	Harakira	1
script3:Bug_Deluxe:1c8d:4	SCRIPT3	Bug_Deluxe	4	0x1c8d	0x455e	video_games	4	0x4595	commander_Blood	1
script3:Bug_Deluxe:1c8d:5	SCRIPT3	Bug_Deluxe	4	0x1c8d	0x455e	video_games	5	0x45a5	Streetofkarnage	1
script3:Bug_Deluxe:1c8d:6	SCRIPT3	Bug_Deluxe	4	0x1c8d	0x455e	video_games	6	0x45b5	Eat_my_liver	1
script3:Bug_Deluxe:1cb5:0	SCRIPT3	Bug_Deluxe	4	0x1cb5	0x4572	Dead_Killer	0	0x3009	buy	2
script3:Bug_Deluxe:1cb5:1	SCRIPT3	Bug_Deluxe	4	0x1cb5	0x4572	Dead_Killer	1	0x455e	video_games	2
script3:Bug_Deluxe:1d05:0	SCRIPT3	Bug_Deluxe	4	0x1d05	0x457e	Fatal_Butcher	0	0x3009	buy	2
script3:Bug_Deluxe:1d05:1	SCRIPT3	Bug_Deluxe	4	0x1d05	0x457e	Fatal_Butcher	1	0x455e	video_games	2
script3:Bug_Deluxe:1d4d:0	SCRIPT3	Bug_Deluxe	4	0x1d4d	0x458c	Harakira	0	0x3009	buy	2
script3:Bug_Deluxe:1d4d:1	SCRIPT3	Bug_Deluxe	4	0x1d4d	0x458c	Harakira	1	0x455e	video_games	2
script3:Bug_Deluxe:1d9d:0	SCRIPT3	Bug_Deluxe	4	0x1d9d	0x4595	commander_Blood	0	0x3009	buy	1
script3:Bug_Deluxe:1d9d:1	SCRIPT3	Bug_Deluxe	4	0x1d9d	0x4595	commander_Blood	1	0x455e	video_games	1
script3:Bug_Deluxe:1dcd:0	SCRIPT3	Bug_Deluxe	4	0x1dcd	0x45a5	Streetofkarnage	0	0x3009	buy	2
script3:Bug_Deluxe:1dcd:1	SCRIPT3	Bug_Deluxe	4	0x1dcd	0x45a5	Streetofkarnage	1	0x455e	video_games	2
script3:Bug_Deluxe:1e21:0	SCRIPT3	Bug_Deluxe	4	0x1e21	0x45b5	Eat_my_liver	0	0x3009	buy	2
script3:Bug_Deluxe:1e21:1	SCRIPT3	Bug_Deluxe	4	0x1e21	0x45b5	Eat_my_liver	1	0x455e	video_games	2
script3:Bug_Deluxe:1e8b:0	SCRIPT3	Bug_Deluxe	4	0x1e8b	0x3fd6	hifi	0	0x3072	department	1
script3:Bug_Deluxe:1e8b:1	SCRIPT3	Bug_Deluxe	4	0x1e8b	0x3fd6	hifi	1	0x46d5	multimedia	1
script3:Bug_Deluxe:1e8b:2	SCRIPT3	Bug_Deluxe	4	0x1e8b	0x3fd6	hifi	2	0x46e0	CD_audio	1
script3:Bug_Deluxe:1eab:0	SCRIPT3	Bug_Deluxe	4	0x1eab	0x46d5	multimedia	0	0x3009	buy	2
script3:Bug_Deluxe:1eab:1	SCRIPT3	Bug_Deluxe	4	0x1eab	0x46d5	multimedia	1	0x3fd6	hifi	2
script3:Bug_Deluxe:1eef:0	SCRIPT3	Bug_Deluxe	4	0x1eef	0x46e0	CD_audio	0	0x3009	buy	2
script3:Bug_Deluxe:1eef:1	SCRIPT3	Bug_Deluxe	4	0x1eef	0x46e0	CD_audio	1	0x3fd6	hifi	2
script3:Bronko:1f4b:0	SCRIPT3	Bronko	5	0x1f4b	0x0001	talk	0	0x1fbb	bye_bye	0
script3:Bronko:1f4b:1	SCRIPT3	Bronko	5	0x1f4b	0x0001	talk	1	0x0348	robot	0
script3:Bronko:1f4b:2	SCRIPT3	Bronko	5	0x1f4b	0x0001	talk	2	0x1e41	cred	0
script3:Bronko:1f4b:3	SCRIPT3	Bronko	5	0x1f4b	0x0001	talk	3	0x16f9	murffalos	0
script3:Bronko:1f4b:4	SCRIPT3	Bronko	5	0x1f4b	0x0001	talk	4	0x4737	weapons	0
script3:Bronko:1f5d:0	SCRIPT3	Bronko	5	0x1f5d	0x0348	robot	0	0x0001	talk	13
script3:Bronko:1f5d:1	SCRIPT3	Bronko	5	0x1f5d	0x0348	robot	1	0x1fbb	bye_bye	13
script3:Bronko:1f5d:2	SCRIPT3	Bronko	5	0x1f5d	0x0348	robot	2	0x0348	robot	13
script3:Bronko:1f5d:3	SCRIPT3	Bronko	5	0x1f5d	0x0348	robot	3	0x473f	intelligence	13
script3:Bronko:1f5d:4	SCRIPT3	Bronko	5	0x1f5d	0x0348	robot	4	0x008a	energy	13
script3:Bronko:1f5d:5	SCRIPT3	Bronko	5	0x1f5d	0x0348	robot	5	0x474c	technology	13
script3:Bronko:1f5d:6	SCRIPT3	Bronko	5	0x1f5d	0x0348	robot	6	0x4757	retirement	13
script3:Bronko:2101:0	SCRIPT3	Bronko	5	0x2101	0x1e41	cred	0	0x0001	talk	7
script3:Bronko:2101:1	SCRIPT3	Bronko	5	0x2101	0x1e41	cred	1	0x1fbb	bye_bye	7
script3:Bronko:2101:2	SCRIPT3	Bronko	5	0x2101	0x1e41	cred	2	0x1e41	cred	7
script3:Bronko:2101:3	SCRIPT3	Bronko	5	0x2101	0x1e41	cred	3	0x3009	buy	7
script3:Bronko:21ef:0	SCRIPT3	Bronko	5	0x21ef	0x16f9	murffalos	0	0x0001	talk	5
script3:Bronko:21ef:1	SCRIPT3	Bronko	5	0x21ef	0x16f9	murffalos	1	0x1fbb	bye_bye	5
script3:Bronko:21ef:2	SCRIPT3	Bronko	5	0x21ef	0x16f9	murffalos	2	0x4820	hunt	5
script3:Bronko:229d:0	SCRIPT3	Bronko	5	0x229d	0x4737	weapons	0	0x0001	talk	4
script3:Bronko:229d:1	SCRIPT3	Bronko	5	0x229d	0x4737	weapons	1	0x1fbb	bye_bye	4
script3:Bronko:229d:2	SCRIPT3	Bronko	5	0x229d	0x4737	weapons	2	0x3d17	planets	4
script3:Bronko:229d:3	SCRIPT3	Bronko	5	0x229d	0x4737	weapons	3	0x3cb3	war	4
script3:Bronko:2325:0	SCRIPT3	Bronko	5	0x2325	0x4757	retirement	0	0x0001	talk	1
script3:Bronko:2325:1	SCRIPT3	Bronko	5	0x2325	0x4757	retirement	1	0x1fbb	bye_bye	1
script3:Bronko:2325:2	SCRIPT3	Bronko	5	0x2325	0x4757	retirement	2	0x3c72	Magnus	1
script3:Bob_Morlock:2369:0	SCRIPT3	Bob_Morlock	6	0x2369	0x0001	talk	0	0x1fbb	bye_bye	30
script3:Bob_Morlock:2369:1	SCRIPT3	Bob_Morlock	6	0x2369	0x0001	talk	1	0x4884	black_hole	30
script3:Bob_Morlock:2369:2	SCRIPT3	Bob_Morlock	6	0x2369	0x0001	talk	2	0x18fc	big_bang	30
script3:Bob_Morlock:2369:3	SCRIPT3	Bob_Morlock	6	0x2369	0x0001	talk	3	0x17c7	Bob_Morlock	30
script3:Bob_Morlock:2369:4	SCRIPT3	Bob_Morlock	6	0x2369	0x0001	talk	4	0x488f	kanary	30
script3:Bob_Morlock:2369:5	SCRIPT3	Bob_Morlock	6	0x2369	0x0001	talk	5	0x0aae	mission	30
script3:Bob_Morlock:2369:6	SCRIPT3	Bob_Morlock	6	0x2369	0x0001	talk	6	0x1da2	corpo	30
script3:Bob_Morlock:2369:7	SCRIPT3	Bob_Morlock	6	0x2369	0x0001	talk	7	0x4896	good_ol_bob	30
script3:Bob_Morlock:27fe:0	SCRIPT3	Bob_Morlock	6	0x27fe	0x488f	kanary	0	0x0001	talk	19
script3:Bob_Morlock:27fe:1	SCRIPT3	Bob_Morlock	6	0x27fe	0x488f	kanary	1	0x1fbb	bye_bye	19
script3:Bob_Morlock:27fe:2	SCRIPT3	Bob_Morlock	6	0x27fe	0x488f	kanary	2	0x4aaa	cottage	19
script3:Bob_Morlock:27fe:3	SCRIPT3	Bob_Morlock	6	0x27fe	0x488f	kanary	3	0x4ab2	clones	19
script3:Bob_Morlock:27fe:4	SCRIPT3	Bob_Morlock	6	0x27fe	0x488f	kanary	4	0x4ab9	employees	19
script3:Bob_Morlock:27fe:5	SCRIPT3	Bob_Morlock	6	0x27fe	0x488f	kanary	5	0x4ac3	reports	19
script3:Scruter_Mac:2adc:0	SCRIPT3	Scruter_Mac	7	0x2adc	0x0001	talk	0	0x1fbb	bye_bye	1
script3:Scruter_Mac:2b02:0	SCRIPT3	Scruter_Mac	7	0x2b02	0x4cbb	sulk	0	0x4cc0	grumpf	3
script3:Scruter_Mac:2b02:1	SCRIPT3	Scruter_Mac	7	0x2b02	0x4cbb	sulk	1	0x1fbb	bye_bye	3
script3:Eviscerator:2b45:0	SCRIPT3	Eviscerator	8	0x2b45	0x0001	talk	0	0x1fbb	bye_bye	18
script3:Eviscerator:2b45:1	SCRIPT3	Eviscerator	8	0x2b45	0x0001	talk	1	0x4cd5	peace	18
script3:Eviscerator:2b45:2	SCRIPT3	Eviscerator	8	0x2b45	0x0001	talk	2	0x3cb3	war	18
script3:Eviscerator:2b45:3	SCRIPT3	Eviscerator	8	0x2b45	0x0001	talk	3	0x3f74	prison	18
script3:Eviscerator:2b45:4	SCRIPT3	Eviscerator	8	0x2b45	0x0001	talk	4	0x059d	planet	18
script3:Eviscerator:2b45:5	SCRIPT3	Eviscerator	8	0x2b45	0x0001	talk	5	0x4cdb	television	18
script3:Eviscerator:2b45:6	SCRIPT3	Eviscerator	8	0x2b45	0x0001	talk	6	0x4ce6	politics	18
script3:Eviscerator:2b45:7	SCRIPT3	Eviscerator	8	0x2b45	0x0001	talk	7	0x14c2	reproduction	18
script3:Eviscerator:2b45:8	SCRIPT3	Eviscerator	8	0x2b45	0x0001	talk	8	0x3c90	science	18
script3:Eviscerator:2b45:9	SCRIPT3	Eviscerator	8	0x2b45	0x0001	talk	9	0x050c	race	18
script3:Eviscerator:2b45:10	SCRIPT3	Eviscerator	8	0x2b45	0x0001	talk	10	0x4cef	consumerism	18
script3:Eviscerator:2d7b:0	SCRIPT3	Eviscerator	8	0x2d7b	0x059d	planet	0	0x0001	talk	11
script3:Eviscerator:2d7b:1	SCRIPT3	Eviscerator	8	0x2d7b	0x059d	planet	1	0x1da2	corpo	11
script3:Eviscerator:2d7b:2	SCRIPT3	Eviscerator	8	0x2d7b	0x059d	planet	2	0x13b8	magnus	11
script3:Eviscerator:2d7b:3	SCRIPT3	Eviscerator	8	0x2d7b	0x059d	planet	3	0x1757	vista	11
script3:Eviscerator:2d7b:4	SCRIPT3	Eviscerator	8	0x2d7b	0x059d	planet	4	0x185b	erazor	11
script3:Eviscerator:2d7b:5	SCRIPT3	Eviscerator	8	0x2d7b	0x059d	planet	5	0x4dd4	trashlando	11
script3:Eviscerator:2d7b:6	SCRIPT3	Eviscerator	8	0x2d7b	0x059d	planet	6	0x1751	tumul	11
script3:Eviscerator:2d7b:7	SCRIPT3	Eviscerator	8	0x2d7b	0x059d	planet	7	0x13a9	pterra	11
script3:Eviscerator:2d7b:8	SCRIPT3	Eviscerator	8	0x2d7b	0x059d	planet	8	0x1f52	Eden	11
script3:Eviscerator:2f1b:0	SCRIPT3	Eviscerator	8	0x2f1b	0x050c	race	0	0x1fbb	bye_bye	23
script3:Eviscerator:2f1b:1	SCRIPT3	Eviscerator	8	0x2f1b	0x050c	race	1	0x0001	talk	23
script3:Eviscerator:2f1b:2	SCRIPT3	Eviscerator	8	0x2f1b	0x050c	race	2	0x1602	izwal	23
script3:Eviscerator:2f1b:3	SCRIPT3	Eviscerator	8	0x2f1b	0x050c	race	3	0x1608	croolis	23
script3:Eviscerator:2f1b:4	SCRIPT3	Eviscerator	8	0x2f1b	0x050c	race	4	0x4e5a	sinox	23
script3:Eviscerator:2f1b:5	SCRIPT3	Eviscerator	8	0x2f1b	0x050c	race	5	0x4e60	tromp	23
script3:Eviscerator:2f1b:6	SCRIPT3	Eviscerator	8	0x2f1b	0x050c	race	6	0x1610	migrax	23
script3:Eviscerator:2f1b:7	SCRIPT3	Eviscerator	8	0x2f1b	0x050c	race	7	0x4e66	buggol	23
script3:Eviscerator:2f1b:8	SCRIPT3	Eviscerator	8	0x2f1b	0x050c	race	8	0x1cfb	ondoyant	23
script3:Eviscerator:3183:0	SCRIPT3	Eviscerator	8	0x3183	0x4cd5	peace	0	0x1fbb	bye_bye	14
script3:Eviscerator:3183:1	SCRIPT3	Eviscerator	8	0x3183	0x4cd5	peace	1	0x0001	talk	14
script3:Eviscerator:3183:2	SCRIPT3	Eviscerator	8	0x3183	0x4cd5	peace	2	0x02ae	friend	14
script3:Eviscerator:3183:3	SCRIPT3	Eviscerator	8	0x3183	0x4cd5	peace	3	0x4f16	art	14
script3:Eviscerator:3342:0	SCRIPT3	Eviscerator	8	0x3342	0x3cb3	war	0	0x1fbb	bye_bye	14
script3:Eviscerator:3342:1	SCRIPT3	Eviscerator	8	0x3342	0x3cb3	war	1	0x0001	talk	14
script3:Eviscerator:3342:2	SCRIPT3	Eviscerator	8	0x3342	0x3cb3	war	2	0x3f09	battle	14
script3:Eviscerator:3342:3	SCRIPT3	Eviscerator	8	0x3342	0x3cb3	war	3	0x4f58	enemy	14
script3:Eviscerator:3342:4	SCRIPT3	Eviscerator	8	0x3342	0x3cb3	war	4	0x260d	treasure	14
script3:Eviscerator:3559:0	SCRIPT3	Eviscerator	8	0x3559	0x25d3	secrets	0	0x1fbb	bye_bye	3
script3:Eviscerator:3559:1	SCRIPT3	Eviscerator	8	0x3559	0x25d3	secrets	1	0x0001	talk	3
script3:Eviscerator:3559:2	SCRIPT3	Eviscerator	8	0x3559	0x25d3	secrets	2	0x0eba	secret	3
script3:Tina_Burner:35bb:0	SCRIPT3	Tina_Burner	9	0x35bb	0x0001	talk	0	0x1fbb	bye_bye	16
script3:Tina_Burner:35bb:1	SCRIPT3	Tina_Burner	9	0x35bb	0x0001	talk	1	0x4ff3	fashion	16
script3:Tina_Burner:35bb:2	SCRIPT3	Tina_Burner	9	0x35bb	0x0001	talk	2	0x4ffb	cosmetic	16
script3:Tina_Burner:35bb:3	SCRIPT3	Tina_Burner	9	0x35bb	0x0001	talk	3	0x5004	dance	16
script3:Tina_Burner:35bb:4	SCRIPT3	Tina_Burner	9	0x35bb	0x0001	talk	4	0x0167	love	16
script3:Tina_Burner:35bb:5	SCRIPT3	Tina_Burner	9	0x35bb	0x0001	talk	5	0x500a	Tiny	16
script3:Amigo:37e4:0	SCRIPT3	Amigo	10	0x37e4	0x0001	talk	0	0x2537	Eviscerator	6
script3:Amigo:37e4:1	SCRIPT3	Amigo	10	0x37e4	0x0001	talk	1	0x2b1b	Tina_Burner	6
script3:Amigo:37e4:2	SCRIPT3	Amigo	10	0x37e4	0x0001	talk	2	0x50c0	Purple_Haze	6
script3:Amigo:38a4:0	SCRIPT3	Amigo	10	0x38a4	0x2537	Eviscerator	0	0x1fbb	bye_bye	8
script3:Amigo:38a4:1	SCRIPT3	Amigo	10	0x38a4	0x2537	Eviscerator	1	0x0001	talk	8
script3:Amigo:38a4:2	SCRIPT3	Amigo	10	0x38a4	0x2537	Eviscerator	2	0x3f74	prison	8
script3:Amigo:38a4:3	SCRIPT3	Amigo	10	0x38a4	0x2537	Eviscerator	3	0x3a24	Galabar	8
script3:Amigo:38a4:4	SCRIPT3	Amigo	10	0x38a4	0x2537	Eviscerator	4	0x2b75	meteorut	8
script3:Amigo:39ee:0	SCRIPT3	Amigo	10	0x39ee	0x2b75	meteorut	0	0x1fbb	bye_bye	5
script3:Amigo:39ee:1	SCRIPT3	Amigo	10	0x39ee	0x2b75	meteorut	1	0x0001	talk	5
script3:Amigo:39ee:2	SCRIPT3	Amigo	10	0x39ee	0x2b75	meteorut	2	0x51a2	acidium	5
script3:Amigo:39ee:3	SCRIPT3	Amigo	10	0x39ee	0x2b75	meteorut	3	0x51aa	nitrium	5
script3:Amigo:39ee:4	SCRIPT3	Amigo	10	0x39ee	0x2b75	meteorut	4	0x51b2	glycérium	5
script3:Amigo:3acc:0	SCRIPT3	Amigo	10	0x3acc	0x51a2	acidium	0	0x1fbb	bye_bye	1
script3:Amigo:3acc:1	SCRIPT3	Amigo	10	0x3acc	0x51a2	acidium	1	0x0001	talk	1
script3:Amigo:3acc:2	SCRIPT3	Amigo	10	0x3acc	0x51a2	acidium	2	0x5228	pentium	1
script3:Amigo:3afe:0	SCRIPT3	Amigo	10	0x3afe	0x5228	pentium	0	0x1fbb	bye_bye	3
script3:Amigo:3afe:1	SCRIPT3	Amigo	10	0x3afe	0x5228	pentium	1	0x0001	talk	3
script3:Amigo:3afe:2	SCRIPT3	Amigo	10	0x3afe	0x5228	pentium	2	0x16af	splatch	3
script3:Super_Zen:3b70:0	SCRIPT3	Super_Zen	11	0x3b70	0x0001	talk	0	0x0006	hello	1
script4:Super_Tromp:0002:0	SCRIPT4	Super_Tromp	0	0x0002	0x0001	talk	0	0x0752	bye_bye	10
script4:Super_Tromp:0002:1	SCRIPT4	Super_Tromp	0	0x0002	0x0001	talk	1	0x1221	painting	10
script4:Super_Tromp:0002:2	SCRIPT4	Super_Tromp	0	0x0002	0x0001	talk	2	0x2511	culture	10
script4:Super_Tromp:0002:3	SCRIPT4	Super_Tromp	0	0x0002	0x0001	talk	3	0x2519	yolk	10
script4:Maziok:0194:0	SCRIPT4	Maziok	1	0x0194	0x0001	talk	0	0x0752	bye_bye	7
script4:Maziok:0194:1	SCRIPT4	Maziok	1	0x0194	0x0001	talk	1	0x2615	medicine	7
script4:Maziok:0194:2	SCRIPT4	Maziok	1	0x0194	0x0001	talk	2	0x0bfc	curse	7
script4:Maziok:0282:0	SCRIPT4	Maziok	1	0x0282	0x04dc	planet	0	0x0752	bye_bye	8
script4:Maziok:0282:1	SCRIPT4	Maziok	1	0x0282	0x04dc	planet	1	0x2647	vista	8
script4:Maziok:0282:2	SCRIPT4	Maziok	1	0x0282	0x04dc	planet	2	0x264d	tromp	8
script4:Maziok:0282:3	SCRIPT4	Maziok	1	0x0282	0x04dc	planet	3	0x093a	ondoyant	8
script4:Maziok:0282:4	SCRIPT4	Maziok	1	0x0282	0x04dc	planet	4	0x0cf6	tourism	8
script4:Fifi:03aa:0	SCRIPT4	Fifi	2	0x03aa	0x0006	hello	0	0x0752	bye_bye	4
script4:Fifi:03aa:1	SCRIPT4	Fifi	2	0x03aa	0x0006	hello	1	0x04dc	planet	4
script4:Fifi:03aa:2	SCRIPT4	Fifi	2	0x03aa	0x0006	hello	2	0x1352	information	4
script4:Fifi:03aa:3	SCRIPT4	Fifi	2	0x03aa	0x0006	hello	3	0x26dd	races	4
script4:Bratakas:0421:0	SCRIPT4	Bratakas	3	0x0421	0x0001	talk	0	0x0752	bye_bye	13
script4:Bratakas:0421:1	SCRIPT4	Bratakas	3	0x0421	0x0001	talk	1	0x1fa4	Vistar	13
script4:Bratakas:0421:2	SCRIPT4	Bratakas	3	0x0421	0x0001	talk	2	0x04dc	planet	13
script4:Bratakas:0421:3	SCRIPT4	Bratakas	3	0x0421	0x0001	talk	3	0x2700	race	13
script4:Bratakas:0421:4	SCRIPT4	Bratakas	3	0x0421	0x0001	talk	4	0x2705	croolis	13
script4:Beauregard:05ec:0	SCRIPT4	Beauregard	4	0x05ec	0x0001	talk	0	0x0752	bye_bye	12
script4:Beauregard:05ec:1	SCRIPT4	Beauregard	4	0x05ec	0x0001	talk	1	0x27cb	listen	12
script4:Beauregard:05ec:2	SCRIPT4	Beauregard	4	0x05ec	0x0001	talk	2	0x27d2	insist	12
script4:Beauregard:05ec:3	SCRIPT4	Beauregard	4	0x05ec	0x0001	talk	3	0x27d9	treat	12
script4:Honk:0764:0	SCRIPT4	Honk	5	0x0764	0x0001	talk	0	0x0752	bye_bye	2
script4:Honk:0764:1	SCRIPT4	Honk	5	0x0764	0x0001	talk	1	0x0313	help	2
script4:Honk:0764:2	SCRIPT4	Honk	5	0x0764	0x0001	talk	2	0x2014	message	2
script4:Morning_Oil:07a1:0	SCRIPT4	Morning_Oil	6	0x07a1	0x0001	talk	0	0x0006	hello	4
script4:Morning_Oil:07a1:1	SCRIPT4	Morning_Oil	6	0x07a1	0x0001	talk	1	0x287a	say_nothing	4
script4:Morning_Oil:07a1:2	SCRIPT4	Morning_Oil	6	0x07a1	0x0001	talk	2	0x0aaa	laugh	4
script4:Morning_Oil:07a1:3	SCRIPT4	Morning_Oil	6	0x07a1	0x0001	talk	3	0x0752	bye_bye	4
script4:Morning_Oil:07fd:0	SCRIPT4	Morning_Oil	6	0x07fd	0x2856	history	0	0x0752	bye_bye	0
script4:Morning_Oil:07fd:1	SCRIPT4	Morning_Oil	6	0x07fd	0x2856	history	1	0x1bf1	war	0
script4:Morning_Oil:07fd:2	SCRIPT4	Morning_Oil	6	0x07fd	0x2856	history	2	0x2705	croolis	0
script4:Morning_Oil:07fd:3	SCRIPT4	Morning_Oil	6	0x07fd	0x2856	history	3	0x1c64	treasure	0
script4:Morning_Oil:07fd:4	SCRIPT4	Morning_Oil	6	0x07fd	0x2856	history	4	0x289f	battles	0
script4:Morning_Oil:07fd:5	SCRIPT4	Morning_Oil	6	0x07fd	0x2856	history	5	0x28a7	mastachok	0
script4:Morning_Oil:0811:0	SCRIPT4	Morning_Oil	6	0x0811	0x1bf1	war	0	0x0752	bye_bye	7
script4:Morning_Oil:0811:1	SCRIPT4	Morning_Oil	6	0x0811	0x1bf1	war	1	0x28b1	match	7
script4:Morning_Oil:0951:0	SCRIPT4	Morning_Oil	6	0x0951	0x2705	croolis	0	0x0752	bye_bye	12
script4:Morning_Oil:0951:1	SCRIPT4	Morning_Oil	6	0x0951	0x2705	croolis	1	0x2856	history	12
script4:Morning_Oil:0951:2	SCRIPT4	Morning_Oil	6	0x0951	0x2705	croolis	2	0x0d8a	terror	12
script4:Morning_Oil:0951:3	SCRIPT4	Morning_Oil	6	0x0951	0x2705	croolis	3	0x295b	eviscerator	12
script4:Morning_Oil:0951:4	SCRIPT4	Morning_Oil	6	0x0951	0x2705	croolis	4	0x2967	emasculator	12
script4:Morning_Oil:0ad8:0	SCRIPT4	Morning_Oil	6	0x0ad8	0x1c64	treasure	0	0x0752	bye_bye	9
script4:Morning_Oil:0ad8:1	SCRIPT4	Morning_Oil	6	0x0ad8	0x1c64	treasure	1	0x2856	history	9
script4:Morning_Oil:0ad8:2	SCRIPT4	Morning_Oil	6	0x0ad8	0x1c64	treasure	2	0x2a73	hiding_place	9
script4:Morning_Oil:0c43:0	SCRIPT4	Morning_Oil	6	0x0c43	0x28a7	mastachok	0	0x0752	bye_bye	3
script4:Morning_Oil:0c43:1	SCRIPT4	Morning_Oil	6	0x0c43	0x28a7	mastachok	1	0x2856	history	3
script4:Morning_Oil:0c43:2	SCRIPT4	Morning_Oil	6	0x0c43	0x28a7	mastachok	2	0x1352	information	3
script4:Bronko:0cc4:0	SCRIPT4	Bronko	7	0x0cc4	0x0001	talk	0	0x0752	bye_bye	0
script4:Bronko:0cc4:1	SCRIPT4	Bronko	7	0x0cc4	0x0001	talk	1	0x18e9	robot	0
script4:Bronko:0cc4:2	SCRIPT4	Bronko	7	0x0cc4	0x0001	talk	2	0x2bc3	cred	0
script4:Bronko:0cc4:3	SCRIPT4	Bronko	7	0x0cc4	0x0001	talk	3	0x25f3	murffalos	0
script4:Bronko:0cc4:4	SCRIPT4	Bronko	7	0x0cc4	0x0001	talk	4	0x26a0	weapons	0
script4:Bronko:0cd6:0	SCRIPT4	Bronko	7	0x0cd6	0x18e9	robot	0	0x0001	talk	13
script4:Bronko:0cd6:1	SCRIPT4	Bronko	7	0x0cd6	0x18e9	robot	1	0x0752	bye_bye	13
script4:Bronko:0cd6:2	SCRIPT4	Bronko	7	0x0cd6	0x18e9	robot	2	0x18e9	robot	13
script4:Bronko:0cd6:3	SCRIPT4	Bronko	7	0x0cd6	0x18e9	robot	3	0x2bc8	intelligence	13
script4:Bronko:0cd6:4	SCRIPT4	Bronko	7	0x0cd6	0x18e9	robot	4	0x0107	energy	13
script4:Bronko:0cd6:5	SCRIPT4	Bronko	7	0x0cd6	0x18e9	robot	5	0x2bd5	technology	13
script4:Bronko:0cd6:6	SCRIPT4	Bronko	7	0x0cd6	0x18e9	robot	6	0x2be0	retirement	13
script4:Bronko:0e73:0	SCRIPT4	Bronko	7	0x0e73	0x2bc3	cred	0	0x0001	talk	7
script4:Bronko:0e73:1	SCRIPT4	Bronko	7	0x0e73	0x2bc3	cred	1	0x0752	bye_bye	7
script4:Bronko:0e73:2	SCRIPT4	Bronko	7	0x0e73	0x2bc3	cred	2	0x2bc3	cred	7
script4:Bronko:0e73:3	SCRIPT4	Bronko	7	0x0e73	0x2bc3	cred	3	0x2c6f	buy	7
script4:Bronko:0f5f:0	SCRIPT4	Bronko	7	0x0f5f	0x25f3	murffalos	0	0x0001	talk	5
script4:Bronko:0f5f:1	SCRIPT4	Bronko	7	0x0f5f	0x25f3	murffalos	1	0x0752	bye_bye	5
script4:Bronko:0f5f:2	SCRIPT4	Bronko	7	0x0f5f	0x25f3	murffalos	2	0x2cf8	hunt	5
script4:Bronko:1017:0	SCRIPT4	Bronko	7	0x1017	0x26a0	weapons	0	0x0001	talk	4
script4:Bronko:1017:1	SCRIPT4	Bronko	7	0x1017	0x26a0	weapons	1	0x0752	bye_bye	4
script4:Bronko:1017:2	SCRIPT4	Bronko	7	0x1017	0x26a0	weapons	2	0x2762	planets	4
script4:Bronko:1017:3	SCRIPT4	Bronko	7	0x1017	0x26a0	weapons	3	0x1bf1	war	4
script4:Bronko:10a7:0	SCRIPT4	Bronko	7	0x10a7	0x2be0	retirement	0	0x0001	talk	1
script4:Bronko:10a7:1	SCRIPT4	Bronko	7	0x10a7	0x2be0	retirement	1	0x0752	bye_bye	1
script4:Bronko:10a7:2	SCRIPT4	Bronko	7	0x10a7	0x2be0	retirement	2	0x2d8b	Magnus	1
script4:Bob_Morlock:10e8:0	SCRIPT4	Bob_Morlock	8	0x10e8	0x0001	talk	0	0x0752	bye_bye	30
script4:Bob_Morlock:10e8:1	SCRIPT4	Bob_Morlock	8	0x10e8	0x0001	talk	1	0x2d97	black_hole	30
script4:Bob_Morlock:10e8:2	SCRIPT4	Bob_Morlock	8	0x10e8	0x0001	talk	2	0x2da2	Big_Bang	30
script4:Bob_Morlock:10e8:3	SCRIPT4	Bob_Morlock	8	0x10e8	0x0001	talk	3	0x2dab	Bob_Morlock	30
script4:Bob_Morlock:10e8:4	SCRIPT4	Bob_Morlock	8	0x10e8	0x0001	talk	4	0x2db7	kanary	30
script4:Bob_Morlock:10e8:5	SCRIPT4	Bob_Morlock	8	0x10e8	0x0001	talk	5	0x11eb	mission	30
script4:Bob_Morlock:10e8:6	SCRIPT4	Bob_Morlock	8	0x10e8	0x0001	talk	6	0x2dbe	corpo	30
script4:Bob_Morlock:10e8:7	SCRIPT4	Bob_Morlock	8	0x10e8	0x0001	talk	7	0x2dc4	good_	30
script4:Bob_Morlock:157b:0	SCRIPT4	Bob_Morlock	8	0x157b	0x2db7	kanary	0	0x0001	talk	19
script4:Bob_Morlock:157b:1	SCRIPT4	Bob_Morlock	8	0x157b	0x2db7	kanary	1	0x0752	bye_bye	19
script4:Bob_Morlock:157b:2	SCRIPT4	Bob_Morlock	8	0x157b	0x2db7	kanary	2	0x2fc5	cottage	19
script4:Bob_Morlock:157b:3	SCRIPT4	Bob_Morlock	8	0x157b	0x2db7	kanary	3	0x2fcd	clones	19
script4:Bob_Morlock:157b:4	SCRIPT4	Bob_Morlock	8	0x157b	0x2db7	kanary	4	0x2fd4	employees	19
script4:Bob_Morlock:157b:5	SCRIPT4	Bob_Morlock	8	0x157b	0x2db7	kanary	5	0x2fde	reports	19
script4:Hom:1849:0	SCRIPT4	Hom	9	0x1849	0x0006	hello	0	0x0752	bye_bye	10
script4:Hom:1849:1	SCRIPT4	Hom	9	0x1849	0x0006	hello	1	0x0001	talk	10
script4:Hom:1849:2	SCRIPT4	Hom	9	0x1849	0x0006	hello	2	0x31c7	not_talk	10
script4:Hom:1932:0	SCRIPT4	Hom	9	0x1932	0x0001	talk	0	0x0752	bye_bye	8
script4:Hom:1932:1	SCRIPT4	Hom	9	0x1932	0x0001	talk	1	0x2700	race	8
script4:Hom:1932:2	SCRIPT4	Hom	9	0x1932	0x0001	talk	2	0x04dc	planet	8
script4:Hom:1932:3	SCRIPT4	Hom	9	0x1932	0x0001	talk	3	0x325d	science	8
script4:Hom:1932:4	SCRIPT4	Hom	9	0x1932	0x0001	talk	4	0x3265	politics	8
script4:Hom:1932:5	SCRIPT4	Hom	9	0x1932	0x0001	talk	5	0x326e	art	8
script4:Hom:1932:6	SCRIPT4	Hom	9	0x1932	0x0001	talk	6	0x3272	consumption	8
script4:Hom:19de:0	SCRIPT4	Hom	9	0x19de	0x2700	race	0	0x0001	talk	2
script4:Hom:19de:1	SCRIPT4	Hom	9	0x19de	0x2700	race	1	0x0752	bye_bye	2
script4:Hom:19de:2	SCRIPT4	Hom	9	0x19de	0x2700	race	2	0x32e9	izwal	2
script4:Hom:19de:3	SCRIPT4	Hom	9	0x19de	0x2700	race	3	0x2705	croolis	2
script4:Hom:19de:4	SCRIPT4	Hom	9	0x19de	0x2700	race	4	0x32ef	slimer	2
script4:Hom:19de:5	SCRIPT4	Hom	9	0x19de	0x2700	race	5	0x32f6	tubular_brain	2
script4:Hom:19de:6	SCRIPT4	Hom	9	0x19de	0x2700	race	6	0x3304	sinox	2
script4:Hom:19de:7	SCRIPT4	Hom	9	0x19de	0x2700	race	7	0x330a	buggol	2
script4:Hom:19de:8	SCRIPT4	Hom	9	0x19de	0x2700	race	8	0x3311	migrax	2
script4:Hom:19de:9	SCRIPT4	Hom	9	0x19de	0x2700	race	9	0x093a	ondoyant	2
script4:Hom:1a1c:0	SCRIPT4	Hom	9	0x1a1c	0x32e9	izwal	0	0x0752	bye_bye	22
script4:Hom:1a1c:1	SCRIPT4	Hom	9	0x1a1c	0x32e9	izwal	1	0x2700	race	22
script4:Hom:1a1c:2	SCRIPT4	Hom	9	0x1a1c	0x32e9	izwal	2	0x0001	talk	22
script4:Hom:1a1c:3	SCRIPT4	Hom	9	0x1a1c	0x32e9	izwal	3	0x04dc	planet	22
script4:Hom:1a1c:4	SCRIPT4	Hom	9	0x1a1c	0x32e9	izwal	4	0x2bc8	intelligence	22
script4:Hom:1a1c:5	SCRIPT4	Hom	9	0x1a1c	0x32e9	izwal	5	0x333f	food	22
script4:Hom:1a1c:6	SCRIPT4	Hom	9	0x1a1c	0x32e9	izwal	6	0x325d	science	22
script4:Hom:1c5d:0	SCRIPT4	Hom	9	0x1c5d	0x2705	croolis	0	0x0752	bye_bye	14
script4:Hom:1c5d:1	SCRIPT4	Hom	9	0x1c5d	0x2705	croolis	1	0x2700	race	14
script4:Hom:1c5d:2	SCRIPT4	Hom	9	0x1c5d	0x2705	croolis	2	0x1bf1	war	14
script4:Hom:1c5d:3	SCRIPT4	Hom	9	0x1c5d	0x2705	croolis	3	0x325d	science	14
script4:Hom:1c5d:4	SCRIPT4	Hom	9	0x1c5d	0x2705	croolis	4	0x34e2	info	14
script4:Hom:1c5d:5	SCRIPT4	Hom	9	0x1c5d	0x2705	croolis	5	0x0ab0	joke	14
script4:Hom:1c5d:6	SCRIPT4	Hom	9	0x1c5d	0x2705	croolis	6	0x04dc	planet	14
script4:Hom:1dc3:0	SCRIPT4	Hom	9	0x1dc3	0x32ef	slimer	0	0x0752	bye_bye	18
script4:Hom:1dc3:1	SCRIPT4	Hom	9	0x1dc3	0x32ef	slimer	1	0x2700	race	18
script4:Hom:1dc3:2	SCRIPT4	Hom	9	0x1dc3	0x32ef	slimer	2	0x04dc	planet	18
script4:Hom:1dc3:3	SCRIPT4	Hom	9	0x1dc3	0x32ef	slimer	3	0x325d	science	18
script4:Hom:1dc3:4	SCRIPT4	Hom	9	0x1dc3	0x32ef	slimer	4	0x3265	politics	18
script4:Hom:1dc3:5	SCRIPT4	Hom	9	0x1dc3	0x32ef	slimer	5	0x2519	yolk	18
script4:Hom:1dc3:6	SCRIPT4	Hom	9	0x1dc3	0x32ef	slimer	6	0x34e2	info	18
script4:Hom:1fa9:0	SCRIPT4	Hom	9	0x1fa9	0x32f6	tubular_brain	0	0x0752	bye_bye	5
script4:Hom:1fa9:1	SCRIPT4	Hom	9	0x1fa9	0x32f6	tubular_brain	1	0x1072	brain	5
script4:Hom:1fa9:2	SCRIPT4	Hom	9	0x1fa9	0x32f6	tubular_brain	2	0x34e2	info	5
script4:Hom:2029:0	SCRIPT4	Hom	9	0x2029	0x3304	sinox	0	0x0752	bye_bye	5
script4:Hom:2029:1	SCRIPT4	Hom	9	0x2029	0x3304	sinox	1	0x2700	race	5
script4:Hom:2029:2	SCRIPT4	Hom	9	0x2029	0x3304	sinox	2	0x325d	science	5
script4:Hom:2029:3	SCRIPT4	Hom	9	0x2029	0x3304	sinox	3	0x2bd5	technology	5
script4:Hom:2029:4	SCRIPT4	Hom	9	0x2029	0x3304	sinox	4	0x34e2	info	5
script4:Hom:20b3:0	SCRIPT4	Hom	9	0x20b3	0x3311	migrax	0	0x0752	bye_bye	5
script4:Hom:20b3:1	SCRIPT4	Hom	9	0x20b3	0x3311	migrax	1	0x2700	race	5
script4:Hom:20b3:2	SCRIPT4	Hom	9	0x20b3	0x3311	migrax	2	0x0001	talk	5
script4:Hom:20b3:3	SCRIPT4	Hom	9	0x20b3	0x3311	migrax	3	0x34e2	info	5
script4:Hom:20b3:4	SCRIPT4	Hom	9	0x20b3	0x3311	migrax	4	0x25f3	murffalos	5
script4:Hom:2139:0	SCRIPT4	Hom	9	0x2139	0x330a	buggol	0	0x0752	bye_bye	2
script4:Hom:2139:1	SCRIPT4	Hom	9	0x2139	0x330a	buggol	1	0x2700	race	2
script4:Hom:2139:2	SCRIPT4	Hom	9	0x2139	0x330a	buggol	2	0x3265	politics	2
script4:Hom:2139:3	SCRIPT4	Hom	9	0x2139	0x330a	buggol	3	0x34e2	info	2
script4:Hom:2139:4	SCRIPT4	Hom	9	0x2139	0x330a	buggol	4	0x0ab0	joke	2
script4:Hom:2173:0	SCRIPT4	Hom	9	0x2173	0x093a	ondoyant	0	0x0752	bye_bye	3
script4:Hom:2173:1	SCRIPT4	Hom	9	0x2173	0x093a	ondoyant	1	0x0001	talk	3
script4:Hom:2173:2	SCRIPT4	Hom	9	0x2173	0x093a	ondoyant	2	0x34e2	info	3
script4:Hom:2173:3	SCRIPT4	Hom	9	0x2173	0x093a	ondoyant	3	0x2d1e	reproduction	3
script4:Hom:21d1:0	SCRIPT4	Hom	9	0x21d1	0x25f3	murffalos	0	0x0752	bye_bye	5
script4:Hom:21d1:1	SCRIPT4	Hom	9	0x21d1	0x25f3	murffalos	1	0x04dc	planet	5
script4:Hom:21d1:2	SCRIPT4	Hom	9	0x21d1	0x25f3	murffalos	2	0x2d1e	reproduction	5
script4:Hom:21d1:3	SCRIPT4	Hom	9	0x21d1	0x25f3	murffalos	3	0x3272	consumption	5
script4:Hom:21d1:4	SCRIPT4	Hom	9	0x21d1	0x25f3	murffalos	4	0x34e2	info	5
script4:Hom:225d:0	SCRIPT4	Hom	9	0x225d	0x04dc	planet	0	0x0752	bye_bye	25
script4:Hom:225d:1	SCRIPT4	Hom	9	0x225d	0x04dc	planet	1	0x0001	talk	25
script4:Hom:225d:2	SCRIPT4	Hom	9	0x225d	0x04dc	planet	2	0x3882	erazor	25
script4:Hom:225d:3	SCRIPT4	Hom	9	0x225d	0x04dc	planet	3	0x28a7	mastachok	25
script4:Hom:225d:4	SCRIPT4	Hom	9	0x225d	0x04dc	planet	4	0x3889	qx20	25
script4:Hom:225d:5	SCRIPT4	Hom	9	0x225d	0x04dc	planet	5	0x388e	tumul	25
script4:Hom:225d:6	SCRIPT4	Hom	9	0x225d	0x04dc	planet	6	0x34cb	rondo	25
script4:Hom:225d:7	SCRIPT4	Hom	9	0x225d	0x04dc	planet	7	0x3894	cyberock	25
script4:Hom:225d:8	SCRIPT4	Hom	9	0x225d	0x04dc	planet	8	0x389d	troma	25
script4:Hom:225d:9	SCRIPT4	Hom	9	0x225d	0x04dc	planet	9	0x3684	ekatomb	25
script4:Hom:225d:10	SCRIPT4	Hom	9	0x225d	0x04dc	planet	10	0x38a3	attrox	25
script4:Hom:225d:11	SCRIPT4	Hom	9	0x225d	0x04dc	planet	11	0x1ea2	Oddland	25
script4:Hom:225d:12	SCRIPT4	Hom	9	0x225d	0x04dc	planet	12	0x2dbe	corpo	25
script4:Hom:2493:0	SCRIPT4	Hom	9	0x2493	0x39d4	television	0	0x0752	bye_bye	5
script4:Hom:2493:1	SCRIPT4	Hom	9	0x2493	0x39d4	television	1	0x34e2	info	5
script4:Hom:2493:2	SCRIPT4	Hom	9	0x2493	0x39d4	television	2	0x3272	consumption	5
script4:Hom:2493:3	SCRIPT4	Hom	9	0x2493	0x39d4	television	3	0x3265	politics	5
script4:Hom:251f:0	SCRIPT4	Hom	9	0x251f	0x326e	art	0	0x0752	bye_bye	4
script4:Hom:251f:1	SCRIPT4	Hom	9	0x251f	0x326e	art	1	0x0001	talk	4
script4:Hom:251f:2	SCRIPT4	Hom	9	0x251f	0x326e	art	2	0x34e2	info	4
script4:Hom:251f:3	SCRIPT4	Hom	9	0x251f	0x326e	art	3	0x1221	painting	4
script4:Hom:259b:0	SCRIPT4	Hom	9	0x259b	0x16bd	peace	0	0x0752	bye_bye	4
script4:Hom:259b:1	SCRIPT4	Hom	9	0x259b	0x16bd	peace	1	0x3265	politics	4
script4:Hom:259b:2	SCRIPT4	Hom	9	0x259b	0x16bd	peace	2	0x3a64	friendship	4
script4:Hom:259b:3	SCRIPT4	Hom	9	0x259b	0x16bd	peace	3	0x32e9	izwal	4
script4:Hom:260b:0	SCRIPT4	Hom	9	0x260b	0x1bf1	war	0	0x0752	bye_bye	3
script4:Hom:260b:1	SCRIPT4	Hom	9	0x260b	0x1bf1	war	1	0x3265	politics	3
script4:Hom:260b:2	SCRIPT4	Hom	9	0x260b	0x1bf1	war	2	0x2705	croolis	3
script4:Hom:265d:0	SCRIPT4	Hom	9	0x265d	0x3265	politics	0	0x0752	bye_bye	5
script4:Hom:265d:1	SCRIPT4	Hom	9	0x265d	0x3265	politics	1	0x2700	race	5
script4:Hom:265d:2	SCRIPT4	Hom	9	0x265d	0x3265	politics	2	0x3af0	democracy	5
script4:Hom:265d:3	SCRIPT4	Hom	9	0x265d	0x3265	politics	3	0x39d4	television	5
script4:Hom:265d:4	SCRIPT4	Hom	9	0x265d	0x3265	politics	4	0x0ab0	joke	5
script4:Hom:265d:5	SCRIPT4	Hom	9	0x265d	0x3265	politics	5	0x16bd	peace	5
script4:Hom:265d:6	SCRIPT4	Hom	9	0x265d	0x3265	politics	6	0x1bf1	war	5
script4:Hom:26eb:0	SCRIPT4	Hom	9	0x26eb	0x2d1e	reproduction	0	0x0752	bye_bye	3
script4:Hom:26eb:1	SCRIPT4	Hom	9	0x26eb	0x2d1e	reproduction	1	0x2700	race	3
script4:Hom:26eb:2	SCRIPT4	Hom	9	0x26eb	0x2d1e	reproduction	2	0x3b6c	hom	3
script4:Hom:26eb:3	SCRIPT4	Hom	9	0x26eb	0x2d1e	reproduction	3	0x093a	ondoyant	3
script4:Hom:26eb:4	SCRIPT4	Hom	9	0x26eb	0x2d1e	reproduction	4	0x34e2	info	3
script4:Hom:26eb:5	SCRIPT4	Hom	9	0x26eb	0x2d1e	reproduction	5	0x0ab0	joke	3
script4:Hom:2743:0	SCRIPT4	Hom	9	0x2743	0x325d	science	0	0x0752	bye_bye	11
script4:Hom:2743:1	SCRIPT4	Hom	9	0x2743	0x325d	science	1	0x0001	talk	11
script4:Hom:2743:2	SCRIPT4	Hom	9	0x2743	0x325d	science	2	0x2700	race	11
script4:Hom:2743:3	SCRIPT4	Hom	9	0x2743	0x325d	science	3	0x04dc	planet	11
script4:Hom:2743:4	SCRIPT4	Hom	9	0x2743	0x325d	science	4	0x1083	universe	11
script4:Hom:2743:5	SCRIPT4	Hom	9	0x2743	0x325d	science	5	0x34e2	info	11
script4:Hom:2743:6	SCRIPT4	Hom	9	0x2743	0x325d	science	6	0x3bab	origin	11
script4:Hom:2743:7	SCRIPT4	Hom	9	0x2743	0x325d	science	7	0x2ac0	mind	11
script4:Hom:2859:0	SCRIPT4	Hom	9	0x2859	0x3c45	consuption	0	0x0752	bye_bye	4
script4:Hom:2859:1	SCRIPT4	Hom	9	0x2859	0x3c45	consuption	1	0x0001	talk	4
script4:Hom:2859:2	SCRIPT4	Hom	9	0x2859	0x3c45	consuption	2	0x3304	sinox	4
script4:Hom:2859:3	SCRIPT4	Hom	9	0x2859	0x3c45	consuption	3	0x333f	food	4
script4:Hom:28cb:0	SCRIPT4	Hom	9	0x28cb	0x0ab0	joke	0	0x0752	bye_bye	5
script4:Hom:28cb:1	SCRIPT4	Hom	9	0x28cb	0x0ab0	joke	1	0x0001	talk	5
script4:Hom:28cb:2	SCRIPT4	Hom	9	0x28cb	0x0ab0	joke	2	0x2700	race	5
script4:Hom:28cb:3	SCRIPT4	Hom	9	0x28cb	0x0ab0	joke	3	0x04dc	planet	5
script4:Hom:28cb:4	SCRIPT4	Hom	9	0x28cb	0x0ab0	joke	4	0x34e2	info	5
script4:Hom:28cb:5	SCRIPT4	Hom	9	0x28cb	0x0ab0	joke	5	0x0aaa	laugh	5
script5:Eviscerator:0002:0	SCRIPT5	Eviscerator	0	0x0002	0x0001	talk	0	0x1062	bye_bye	17
script5:Eviscerator:0002:1	SCRIPT5	Eviscerator	0	0x0002	0x0001	talk	1	0x2a4c	peace	17
script5:Eviscerator:0002:2	SCRIPT5	Eviscerator	0	0x0002	0x0001	talk	2	0x2a52	war	17
script5:Eviscerator:0002:3	SCRIPT5	Eviscerator	0	0x0002	0x0001	talk	3	0x2a56	prison	17
script5:Eviscerator:0002:4	SCRIPT5	Eviscerator	0	0x0002	0x0001	talk	4	0x0086	planet	17
script5:Eviscerator:0002:5	SCRIPT5	Eviscerator	0	0x0002	0x0001	talk	5	0x2a5d	television	17
script5:Eviscerator:0002:6	SCRIPT5	Eviscerator	0	0x0002	0x0001	talk	6	0x2a68	politics	17
script5:Eviscerator:0002:7	SCRIPT5	Eviscerator	0	0x0002	0x0001	talk	7	0x2a71	reproduction	17
script5:Eviscerator:0002:8	SCRIPT5	Eviscerator	0	0x0002	0x0001	talk	8	0x2a7e	science	17
script5:Eviscerator:0002:9	SCRIPT5	Eviscerator	0	0x0002	0x0001	talk	9	0x2a86	race	17
script5:Eviscerator:0002:10	SCRIPT5	Eviscerator	0	0x0002	0x0001	talk	10	0x2a8b	consumerism	17
script5:Eviscerator:021c:0	SCRIPT5	Eviscerator	0	0x021c	0x0086	planet	0	0x0001	talk	11
script5:Eviscerator:021c:1	SCRIPT5	Eviscerator	0	0x021c	0x0086	planet	1	0x232c	corpo	11
script5:Eviscerator:021c:2	SCRIPT5	Eviscerator	0	0x021c	0x0086	planet	2	0x22bd	magnus	11
script5:Eviscerator:021c:3	SCRIPT5	Eviscerator	0	0x021c	0x0086	planet	3	0x1c75	vista	11
script5:Eviscerator:021c:4	SCRIPT5	Eviscerator	0	0x021c	0x0086	planet	4	0x1d75	erazor	11
script5:Eviscerator:021c:5	SCRIPT5	Eviscerator	0	0x021c	0x0086	planet	5	0x2b99	trashlando	11
script5:Eviscerator:021c:6	SCRIPT5	Eviscerator	0	0x021c	0x0086	planet	6	0x1c6f	tumul	11
script5:Eviscerator:021c:7	SCRIPT5	Eviscerator	0	0x021c	0x0086	planet	7	0x0f08	pterra	11
script5:Eviscerator:021c:8	SCRIPT5	Eviscerator	0	0x021c	0x0086	planet	8	0x2ba4	Eden	11
script5:Eviscerator:03bc:0	SCRIPT5	Eviscerator	0	0x03bc	0x2a86	race	0	0x1062	bye_bye	23
script5:Eviscerator:03bc:1	SCRIPT5	Eviscerator	0	0x03bc	0x2a86	race	1	0x0001	talk	23
script5:Eviscerator:03bc:2	SCRIPT5	Eviscerator	0	0x03bc	0x2a86	race	2	0x1abb	izwal	23
script5:Eviscerator:03bc:3	SCRIPT5	Eviscerator	0	0x03bc	0x2a86	race	3	0x1ac1	croolis	23
script5:Eviscerator:03bc:4	SCRIPT5	Eviscerator	0	0x03bc	0x2a86	race	4	0x2c4e	sinox	23
script5:Eviscerator:03bc:5	SCRIPT5	Eviscerator	0	0x03bc	0x2a86	race	5	0x2c54	tromp	23
script5:Eviscerator:03bc:6	SCRIPT5	Eviscerator	0	0x03bc	0x2a86	race	6	0x1ac9	migrax	23
script5:Eviscerator:03bc:7	SCRIPT5	Eviscerator	0	0x03bc	0x2a86	race	7	0x2c5a	buggol	23
script5:Eviscerator:03bc:8	SCRIPT5	Eviscerator	0	0x03bc	0x2a86	race	8	0x225b	ondoyant	23
script5:Eviscerator:0626:0	SCRIPT5	Eviscerator	0	0x0626	0x2a4c	peace	0	0x1062	bye_bye	14
script5:Eviscerator:0626:1	SCRIPT5	Eviscerator	0	0x0626	0x2a4c	peace	1	0x0001	talk	14
script5:Eviscerator:0626:2	SCRIPT5	Eviscerator	0	0x0626	0x2a4c	peace	2	0x0a8f	friend	14
script5:Eviscerator:0626:3	SCRIPT5	Eviscerator	0	0x0626	0x2a4c	peace	3	0x2d1d	art	14
script5:Eviscerator:07e5:0	SCRIPT5	Eviscerator	0	0x07e5	0x2a52	war	0	0x1062	bye_bye	15
script5:Eviscerator:07e5:1	SCRIPT5	Eviscerator	0	0x07e5	0x2a52	war	1	0x0001	talk	15
script5:Eviscerator:07e5:2	SCRIPT5	Eviscerator	0	0x07e5	0x2a52	war	2	0x2cfd	battle	15
script5:Eviscerator:07e5:3	SCRIPT5	Eviscerator	0	0x07e5	0x2a52	war	3	0x2d88	enemy	15
script5:Eviscerator:07e5:4	SCRIPT5	Eviscerator	0	0x07e5	0x2a52	war	4	0x0fbc	treasure	15
script5:Eviscerator:0a02:0	SCRIPT5	Eviscerator	0	0x0a02	0x0f67	secrets	0	0x1062	bye_bye	3
script5:Eviscerator:0a02:1	SCRIPT5	Eviscerator	0	0x0a02	0x0f67	secrets	1	0x0001	talk	3
script5:Eviscerator:0a02:2	SCRIPT5	Eviscerator	0	0x0a02	0x0f67	secrets	2	0x2e24	secret	3
script5:Yoko:0a64:0	SCRIPT5	Yoko	1	0x0a64	0x0006	hello	0	0x1062	bye_bye	5
script5:Yoko:0a64:1	SCRIPT5	Yoko	1	0x0a64	0x0006	hello	1	0x0001	talk	5
script5:Yoko:0a64:2	SCRIPT5	Yoko	1	0x0a64	0x0006	hello	2	0x2e31	say_nothing	5
script5:Yoko:0afa:0	SCRIPT5	Yoko	1	0x0afa	0x0001	talk	0	0x1062	bye_bye	1
script5:Yoko:0afa:1	SCRIPT5	Yoko	1	0x0afa	0x0001	talk	1	0x2a86	race	1
script5:Yoko:0afa:2	SCRIPT5	Yoko	1	0x0afa	0x0001	talk	2	0x2d1d	art	1
script5:Yoko:0afa:3	SCRIPT5	Yoko	1	0x0afa	0x0001	talk	3	0x2a68	politics	1
script5:Yoko:0afa:4	SCRIPT5	Yoko	1	0x0afa	0x0001	talk	4	0x2a71	reproduction	1
script5:Yoko:0afa:5	SCRIPT5	Yoko	1	0x0afa	0x0001	talk	5	0x2a7e	science	1
script5:Yoko:0afa:6	SCRIPT5	Yoko	1	0x0afa	0x0001	talk	6	0x2a8b	consumerism	1
script5:Yoko:0b26:0	SCRIPT5	Yoko	1	0x0b26	0x2a86	race	0	0x1062	bye_bye	4
script5:Yoko:0b26:1	SCRIPT5	Yoko	1	0x0b26	0x2a86	race	1	0x0001	talk	4
script5:Yoko:0b26:2	SCRIPT5	Yoko	1	0x0b26	0x2a86	race	2	0x2c6f	Izwal	4
script5:Yoko:0b26:3	SCRIPT5	Yoko	1	0x0b26	0x2a86	race	3	0x2e6f	Slimers	4
script5:Yoko:0b26:4	SCRIPT5	Yoko	1	0x0b26	0x2a86	race	4	0x224c	Croolis	4
script5:Yoko:0b26:5	SCRIPT5	Yoko	1	0x0b26	0x2a86	race	5	0x2cd0	Sinox	4
script5:Yoko:0b26:6	SCRIPT5	Yoko	1	0x0b26	0x2a86	race	6	0x2e77	Tromp	4
script5:Yoko:0b26:7	SCRIPT5	Yoko	1	0x0b26	0x2a86	race	7	0x2bfd	Migrax	4
script5:Yoko:0b26:8	SCRIPT5	Yoko	1	0x0b26	0x2a86	race	8	0x1cbc	Buggol	4
script5:Yoko:0b26:9	SCRIPT5	Yoko	1	0x0b26	0x2a86	race	9	0x225b	ondoyant	4
script5:Yoko:0b26:10	SCRIPT5	Yoko	1	0x0b26	0x2a86	race	10	0x2e7d	Tubular_brain	4
script5:Yoko:0bb4:0	SCRIPT5	Yoko	1	0x0bb4	0x2c6f	Izwal	0	0x1062	bye_bye	22
script5:Yoko:0bb4:1	SCRIPT5	Yoko	1	0x0bb4	0x2c6f	Izwal	1	0x0001	talk	22
script5:Yoko:0bb4:2	SCRIPT5	Yoko	1	0x0bb4	0x2c6f	Izwal	2	0x2a86	race	22
script5:Yoko:0bb4:3	SCRIPT5	Yoko	1	0x0bb4	0x2c6f	Izwal	3	0x2a4c	peace	22
script5:Yoko:0bb4:4	SCRIPT5	Yoko	1	0x0bb4	0x2c6f	Izwal	4	0x0b3b	Yoko	22
script5:Yoko:0bb4:5	SCRIPT5	Yoko	1	0x0bb4	0x2c6f	Izwal	5	0x1488	Maxxon	22
script5:Yoko:0bb4:6	SCRIPT5	Yoko	1	0x0bb4	0x2c6f	Izwal	6	0x0086	planet	22
script5:Yoko:0bb4:7	SCRIPT5	Yoko	1	0x0bb4	0x2c6f	Izwal	7	0x2d49	listen	22
script5:Yoko:0bb4:8	SCRIPT5	Yoko	1	0x0bb4	0x2c6f	Izwal	8	0x0224	like	22
script5:Yoko:0df4:0	SCRIPT5	Yoko	1	0x0df4	0x224c	Croolis	0	0x1062	bye_bye	7
script5:Yoko:0df4:1	SCRIPT5	Yoko	1	0x0df4	0x224c	Croolis	1	0x0001	talk	7
script5:Yoko:0df4:2	SCRIPT5	Yoko	1	0x0df4	0x224c	Croolis	2	0x2a86	race	7
script5:Yoko:0df4:3	SCRIPT5	Yoko	1	0x0df4	0x224c	Croolis	3	0x2a52	war	7
script5:Yoko:0df4:4	SCRIPT5	Yoko	1	0x0df4	0x224c	Croolis	4	0x0a9c	news	7
script5:Yoko:0df4:5	SCRIPT5	Yoko	1	0x0df4	0x224c	Croolis	5	0x2395	brain	7
script5:Yoko:0df4:6	SCRIPT5	Yoko	1	0x0df4	0x224c	Croolis	6	0x2f17	fear	7
script5:Yoko:0efd:0	SCRIPT5	Yoko	1	0x0efd	0x2cd0	Sinox	0	0x1062	bye_bye	4
script5:Yoko:0efd:1	SCRIPT5	Yoko	1	0x0efd	0x2cd0	Sinox	1	0x0001	talk	4
script5:Yoko:0efd:2	SCRIPT5	Yoko	1	0x0efd	0x2cd0	Sinox	2	0x2a86	race	4
script5:Yoko:0efd:3	SCRIPT5	Yoko	1	0x0efd	0x2cd0	Sinox	3	0x0224	like	4
script5:Yoko:0efd:4	SCRIPT5	Yoko	1	0x0efd	0x2cd0	Sinox	4	0x2a7e	science	4
script5:Yoko:0efd:5	SCRIPT5	Yoko	1	0x0efd	0x2cd0	Sinox	5	0x0a9c	news	4
script5:Yoko:0efd:6	SCRIPT5	Yoko	1	0x0efd	0x2cd0	Sinox	6	0x2a5d	television	4
script5:Yoko:0f85:0	SCRIPT5	Yoko	1	0x0f85	0x2e77	Tromp	0	0x1062	bye_bye	3
script5:Yoko:0f85:1	SCRIPT5	Yoko	1	0x0f85	0x2e77	Tromp	1	0x0001	talk	3
script5:Yoko:0f85:2	SCRIPT5	Yoko	1	0x0f85	0x2e77	Tromp	2	0x2a86	race	3
script5:Yoko:0f85:3	SCRIPT5	Yoko	1	0x0f85	0x2e77	Tromp	3	0x0936	know	3
script5:Yoko:0f85:4	SCRIPT5	Yoko	1	0x0f85	0x2e77	Tromp	4	0x27d8	trunk	3
script5:Yoko:0fe3:0	SCRIPT5	Yoko	1	0x0fe3	0x2bfd	Migrax	0	0x1062	bye_bye	4
script5:Yoko:0fe3:1	SCRIPT5	Yoko	1	0x0fe3	0x2bfd	Migrax	1	0x0001	talk	4
script5:Yoko:0fe3:2	SCRIPT5	Yoko	1	0x0fe3	0x2bfd	Migrax	2	0x2a86	race	4
script5:Yoko:0fe3:3	SCRIPT5	Yoko	1	0x0fe3	0x2bfd	Migrax	3	0x2395	brain	4
script5:Yoko:0fe3:4	SCRIPT5	Yoko	1	0x0fe3	0x2bfd	Migrax	4	0x08a0	money	4
script5:Yoko:1057:0	SCRIPT5	Yoko	1	0x1057	0x1cbc	Buggol	0	0x1062	bye_bye	6
script5:Yoko:1057:1	SCRIPT5	Yoko	1	0x1057	0x1cbc	Buggol	1	0x0001	talk	6
script5:Yoko:1057:2	SCRIPT5	Yoko	1	0x1057	0x1cbc	Buggol	2	0x2a86	race	6
script5:Yoko:1057:3	SCRIPT5	Yoko	1	0x1057	0x1cbc	Buggol	3	0x2fa5	election	6
script5:Yoko:1057:4	SCRIPT5	Yoko	1	0x1057	0x1cbc	Buggol	4	0x2fae	president	6
script5:Yoko:1057:5	SCRIPT5	Yoko	1	0x1057	0x1cbc	Buggol	5	0x0a9c	news	6
script5:Yoko:1057:6	SCRIPT5	Yoko	1	0x1057	0x1cbc	Buggol	6	0x2a68	politics	6
script5:Yoko:110d:0	SCRIPT5	Yoko	1	0x110d	0x225b	ondoyant	0	0x1062	bye_bye	6
script5:Yoko:110d:1	SCRIPT5	Yoko	1	0x110d	0x225b	ondoyant	1	0x0001	talk	6
script5:Yoko:110d:2	SCRIPT5	Yoko	1	0x110d	0x225b	ondoyant	2	0x2a86	race	6
script5:Yoko:110d:3	SCRIPT5	Yoko	1	0x110d	0x225b	ondoyant	3	0x300f	emotion	6
script5:Yoko:110d:4	SCRIPT5	Yoko	1	0x110d	0x225b	ondoyant	4	0x0a9c	news	6
script5:Yoko:110d:5	SCRIPT5	Yoko	1	0x110d	0x225b	ondoyant	5	0x3017	feeling	6
script5:Yoko:11cd:0	SCRIPT5	Yoko	1	0x11cd	0x2e7d	Tubular_brain	0	0x1062	bye_bye	3
script5:Yoko:11cd:1	SCRIPT5	Yoko	1	0x11cd	0x2e7d	Tubular_brain	1	0x0001	talk	3
script5:Yoko:11cd:2	SCRIPT5	Yoko	1	0x11cd	0x2e7d	Tubular_brain	2	0x0a9c	news	3
script5:Yoko:1219:0	SCRIPT5	Yoko	1	0x1219	0x2e6f	Slimers	0	0x1062	bye_bye	6
script5:Yoko:1219:1	SCRIPT5	Yoko	1	0x1219	0x2e6f	Slimers	1	0x0001	talk	6
script5:Yoko:1219:2	SCRIPT5	Yoko	1	0x1219	0x2e6f	Slimers	2	0x2a40	information	6
script5:Yoko:1302:0	SCRIPT5	Yoko	1	0x1302	0x2d1d	art	0	0x1062	bye_bye	7
script5:Yoko:1302:1	SCRIPT5	Yoko	1	0x1302	0x2d1d	art	1	0x0001	talk	7
script5:Yoko:1302:2	SCRIPT5	Yoko	1	0x1302	0x2d1d	art	2	0x2d04	music	7
script5:Yoko:1302:3	SCRIPT5	Yoko	1	0x1302	0x2d1d	art	3	0x3055	painting	7
script5:Yoko:1302:4	SCRIPT5	Yoko	1	0x1302	0x2d1d	art	4	0x2a71	reproduction	7
script5:Yoko:1302:5	SCRIPT5	Yoko	1	0x1302	0x2d1d	art	5	0x3083	book	7
script5:Yoko:13da:0	SCRIPT5	Yoko	1	0x13da	0x2a68	politics	0	0x1062	bye_bye	7
script5:Yoko:13da:1	SCRIPT5	Yoko	1	0x13da	0x2a68	politics	1	0x0001	talk	7
script5:Yoko:13da:2	SCRIPT5	Yoko	1	0x13da	0x2a68	politics	2	0x2a4c	peace	7
script5:Yoko:13da:3	SCRIPT5	Yoko	1	0x13da	0x2a68	politics	3	0x2a52	war	7
script5:Yoko:13da:4	SCRIPT5	Yoko	1	0x13da	0x2a68	politics	4	0x30e1	weapon	7
script5:Yoko:14a6:0	SCRIPT5	Yoko	1	0x14a6	0x2a4c	peace	0	0x1062	bye_bye	4
script5:Yoko:14a6:1	SCRIPT5	Yoko	1	0x14a6	0x2a4c	peace	1	0x0001	talk	4
script5:Yoko:14a6:2	SCRIPT5	Yoko	1	0x14a6	0x2a4c	peace	2	0x1e00	family	4
script5:Yoko:152c:0	SCRIPT5	Yoko	1	0x152c	0x2a52	war	0	0x1062	bye_bye	5
script5:Yoko:152c:1	SCRIPT5	Yoko	1	0x152c	0x2a52	war	1	0x0001	talk	5
script5:Yoko:152c:2	SCRIPT5	Yoko	1	0x152c	0x2a52	war	2	0x2a4c	peace	5
script5:Yoko:152c:3	SCRIPT5	Yoko	1	0x152c	0x2a52	war	3	0x3138	slave	5
script5:Yoko:152c:4	SCRIPT5	Yoko	1	0x152c	0x2a52	war	4	0x313e	power	5
script5:Yoko:15be:0	SCRIPT5	Yoko	1	0x15be	0x2a71	reproduction	0	0x1062	bye_bye	11
script5:Yoko:15be:1	SCRIPT5	Yoko	1	0x15be	0x2a71	reproduction	1	0x0001	talk	11
script5:Yoko:15be:2	SCRIPT5	Yoko	1	0x15be	0x2a71	reproduction	2	0x14a3	laugh	11
script5:Yoko:15be:3	SCRIPT5	Yoko	1	0x15be	0x2a71	reproduction	3	0x24f3	idea	11
script5:Yoko:15be:4	SCRIPT5	Yoko	1	0x15be	0x2a71	reproduction	4	0x3157	female	11
script5:Yoko:16fe:0	SCRIPT5	Yoko	1	0x16fe	0x2a7e	science	0	0x1062	bye_bye	7
script5:Yoko:16fe:1	SCRIPT5	Yoko	1	0x16fe	0x2a7e	science	1	0x0001	talk	7
script5:Yoko:16fe:2	SCRIPT5	Yoko	1	0x16fe	0x2a7e	science	2	0x30e1	weapon	7
script5:Yoko:17d2:0	SCRIPT5	Yoko	1	0x17d2	0x2a8b	consumerism	0	0x1062	bye_bye	6
script5:Yoko:17d2:1	SCRIPT5	Yoko	1	0x17d2	0x2a8b	consumerism	1	0x0001	talk	6
script5:Yoko:17d2:2	SCRIPT5	Yoko	1	0x17d2	0x2a8b	consumerism	2	0x31d6	food	6
script5:Honk:1873:0	SCRIPT5	Honk	2	0x1873	0x0001	talk	0	0x1062	bye_bye	4
script5:Honk:1873:1	SCRIPT5	Honk	2	0x1873	0x0001	talk	1	0x3212	optimization	4
script5:Honk:1873:2	SCRIPT5	Honk	2	0x1873	0x0001	talk	2	0x321f	consultation	4
script5:Honk:1873:3	SCRIPT5	Honk	2	0x1873	0x0001	talk	3	0x322c	explanations	4
script5:Honk:1873:4	SCRIPT5	Honk	2	0x1873	0x0001	talk	4	0x3239	calm_down	4
script5:Honk:1873:5	SCRIPT5	Honk	2	0x1873	0x0001	talk	5	0x2f12	play	4
script5:Honk:1873:6	SCRIPT5	Honk	2	0x1873	0x0001	talk	6	0x3243	win	4
script5:Honk:1873:7	SCRIPT5	Honk	2	0x1873	0x0001	talk	7	0x3247	lose	4
script5:Honk:1873:8	SCRIPT5	Honk	2	0x1873	0x0001	talk	8	0x09ea	help	4
script5:Honk:18fb:0	SCRIPT5	Honk	2	0x18fb	0x2f12	play	0	0x0001	talk	12
script5:Honk:18fb:1	SCRIPT5	Honk	2	0x18fb	0x2f12	play	1	0x1587	click	12
script5:Honk:18fb:2	SCRIPT5	Honk	2	0x18fb	0x2f12	play	2	0x3284	dialog	12
script5:Honk:18fb:3	SCRIPT5	Honk	2	0x18fb	0x2f12	play	3	0x328b	fair_play	12
script5:Honk:1af5:0	SCRIPT5	Honk	2	0x1af5	0x3243	win	0	0x0001	talk	8
script5:Honk:1af5:1	SCRIPT5	Honk	2	0x1af5	0x3243	win	1	0x3377	willpower	8
script5:Honk:1af5:2	SCRIPT5	Honk	2	0x1af5	0x3243	win	2	0x3381	strength	8
script5:Honk:1af5:3	SCRIPT5	Honk	2	0x1af5	0x3243	win	3	0x338a	bravery	8
script5:Honk:1af5:4	SCRIPT5	Honk	2	0x1af5	0x3243	win	4	0x3392	pride	8
script5:Honk:1c71:0	SCRIPT5	Honk	2	0x1c71	0x3247	lose	0	0x0001	talk	13
script5:Honk:1c71:1	SCRIPT5	Honk	2	0x1c71	0x3247	lose	1	0x2f17	fear	13
script5:Honk:1c71:2	SCRIPT5	Honk	2	0x1c71	0x3247	lose	2	0x345a	weakness	13
script5:Honk:1c71:3	SCRIPT5	Honk	2	0x1c71	0x3247	lose	3	0x3463	complain	13
script5:Honk:1c71:4	SCRIPT5	Honk	2	0x1c71	0x3247	lose	4	0x346c	anger	13
script5:Honk:1c71:5	SCRIPT5	Honk	2	0x1c71	0x3247	lose	5	0x12a5	break	13
script5:Honk:1c71:6	SCRIPT5	Honk	2	0x1c71	0x3247	lose	6	0x2acb	cry	13
script5:Honk:1e5b:0	SCRIPT5	Honk	2	0x1e5b	0x09ea	help	0	0x0001	talk	20
script5:Honk:1e5b:1	SCRIPT5	Honk	2	0x1e5b	0x09ea	help	1	0x3564	switch_off	20
script5:Honk:1e5b:2	SCRIPT5	Honk	2	0x1e5b	0x09ea	help	2	0x12a5	break	20
script5:Honk:1e5b:3	SCRIPT5	Honk	2	0x1e5b	0x09ea	help	3	0x356f	endless_lives	20
script5:Honk:1e5b:4	SCRIPT5	Honk	2	0x1e5b	0x09ea	help	4	0x357d	disjoncter	20
script5:Honk:1e5b:5	SCRIPT5	Honk	2	0x1e5b	0x09ea	help	5	0x3588	contest	20
script5:Honk:1e5b:6	SCRIPT5	Honk	2	0x1e5b	0x09ea	help	6	0x3590	tips	20
script5:Honk:1e5b:7	SCRIPT5	Honk	2	0x1e5b	0x09ea	help	7	0x3595	presents	20
script5:Honk:1e5b:8	SCRIPT5	Honk	2	0x1e5b	0x09ea	help	8	0x359e	messages	20
script5:Honk:2181:0	SCRIPT5	Honk	2	0x2181	0x3212	optimization	0	0x0001	talk	11
script5:Honk:2181:1	SCRIPT5	Honk	2	0x2181	0x3212	optimization	1	0x3759	speed	11
script5:Honk:2181:2	SCRIPT5	Honk	2	0x2181	0x3212	optimization	2	0x375f	telephone	11
script5:Honk:2181:3	SCRIPT5	Honk	2	0x2181	0x3212	optimization	3	0x3769	keyboard	11
script5:Honk:2181:4	SCRIPT5	Honk	2	0x2181	0x3212	optimization	4	0x1597	mouse	11
script5:Honk:2181:5	SCRIPT5	Honk	2	0x2181	0x3212	optimization	5	0x3772	joystick	11
script5:Honk:2181:6	SCRIPT5	Honk	2	0x2181	0x3212	optimization	6	0x377b	screen	11
script5:Honk:2181:7	SCRIPT5	Honk	2	0x2181	0x3212	optimization	7	0x3782	CDROM	11
script5:Honk:2181:8	SCRIPT5	Honk	2	0x2181	0x3212	optimization	8	0x2d04	music	11
script5:Honk:2181:9	SCRIPT5	Honk	2	0x2181	0x3212	optimization	9	0x3788	sounds	11
script5:Honk:244b:0	SCRIPT5	Honk	2	0x244b	0x321f	consultation	0	0x0001	talk	1
script5:Honk:244b:1	SCRIPT5	Honk	2	0x244b	0x321f	consultation	1	0x3980	therapy	1
script5:Honk:244b:2	SCRIPT5	Honk	2	0x244b	0x321f	consultation	2	0x3988	graphology	1
script5:Honk:247b:0	SCRIPT5	Honk	2	0x247b	0x3980	therapy	0	0x0001	talk	22
script5:Honk:247b:1	SCRIPT5	Honk	2	0x247b	0x3980	therapy	1	0x399e	ego	22
script5:Honk:247b:2	SCRIPT5	Honk	2	0x247b	0x3980	therapy	2	0x39a2	super_ego	22
script5:Honk:247b:3	SCRIPT5	Honk	2	0x247b	0x3980	therapy	3	0x39ac	under_ego	22
script5:Honk:247b:4	SCRIPT5	Honk	2	0x247b	0x3980	therapy	4	0x39b6	end_of_month	22
script5:Honk:247b:5	SCRIPT5	Honk	2	0x247b	0x3980	therapy	5	0x39c3	libido	22
script5:Honk:247b:6	SCRIPT5	Honk	2	0x247b	0x3980	therapy	6	0x39ca	who	22
script5:Honk:247b:7	SCRIPT5	Honk	2	0x247b	0x3980	therapy	7	0x093b	where	22
script5:Honk:247b:8	SCRIPT5	Honk	2	0x247b	0x3980	therapy	8	0x1281	when	22
script5:Honk:247b:9	SCRIPT5	Honk	2	0x247b	0x3980	therapy	9	0x03e5	what	22
script5:Honk:247b:10	SCRIPT5	Honk	2	0x247b	0x3980	therapy	10	0x0665	how	22
script5:Honk:247b:11	SCRIPT5	Honk	2	0x247b	0x3980	therapy	11	0x39ce	why	22
script5:Honk:27df:0	SCRIPT5	Honk	2	0x27df	0x3239	calm_down	0	0x0001	talk	13
script5:Honk:27df:1	SCRIPT5	Honk	2	0x27df	0x3239	calm_down	1	0x0a86	one	13
script5:Honk:27df:2	SCRIPT5	Honk	2	0x27df	0x3239	calm_down	2	0x1c11	two	13
script5:Honk:27df:3	SCRIPT5	Honk	2	0x27df	0x3239	calm_down	3	0x05c4	three	13
script5:Honk:27df:4	SCRIPT5	Honk	2	0x27df	0x3239	calm_down	4	0x1c15	four	13
script5:Honk:27df:5	SCRIPT5	Honk	2	0x27df	0x3239	calm_down	5	0x2358	five	13
script5:Honk:27df:6	SCRIPT5	Honk	2	0x27df	0x3239	calm_down	6	0x1c1a	six	13
script5:Honk:27df:7	SCRIPT5	Honk	2	0x27df	0x3239	calm_down	7	0x29d1	seven	13
script5:Honk:27df:8	SCRIPT5	Honk	2	0x27df	0x3239	calm_down	8	0x1c1e	eight	13
script5:Honk:27df:9	SCRIPT5	Honk	2	0x27df	0x3239	calm_down	9	0x3b47	nine	13
script5:Honk:293d:0	SCRIPT5	Honk	2	0x293d	0x322c	explanations	0	0x1062	bye_bye	36
script5:Honk:293d:1	SCRIPT5	Honk	2	0x293d	0x322c	explanations	1	0x0001	talk	36
script5:Honk:293d:2	SCRIPT5	Honk	2	0x293d	0x322c	explanations	2	0x2810	blood	36
script5:Honk:293d:3	SCRIPT5	Honk	2	0x293d	0x322c	explanations	3	0x1ce0	Bob_Morlock	36
script5:Honk:293d:4	SCRIPT5	Honk	2	0x293d	0x322c	explanations	4	0x024d	Honk	36
script5:Honk:293d:5	SCRIPT5	Honk	2	0x293d	0x322c	explanations	5	0x0708	Ark	36
script5:Honk:293d:6	SCRIPT5	Honk	2	0x293d	0x322c	explanations	6	0x3bdc	Ma	36
script5:Honk:293d:7	SCRIPT5	Honk	2	0x293d	0x322c	explanations	7	0x3bdf	Orxx	36
script5:Honk:293d:8	SCRIPT5	Honk	2	0x293d	0x322c	explanations	8	0x05e9	Olga	36
script5:Honk:293d:9	SCRIPT5	Honk	2	0x293d	0x322c	explanations	9	0x3be4	Big_Bang	36
script5:Honk:293d:10	SCRIPT5	Honk	2	0x293d	0x322c	explanations	10	0x3bed	Black_holes	36
script5:Hom:2f34:0	SCRIPT5	Hom	3	0x2f34	0x3f1c	bonjour	0	0x1062	bye_bye	10
script5:Hom:2f34:1	SCRIPT5	Hom	3	0x2f34	0x3f1c	bonjour	1	0x0001	talk	10
script5:Hom:2f34:2	SCRIPT5	Hom	3	0x2f34	0x3f1c	bonjour	2	0x3f24	not_talk	10
script5:Hom:301d:0	SCRIPT5	Hom	3	0x301d	0x0001	talk	0	0x1062	bye_bye	8
script5:Hom:301d:1	SCRIPT5	Hom	3	0x301d	0x0001	talk	1	0x2a86	race	8
script5:Hom:301d:2	SCRIPT5	Hom	3	0x301d	0x0001	talk	2	0x0086	planet	8
script5:Hom:301d:3	SCRIPT5	Hom	3	0x301d	0x0001	talk	3	0x2a7e	science	8
script5:Hom:301d:4	SCRIPT5	Hom	3	0x301d	0x0001	talk	4	0x2a68	politics	8
script5:Hom:301d:5	SCRIPT5	Hom	3	0x301d	0x0001	talk	5	0x2d1d	art	8
script5:Hom:301d:6	SCRIPT5	Hom	3	0x301d	0x0001	talk	6	0x3fb1	consumption	8
script5:Hom:30c9:0	SCRIPT5	Hom	3	0x30c9	0x2a86	race	0	0x0001	talk	2
script5:Hom:30c9:1	SCRIPT5	Hom	3	0x30c9	0x2a86	race	1	0x1062	bye_bye	2
script5:Hom:30c9:2	SCRIPT5	Hom	3	0x30c9	0x2a86	race	2	0x1abb	izwal	2
script5:Hom:30c9:3	SCRIPT5	Hom	3	0x30c9	0x2a86	race	3	0x1ac1	croolis	2
script5:Hom:30c9:4	SCRIPT5	Hom	3	0x30c9	0x2a86	race	4	0x1ab4	slimer	2
script5:Hom:30c9:5	SCRIPT5	Hom	3	0x30c9	0x2a86	race	5	0x4029	tubular_brain	2
script5:Hom:30c9:6	SCRIPT5	Hom	3	0x30c9	0x2a86	race	6	0x2c4e	sinox	2
script5:Hom:30c9:7	SCRIPT5	Hom	3	0x30c9	0x2a86	race	7	0x2c5a	buggol	2
script5:Hom:30c9:8	SCRIPT5	Hom	3	0x30c9	0x2a86	race	8	0x1ac9	migrax	2
script5:Hom:30c9:9	SCRIPT5	Hom	3	0x30c9	0x2a86	race	9	0x225b	ondoyant	2
script5:Hom:3107:0	SCRIPT5	Hom	3	0x3107	0x1abb	izwal	0	0x1062	bye_bye	22
script5:Hom:3107:1	SCRIPT5	Hom	3	0x3107	0x1abb	izwal	1	0x2a86	race	22
script5:Hom:3107:2	SCRIPT5	Hom	3	0x3107	0x1abb	izwal	2	0x0001	talk	22
script5:Hom:3107:3	SCRIPT5	Hom	3	0x3107	0x1abb	izwal	3	0x0086	planet	22
script5:Hom:3107:4	SCRIPT5	Hom	3	0x3107	0x1abb	izwal	4	0x406a	intelligence	22
script5:Hom:3107:5	SCRIPT5	Hom	3	0x3107	0x1abb	izwal	5	0x31d6	food	22
script5:Hom:3107:6	SCRIPT5	Hom	3	0x3107	0x1abb	izwal	6	0x2a7e	science	22
script5:Hom:3348:0	SCRIPT5	Hom	3	0x3348	0x1ac1	croolis	0	0x1062	bye_bye	14
script5:Hom:3348:1	SCRIPT5	Hom	3	0x3348	0x1ac1	croolis	1	0x2a86	race	14
script5:Hom:3348:2	SCRIPT5	Hom	3	0x3348	0x1ac1	croolis	2	0x2a52	war	14
script5:Hom:3348:3	SCRIPT5	Hom	3	0x3348	0x1ac1	croolis	3	0x2a7e	science	14
script5:Hom:3348:4	SCRIPT5	Hom	3	0x3348	0x1ac1	croolis	4	0x41f9	info	14
script5:Hom:3348:5	SCRIPT5	Hom	3	0x3348	0x1ac1	croolis	5	0x14ad	joke	14
script5:Hom:3348:6	SCRIPT5	Hom	3	0x3348	0x1ac1	croolis	6	0x0086	planet	14
script5:Hom:34b0:0	SCRIPT5	Hom	3	0x34b0	0x1ab4	slimer	0	0x1062	bye_bye	18
script5:Hom:34b0:1	SCRIPT5	Hom	3	0x34b0	0x1ab4	slimer	1	0x2a86	race	18
script5:Hom:34b0:2	SCRIPT5	Hom	3	0x34b0	0x1ab4	slimer	2	0x0086	planet	18
script5:Hom:34b0:3	SCRIPT5	Hom	3	0x34b0	0x1ab4	slimer	3	0x2a7e	science	18
script5:Hom:34b0:4	SCRIPT5	Hom	3	0x34b0	0x1ab4	slimer	4	0x2a68	politics	18
script5:Hom:34b0:5	SCRIPT5	Hom	3	0x34b0	0x1ab4	slimer	5	0x191e	yolk	18
script5:Hom:34b0:6	SCRIPT5	Hom	3	0x34b0	0x1ab4	slimer	6	0x41f9	info	18
script5:Hom:3696:0	SCRIPT5	Hom	3	0x3696	0x4029	tubular_brain	0	0x1062	bye_bye	5
script5:Hom:3696:1	SCRIPT5	Hom	3	0x3696	0x4029	tubular_brain	1	0x2395	brain	5
script5:Hom:3696:2	SCRIPT5	Hom	3	0x3696	0x4029	tubular_brain	2	0x41f9	info	5
script5:Hom:3716:0	SCRIPT5	Hom	3	0x3716	0x2c4e	sinox	0	0x1062	bye_bye	5
script5:Hom:3716:1	SCRIPT5	Hom	3	0x3716	0x2c4e	sinox	1	0x2a86	race	5
script5:Hom:3716:2	SCRIPT5	Hom	3	0x3716	0x2c4e	sinox	2	0x2a7e	science	5
script5:Hom:3716:3	SCRIPT5	Hom	3	0x3716	0x2c4e	sinox	3	0x2f52	technology	5
script5:Hom:3716:4	SCRIPT5	Hom	3	0x3716	0x2c4e	sinox	4	0x41f9	info	5
script5:Hom:37a0:0	SCRIPT5	Hom	3	0x37a0	0x1ac9	migrax	0	0x1062	bye_bye	5
script5:Hom:37a0:1	SCRIPT5	Hom	3	0x37a0	0x1ac9	migrax	1	0x2a86	race	5
script5:Hom:37a0:2	SCRIPT5	Hom	3	0x37a0	0x1ac9	migrax	2	0x0001	talk	5
script5:Hom:37a0:3	SCRIPT5	Hom	3	0x37a0	0x1ac9	migrax	3	0x41f9	info	5
script5:Hom:37a0:4	SCRIPT5	Hom	3	0x37a0	0x1ac9	migrax	4	0x1859	murffalos	5
script5:Hom:3826:0	SCRIPT5	Hom	3	0x3826	0x2c5a	buggol	0	0x1062	bye_bye	2
script5:Hom:3826:1	SCRIPT5	Hom	3	0x3826	0x2c5a	buggol	1	0x2a86	race	2
script5:Hom:3826:2	SCRIPT5	Hom	3	0x3826	0x2c5a	buggol	2	0x2a68	politics	2
script5:Hom:3826:3	SCRIPT5	Hom	3	0x3826	0x2c5a	buggol	3	0x41f9	info	2
script5:Hom:3826:4	SCRIPT5	Hom	3	0x3826	0x2c5a	buggol	4	0x14ad	joke	2
script5:Hom:3860:0	SCRIPT5	Hom	3	0x3860	0x225b	ondoyant	0	0x1062	bye_bye	3
script5:Hom:3860:1	SCRIPT5	Hom	3	0x3860	0x225b	ondoyant	1	0x0001	talk	3
script5:Hom:3860:2	SCRIPT5	Hom	3	0x3860	0x225b	ondoyant	2	0x41f9	info	3
script5:Hom:3860:3	SCRIPT5	Hom	3	0x3860	0x225b	ondoyant	3	0x2a71	reproduction	3
script5:Hom:3860:4	SCRIPT5	Hom	3	0x3860	0x225b	ondoyant	4	0x3fb1	consumption	3
script5:Hom:38c0:0	SCRIPT5	Hom	3	0x38c0	0x1859	murffalos	0	0x1062	bye_bye	5
script5:Hom:38c0:1	SCRIPT5	Hom	3	0x38c0	0x1859	murffalos	1	0x0086	planet	5
script5:Hom:38c0:2	SCRIPT5	Hom	3	0x38c0	0x1859	murffalos	2	0x2a71	reproduction	5
script5:Hom:38c0:3	SCRIPT5	Hom	3	0x38c0	0x1859	murffalos	3	0x3fb1	consumption	5
script5:Hom:38c0:4	SCRIPT5	Hom	3	0x38c0	0x1859	murffalos	4	0x41f9	info	5
script5:Hom:394c:0	SCRIPT5	Hom	3	0x394c	0x0086	planet	0	0x1062	bye_bye	19
script5:Hom:394c:1	SCRIPT5	Hom	3	0x394c	0x0086	planet	1	0x0001	talk	19
script5:Hom:394c:2	SCRIPT5	Hom	3	0x394c	0x0086	planet	2	0x1d75	erazor	19
script5:Hom:394c:3	SCRIPT5	Hom	3	0x394c	0x0086	planet	3	0x1c81	mastachok	19
script5:Hom:394c:4	SCRIPT5	Hom	3	0x394c	0x0086	planet	4	0x1c6f	tumul	19
script5:Hom:394c:5	SCRIPT5	Hom	3	0x394c	0x0086	planet	5	0x1d7c	rondo	19
script5:Hom:394c:6	SCRIPT5	Hom	3	0x394c	0x0086	planet	6	0x22ea	cyberock	19
script5:Hom:394c:7	SCRIPT5	Hom	3	0x394c	0x0086	planet	7	0x4533	troma	19
script5:Hom:394c:8	SCRIPT5	Hom	3	0x394c	0x0086	planet	8	0x4539	attrox	19
script5:Hom:3af6:0	SCRIPT5	Hom	3	0x3af6	0x2a5d	television	0	0x1062	bye_bye	5
script5:Hom:3af6:1	SCRIPT5	Hom	3	0x3af6	0x2a5d	television	1	0x41f9	info	5
script5:Hom:3af6:2	SCRIPT5	Hom	3	0x3af6	0x2a5d	television	2	0x3fb1	consumption	5
script5:Hom:3af6:3	SCRIPT5	Hom	3	0x3af6	0x2a5d	television	3	0x2a68	politics	5
script5:Hom:3b82:0	SCRIPT5	Hom	3	0x3b82	0x4688	arts	0	0x1062	bye_bye	4
script5:Hom:3b82:1	SCRIPT5	Hom	3	0x3b82	0x4688	arts	1	0x0001	talk	4
script5:Hom:3b82:2	SCRIPT5	Hom	3	0x3b82	0x4688	arts	2	0x41f9	info	4
script5:Hom:3b82:3	SCRIPT5	Hom	3	0x3b82	0x4688	arts	3	0x3055	painting	4
script5:Hom:3bfe:0	SCRIPT5	Hom	3	0x3bfe	0x2a4c	peace	0	0x1062	bye_bye	4
script5:Hom:3bfe:1	SCRIPT5	Hom	3	0x3bfe	0x2a4c	peace	1	0x2a68	politics	4
script5:Hom:3bfe:2	SCRIPT5	Hom	3	0x3bfe	0x2a4c	peace	2	0x46bc	friendship	4
script5:Hom:3bfe:3	SCRIPT5	Hom	3	0x3bfe	0x2a4c	peace	3	0x1abb	izwal	4
script5:Hom:3c6e:0	SCRIPT5	Hom	3	0x3c6e	0x2a52	war	0	0x1062	bye_bye	3
script5:Hom:3c6e:1	SCRIPT5	Hom	3	0x3c6e	0x2a52	war	1	0x2a68	politics	3
script5:Hom:3c6e:2	SCRIPT5	Hom	3	0x3c6e	0x2a52	war	2	0x1ac1	croolis	3
script5:Hom:3cc0:0	SCRIPT5	Hom	3	0x3cc0	0x2a68	politics	0	0x1062	bye_bye	5
script5:Hom:3cc0:1	SCRIPT5	Hom	3	0x3cc0	0x2a68	politics	1	0x2a86	race	5
script5:Hom:3cc0:2	SCRIPT5	Hom	3	0x3cc0	0x2a68	politics	2	0x1cc3	democracy	5
script5:Hom:3cc0:3	SCRIPT5	Hom	3	0x3cc0	0x2a68	politics	3	0x2a5d	television	5
script5:Hom:3cc0:4	SCRIPT5	Hom	3	0x3cc0	0x2a68	politics	4	0x14ad	joke	5
script5:Hom:3cc0:5	SCRIPT5	Hom	3	0x3cc0	0x2a68	politics	5	0x2a4c	peace	5
script5:Hom:3cc0:6	SCRIPT5	Hom	3	0x3cc0	0x2a68	politics	6	0x2a52	war	5
script5:Hom:3d4e:0	SCRIPT5	Hom	3	0x3d4e	0x2a71	reproduction	0	0x1062	bye_bye	3
script5:Hom:3d4e:1	SCRIPT5	Hom	3	0x3d4e	0x2a71	reproduction	1	0x2a86	race	3
script5:Hom:3d4e:2	SCRIPT5	Hom	3	0x3d4e	0x2a71	reproduction	2	0x1b9f	hom	3
script5:Hom:3d4e:3	SCRIPT5	Hom	3	0x3d4e	0x2a71	reproduction	3	0x225b	ondoyant	3
script5:Hom:3d4e:4	SCRIPT5	Hom	3	0x3d4e	0x2a71	reproduction	4	0x41f9	info	3
script5:Hom:3d4e:5	SCRIPT5	Hom	3	0x3d4e	0x2a71	reproduction	5	0x14ad	joke	3
script5:Hom:3da6:0	SCRIPT5	Hom	3	0x3da6	0x2a7e	science	0	0x1062	bye_bye	11
script5:Hom:3da6:1	SCRIPT5	Hom	3	0x3da6	0x2a7e	science	1	0x0001	talk	11
script5:Hom:3da6:2	SCRIPT5	Hom	3	0x3da6	0x2a7e	science	2	0x2a86	race	11
script5:Hom:3da6:3	SCRIPT5	Hom	3	0x3da6	0x2a7e	science	3	0x0086	planet	11
script5:Hom:3da6:4	SCRIPT5	Hom	3	0x3da6	0x2a7e	science	4	0x09d7	universe	11
script5:Hom:3da6:5	SCRIPT5	Hom	3	0x3da6	0x2a7e	science	5	0x41f9	info	11
script5:Hom:3da6:6	SCRIPT5	Hom	3	0x3da6	0x2a7e	science	6	0x47c9	origin	11
script5:Hom:3da6:7	SCRIPT5	Hom	3	0x3da6	0x2a7e	science	7	0x1483	mind	11
script5:Hom:3ebc:0	SCRIPT5	Hom	3	0x3ebc	0x4866	consommation	0	0x1062	bye_bye	4
script5:Hom:3ebc:1	SCRIPT5	Hom	3	0x3ebc	0x4866	consommation	1	0x0001	talk	4
script5:Hom:3ebc:2	SCRIPT5	Hom	3	0x3ebc	0x4866	consommation	2	0x2c4e	sinox	4
script5:Hom:3ebc:3	SCRIPT5	Hom	3	0x3ebc	0x4866	consommation	3	0x31d6	food	4
script5:Hom:3f2a:0	SCRIPT5	Hom	3	0x3f2a	0x14ad	joke	0	0x1062	bye_bye	5
script5:Hom:3f2a:1	SCRIPT5	Hom	3	0x3f2a	0x14ad	joke	1	0x0001	talk	5
script5:Hom:3f2a:2	SCRIPT5	Hom	3	0x3f2a	0x14ad	joke	2	0x2a86	race	5
script5:Hom:3f2a:3	SCRIPT5	Hom	3	0x3f2a	0x14ad	joke	3	0x0086	planet	5
script5:Hom:3f2a:4	SCRIPT5	Hom	3	0x3f2a	0x14ad	joke	4	0x41f9	info	5
script5:Hom:3f2a:5	SCRIPT5	Hom	3	0x3f2a	0x14ad	joke	5	0x14a3	laugh	5
