# addr,name,comment
# addr forms: 0xNNNNN = file offset | SEG:OFF = relative seg:off | DS:0xNNNN = DS-relative | IMG:0xNNNN = image offset
0x000600,entry,MZ entry point; sets DS/SS=0x0ce2 SP=0x7e78
0x000CCB,init_early,called from entry, returns status in AX (far? near call e8)
0x0006EC,startup_fail_or_main,jmp target after early init
0x00D420,str_386_minimum,386 minimum ! -- DS:0x0000, data segment base
0x0062B6,vm_token_advance,"decode+skip one script token; biases op by 0xa0, uses length table DS:0x6f18"
0x006293,vm_token_special,called for length-0 opcodes (A8 AC CC D3) from token_advance
0x0073AF,vm_token_walker,scan script for 0xA6 text token matching index bx
0x014338,vm_opcode_lengths,"per-opcode length/sentinel table DS:0x6f18, opcodes A0..D3 x2 bytes"
0x002E33,binary_u32_sqrt,"integer square-root helper for DX:AX, used by ship 3D position distance"
0x0031C8,render_string,"subtitle glyph blitter: SI=ascii str, DI=screen off, DL=color, ES=screen, stride 320; font tables gs:0x7802/0x78b2/0x7908"
DS:0x7802,font_ascii_map,ASCII->glyph index (xlatb base)
DS:0x78B2,font_advances_ds,per-glyph advance widths (DS offset)
DS:0x7908,font_glyphs_ds,8-byte glyph bitmaps (DS offset)
DS:0x67AD,vm_mode,current decode mode (0/1); set by FF/FE sentinels
DS:0x67AA,vm_c2_presentation_flags,C2 kind-0x0400 sets bit 1 after descript.des helper success
DS:0x67B2,vm_flag_b2,gates 0xFB sentinel handling in token_advance
DS:0x6712,vm_resource_offsets,five u16 resource offsets populated at 0x53c8 from FS:0x11f4+profile*10; resolved at 0x55d9 into DS:0x671c..0x672f
DS:0x671C,vm_cod_ptr_exec,COD far pointer used by main exec loop (lds si at 0x5601)
DS:0x6720,vm_cod_ptr_aux,COD far pointer used by token walkers/helpers
DS:0x6724,vm_state_ptr,far ptr to runtime object/line-record state table; serialized by save/load and read by VM record handlers
DS:0x6728,vm_dic_ptr,DIC far pointer used by 0xA6 text assembly
DS:0x672C,vm_deb_object_table_ptr,DEB/object table far pointer scanned in 20-byte records
DS:0x677E,vm_resource_profile_index,current selected script/resource profile index; 0x53A0 avoids reload when AX matches
DS:0x6780,vm_pending_resource_profile,pending D2-requested resource profile index; main loop consumes it at 0x10c5
DS:0x6772,vm_pc,script program counter (offset into COD)
DS:0x6776,vm_pc_saved,saved/next PC used in branch handling
DS:0x6782,vm_branch_a,VM control-flow state word
DS:0x6784,vm_branch_b,VM control-flow state word
DS:0x67F8,vm_word_buf,word buffer filled by 0xA3 handler (collect word list)
DS:0x6770,vm_pending_word,pending word appended by 0xA3 handler
0x005AFD,vm_op_a3_collect,opcode 0xA3 handler: copy 0-term word list from COD into gs:0x67f8
0x0056FE,vm_control_flow,VM branch/gosub control: updates PC gs:0x6772 via calls 0x577a/0x56a6/0x5afd
0x0053A0,vm_resource_profile_select,"select script/resource profile AX; free old DS:0x6712 resources, copy five FS:0x11f4+AX*10 offsets into DS:0x6712, clear VM globals"
0x0053C8,vm_resource_offsets_populate,copy selected five-resource profile from FS:0x11f4+AX*10 into DS:0x6712
0x0053DA,vm_resource_offset_copy_loop,copy and validate five selected resource offsets into DS:0x6712
0x00D3E4,script_resource_profile_table,FS:0x11f4 five 10-byte script profiles: COD/BAS/VAR/DIC/DEB resource IDs
0x00108E,main_pending_profile_check,"if DS:0x6780 != 0xffff and presentation is idle, dispatch pending script profile"
0x0010C5,main_pending_profile_dispatch,"loads AX=DS:0x6780, calls vm_resource_profile_select, clears pending profile, and runs VM"
0x0055A4,vm_run_wrapper,"prepares script resource far pointers, calls BIOS RTC writers, then enters vm_exec_loop || ALSO RECORDED as `vm_run_wrapper_is_the_per_frame_gameplay`: ARCHITECTURE: the main loop's per-frame update (lcall 0x4da:0x204, gated on [0x27e0]&1) IS vm_run_wrapper 0x55a4 - it resolves the 5 script-profile resources (DS:0x6712->DS:0x671c far ptrs via 0x55d9) then enters vm_exec_loop, gated on VM-active [0x67a8]&1. KEY: gameplay = VM SCRIPT EXECUTION. The object-simulation, combat, and interactions are script opcodes the VM runs each frame over the loaded profile (COD/BAS/VAR/DIC) - NOT a separate native loop. Unifies the decoded subsystems: main loop -> vm_run_wrapper -> vm_exec_loop -> opcodes (A6 text/C1 ship-3d/C4 presentation/D2 profile) -> entity table (0x6212) + render path. The entity accessors are called from VM opcode handlers || MERGED 2026-07-25 (audit-fixes #184): one address under several names, folded by union."
0x0055D9,vm_resource_ptr_resolve_loop,resolves five DS:0x6712 resource offsets through 0x04b9:0190 into far pointers at DS:0x671c
0x0055F5,vm_exec_loop,main script interpreter loop; di=0x6eb0 handler table; dispatch at 0x5627
0x005627,vm_dispatch,"call gs:[bx+0x6eb0], bx=(opcode-0xa0)*2 -> per-opcode near handler"
0x005FD8,vm_special_slot_remove,remove AX from 16-word sentinel list DS:0x6d3e; CF set on hit
0x005FF6,vm_special_slot_insert,insert AX into 16-word sentinel list DS:0x6d3e; CF clear only when full
DS:0x6D3E,vm_special_slots,16-word runtime list for fields set to the blood/0xffff sentinel
0x0064B8,vm_op_d2_script_profile_request,0xD2 handler: DS:0x6780 = sign_extend(operand byte) - 1
0x00660C,vm_op_a6_text,0xA6 TEXT handler: b1b2=line index into gs:0x6724; b3->gs:0x1fab; b4/b5=control(skip/loop/active 0x80)
0x006B4C,vm_op_c1_record_state,0xC1 line-record state handler; raw token C1 record operand
0x006B8B,ship_3d_c1_mode1_resolved_compare,C1 mode-1 raw operand 1/2 compare path: selector-0x11 target then selector-0x13 record slot
0x006BEA,ship_3d_c1_distance_redirect,C1 raw operand 1/2 distance gate: nonzero distance redirects DI through selector-0x11 and requires a kind-0x10 target
0x006C1C,ship_3d_c1_source_list_select,C1 kind-0x10 source-list scan: kind-2 object-table bitset or kind-1 operand flag selects the resolved branch
0x006C48,ship_3d_c1_kind10_destination_write,"C1 kind-0x10 resolved branch writes {0x00c1, operand, 0x0002} to selector-0x13 destination if empty"
0x006C7E,vm_op_c4_actor,"0xC4 actor/record handler; consumes record+related u16 operands and writes es:[record]={0xc4,related,0}"
0x0070EE,ship_3d_navigation_candidate_build,"filters helper-produced source list into DS:0x2B53: kind 2, active bit set, excluding Honk"
DS:0x1FAB,vm_text_selector,signed per-line selector set from 0xA6 b3 (0xff/0x00=no voice; 1..N=talk clip)
DS:0x67AB,vm_skip_count,skip-N-tokens counter (IF/branch); set by 0xA6 b4&0x08
DS:0x67B1,vm_loop_flag,bit0=loop active bit1=loop range
DS:0x6778,vm_loop_target,loop target address set by 0xA6 b4&0x10
DS:0x677C,vm_a6_b3_ptr,saved pointer to 0xA6 b3 byte
DS:0x674E,vm_special_blood_object,DEB object offset for built-in name blood; 0x6946 remaps RHS to 0xffff
DS:0x6750,vm_named_orxx_object,DEB object offset for built-in name orxx
DS:0x6752,vm_named_arche_object,DEB object offset for built-in name arche
DS:0x6754,vm_named_honk_object,DEB object offset for built-in name Honk
DS:0x6756,vm_named_menu_object,DEB object offset for built-in name menu
DS:0x6758,vm_named_ark_object,DEB object offset for built-in name Ark
DS:0x675E,vm_presentation_primary_c4_record,current/previous presentation C4 record pointer; tested in 0x5816 kind-2 handoff and cleared at 0x5c26
DS:0x6760,vm_named_scruter_jo_object,DEB object offset for built-in name Scruter_Jo
DS:0x6768,vm_deferred_record_type,deferred record type drained by 0x5816 after presentation state handling
DS:0x676A,vm_deferred_record_related,deferred record related pointer drained by 0x5816 after presentation state handling
DS:0x676C,vm_deferred_record_aux,deferred record aux word drained by 0x5816 after presentation state handling
DS:0x679C,vm_named_vbio_object,kind-5 DEB offset for built-in name vbio
DS:0x67BE,vm_named_object_string_table,"built-in DEB name table scanned at 0x5486 (kind-1 objects only: `cmp [si+0x12],1`). COMPLETE name -> GLOBAL mapping now decoded, each name compared in turn via lcall 0x1CE:0x2C4 and the matching object offset [si+0x10] stored: blood@0x67BE -> gs:0x674E (and additionally obj+8 -> gs:0x675E, obj+16 -> gs:0x6746, bx -> gs:0x6748); orxx@0x67C4 -> gs:0x6750; Honk@0x67C9 -> gs:0x6754; menu@0x67CE -> gs:0x6756; arche@0x67D3 -> gs:0x6752; cryobox@0x67D9 -> NOT SCANNED (the chain jumps arche -> Ark, so cryobox is genuinely unreferenced); Ark@0x67E1 -> gs:0x6758; Scruter_Jo@0x67E5 -> gs:0x6760; vbio@0x67F0 -> gs:0x679C. Ported exactly by VmNamedObjectOffsets::set, which carries the same eight names and correctly omits cryobox"
DS:0x1FB2,vm_c2_presentation_gate,C2 special-kind branch clears this byte before setting active line
DS:0x67B4,vm_ctrl_signal,handler->loop control signal (nonzero = special)
DS:0x67AC,vm_presentation_active,kind-1 C4 path sets while presentation is active; D2 pending-profile dispatch waits for it to clear
DS:0x67AF,vm_presentation_related_flag20,0x5816 kind-1 C4 path mirrors related object +2 bit 0x20
DS:0x67B0,vm_presentation_defer_a,main loop presentation gate byte included in D2 idle wait
DS:0x67B6,vm_presentation_pair_write_disabled,zeroed at 0x5816 entry; when set skips 0x5D8F reciprocal C4 pair write
DS:0x67B7,vm_presentation_start_lock,set by 0x5816 kind-1 C4 start path; kind-2 handoff waits while set
DS:0x67BA,vm_presentation_text_wait,cleared by 0x5816 kind-1 C4 start path
DS:0x67BB,vm_dialogue_hold_complete,set by reveal/record hold completion and consumed by main loop
DS:0x67BC,vm_presentation_hold_ready,main loop sets while active after hold completion; start path clears it
DS:0x6788,vm_active_line,active dialogue-line id = sign_extend(0xA6 b3)+9; reset 0xffff on clear
0x0011E8,dlg_line_activate,reads signed gs:0x1fab(b3)+9 -> gs:0x6788 active line id
0x00115D,dlg_chatter_hold_consume,tests and clears gs:0x67bb line-complete hold flag
0x001A5E,dlg_clear_a,clear dialogue/scene state: reset 0x1fab/0x6788/display gates; calls 0x71e:0x14b6
0x00B521,dlg_clear_b,clear dialogue/scene state variant; resets voice/subtitle gates
0x071E:0x14B6,dlg_stop_common,common stop/clear routine called by dialogue clear paths
0x0012E8,snd_scene_cleanup,close+delete temp son.snd/mus.snd on scene change (int21 3E/41)
0x001C3F,vm_state_save,save-game path writes runtime state block DS:0x6724 after header/globals
0x001CBD,vm_state_load,load-game path reads runtime state block DS:0x6724 before rebuilding derived VM pointers/state
0x00B9DE,snd_clip_player,"SND clip player: AX=clip index; table DS:0x0bbf (off+len), bank DS:0x0bb3, +6 hdr; in-mem or lseek/read"
0x00C005,snd_bank_loader,"SND bank loader/extractor at 0x0B1B:0x0855; AX=0 builds in-memory table, AX!=0 preserves table and can write son.snd"
DS:0x0BBF,snd_clip_table,"per-clip table: u16 offset + u16 len, indexed by clip*4"
DS:0x0BB3,snd_bank_base,loaded SND bank base (far ptr) for in-memory clip play
DS:0x0BB7,snd_read_buf,son.snd streamed-read destination buffer (far ptr)
DS:0x0C47,h_son_snd,DOS file handle for temp son.snd (voices/SFX)
DS:0x0C49,h_mus_snd,DOS file handle for temp mus.snd (music)
DS:0x0CFC,snd_path_tb,static SND path string: sn\tb.snd
DS:0x0D06,snd_path_template,static SND path template: sn\xxxxxxxxxxxx
DS:0x0D16,snd_path_radio,static SND path string: sn\radio.snd
DS:0x0D23,snd_path_3d,static SND path string: sn\3D.snd
DS:0x5249,sprite_dirty_global_clip_snapshot_flag,"when set, sprite_slot_commit_dirty_range writes clip DS:0x5235..0x523B to dirty rect list"
DS:0x6612,sprite_dirty_rect_list,dirty rectangle list consumed by sprite_slot_dirty_range_render; terminated by 0xFFFF
0x001E5D,ship_3d_interpolation_gate,"four-word interpolation gate; carry clear while drawing, carry set when DS:0x0ADB reaches DS:0x0ADA"
0x00420D,sprite_slot_position_update,"updates sprite slot +0x08/+0x0A screen position words and sets dirty bit on change || ALSO RECORDED as `sprite_slot_set_draw_position`: SPRITE-SLOT DRAW-POSITION SETTER (CORRECTED - was mislabelled entity_flag_set_if_field8_mismatch, which called +8 'a comparable id/group/target'). Called as lcall 0x299:0x127D from the nav projector 0x9CEF with AX=object id, BX=draw x, CX=draw y. bx=0x6212+(id<<5); ax=gs:[bx] flags; `test al,0x81` requires ACTIVE(0x80)+bit0 else return; then INDEPENDENTLY: if bx != gs:[bx+8] set dirty `or al,2` and store x at +8; if cx != gs:[bx+0xA] set dirty and store y at +0xA; finally write the flags back. So entity fields +0x08/+0x0A ARE the sprite draw X/Y, and 0x02 is the DIRTY bit. Ported exactly: ship3d.rs update_ship_3d_sprite_slot_position (ACTIVE_MASK 0x0081, DIRTY_FLAG 0x0002) || MERGED 2026-07-25 (audit-fixes #184): one address under several names, folded by union."
0x0042CD,sprite_slot_extent_update,"updates sprite slot +0x0C/+0x0E extent words and sets dirty/source-change bits on change || ALSO RECORDED as `subobject_sprite_render`: 0x299:0x133D (called from entity_draw with cx,dx = scaled coords): the SUB-OBJECT SPRITE renderer — the candidate consumer of the world payload's 0x80|node reference walks (sprite-strip descriptors). Pinned as the ext-consumer trace's next hop || ALSO RECORDED as `entity_dirty_track`: CORRECTED (was mis-labeled set-target/stepper): [bx+0xC]/[bx+0xE] = the entity's LAST screen position; entity_draw compares the camera-derived scaled coords (cx,dx) to it and sets redraw flags (0x12) on change = DIRTY-RECT tracking. Entities are STATIC in world space (drawn at their .ext positions); only the camera moves. There is NO entity walk/stepper — that gated row was a misreading and is RETIRED || ALSO RECORDED as `sprite_slot_set_extent`: SPRITE-SLOT EXTENT SETTER (CORRECTED - was mislabelled entity_step_pinned 'the per-frame position STEPPER'). Called as lcall 0x299:0x133D from the nav projector 0x9CD6 with AX=object id, CX=scaled width, DX=scaled height (computed just above at 0x9CB2..0x9CCC as source dim * depth_scale then shrd 0xA). bx=0x6212+(id<<5); `test al,0x81` active gate; lds si,[bp+4] = the SOURCE descriptor. If CX==[si] AND DX==[si+2] (scaled == source): `btr ax,4` clears the EXTENT-CHANGED bit and, ONLY if it had been set (CF), `or al,2` marks dirty. Otherwise if CX/DX differ from gs:[bx+0xC]/gs:[bx+0xE]: `or al,0x12` (dirty 0x02 | extent-changed 0x10) and store the new extent at +0xC/+0xE. So entity fields +0x0C/+0x0E are the sprite EXTENT (w/h). Ported exactly: ship3d.rs update_ship_3d_sprite_slot_extent (EXTENT_CHANGED_FLAG 0x0010) || MERGED 2026-07-25 (audit-fixes #184): one address under several names, folded by union."
0x0043F7,sprite_slot_commit_dirty_range,commits dirty active sprite-slot current geometry into previous-geometry fields across AX..BX
0x004471,sprite_slot_dirty_range_render,"walks active sprite slots against dirty rects, selects blitter dispatch, and clears dirty bit"
0x0098B9,ship_3d_projection_matrix_build,builds 3x3 fixed-point projection matrix at DS:0x2F95 from angle table DS:0x4F45 and angle words DS:0x2F71/0x2F6D/0x2F6F
0x009A10,ship_3d_point_cloud_project,projects 1000 DS:0x2FC1 point-cloud records through DS:0x2F95 matrix and plots clipped depth shades
0x009B67,ship_3d_point_cloud_randomize,initializes 1000 point-cloud records at DS:0x2FC1 with random x/y/z words
0x009B98,ship_3d_object_sprite_project,"NAV-DESTINATION PROJECTOR - FULL decode. Loop counter gs:[0x2F77] runs 0x0B-1 down to 0 (11 iterations); entity = 0x6212+((i+0x15)<<5) so entities 0x15..0x1F. GATE: test word [si],0x80 = the entity flags bit7 (active) - inactive entities are skipped. POSITION SOURCE: bx starts at DS:0x4F09 and advances by 6 each iteration (add bx,6 @0x9CF5), i.e. an 11-entry table of THREE int16 (x,y,z), stride 6 - CORRECTION: 0x4F09 is the projector INPUT table, NOT per-frame scratch (0x4F01 is the 8-byte working copy it copies into). Camera origin gs:0x2F65/0x2F67/0x2F69 is subtracted. depth=(x*m[0x18]+y*m[0x1C]+z*m[0x20])>>15, skip if 0, +0x10000 if negative; scale=0x100000/depth -> [bp+0x2A]. screen_x=((x*m[0]+y*m[4]+z*m[8])>>7)/depth+0xA0(160); screen_y=((x*m[0x0C]+y*m[0x10]+z*m[0x14])>>7)/depth+0x64(100). Sprite dims: the far ptr at [si+4] gives w/h, each *scale then shrd 10 (>>10) - matches the port dim*depth_scale>>10. Draw at (screen_x-[si+0xC]/2, screen_y-[si+0xE]/2). BAKED table @file 0x12329 = 11 x (10200,12100,900) IDENTICAL, and the literal 0x4F09 is referenced ONLY here, so the per-destination positions must be written through a POINTER at runtime - locating that writer is the remaining task. PORT GAP: engine.rs render_nav_pyramid_sprites fabricates a 7x4=28-point grid (ROW_Z 600/1500/3000/5600, xi*700, CAMERA_DEPTH_BIAS 8804) - wrong in COUNT (should be 11), GATE (should be entity active bit7) and POSITION SOURCE"
0x00AFA0,ship_presentation_fsm,"ship/navigation presentation FSM; dispatches ship HUD, procedural 3D, and dialogue update branches"
0x00B079,ship_3d_hud_init,sets DS:0x2793 bit 3 and initializes ship HUD/procedural-3D state
0x00B24C,ship_3d_alt_framebuffer_band_copy_call,calls plane-band updater after swapping DS:0x5219 to DS:0x521D
0x00B2BB,ship_3d_target_record_select,selects next ship/navigation target record from DS:0x250B or fallback DS:0x2537
0x00B34E,ship_3d_navigation_update,ship/navigation update branch gated by DS:0x27D8; updates target records and transition flags
0x00B481,ship_3d_navigation_sequence_update,"active ship/navigation sequence branch: temp 3D.snd path, procedural update, framebuffer copy, target-query exit arm"
0x00B5DC,ship_3d_snd_bank_load_call,direct SND bank-loader call for sn\3D.snd with AX=0 SI=DS:0x0D23
0x00B610,ship_3d_snd_bank_restore_call,restores sn\tb.snd after the temporary 3D.snd presentation path
0x00B692,ship_3d_transition_state_update,updates ship 3D transition state DS:0x2531/0x252F/0x2530
0x00B6DD,ship_3d_plane_band_copy,gated VGA planar page-band copy into framebuffer for ship/procedural-3D path
0x00B75C,ship_3d_depth_scroll_step,moves DS:0x2527 toward the active target using step DS:0x2531
DS:0x250B,ship_3d_target_list,word list/pointer consumed by ship target selector before fallback DS:0x2537
DS:0x251B,ship_3d_current_target,current ship/navigation target record pointer
DS:0x253B,ship_3d_navigation_trigger_target_list,word list used by 0xB34E target-list layout branch
DS:0x254D,ship_3d_navigation_layout_x_snapshot,x snapshot copied from DS:0x2AAB by 0xB34E trigger prelude
DS:0x2551,ship_3d_navigation_layout_width_snapshot,width snapshot copied from DS:0x2AAF by 0xB34E trigger prelude
DS:0x252A,ship_3d_sequence_active,state byte set by navigation update and consumed by temporary 3D.snd/presentation path
DS:0x252B,ship_3d_target_select_phase,phase byte in ship target selector
DS:0x252C,ship_3d_target_fallback_flag,set when target selector falls back from DS:0x250B to inline DS:0x2537 table
DS:0x2793,ship_3d_hud_gate_flag,bit 3 gates the ship pyramid-nav HUD/procedural-3D path
DS:0x2527,ship_3d_depth_offset,animated ship 3D plane/depth offset
DS:0x252E,ship_3d_plane_copy_enable,nonzero gate for the ship 3D VGA planar page-band copy routine
DS:0x252F,ship_3d_opening_flag,opening/scroll-in flag consumed by ship 3D depth-step routine
DS:0x2530,ship_3d_closing_flag,closing/scroll-out flag consumed by ship 3D depth-step routine
DS:0x2531,ship_3d_depth_step,ship 3D depth/plane offset step size
DS:0x2532,ship_3d_exit_pending,state gate set before ship presentation exit/reset branch
DS:0x2533,ship_3d_transition_armed,state latch used by ship 3D transition updater
DS:0x2537,ship_3d_fallback_target_table,inline fallback target table used when DS:0x250B is -1
DS:0x27D8,ship_3d_navigation_trigger,state byte gating ship/navigation update at file 0xB34E
DS:0x2B53,ship_3d_navigation_candidate_list,zero-terminated candidate record list built by 0x04DA:0x1D4E and consumed by 0xB34E
DS:0x6886,ship_3d_navigation_source_list,-1-terminated recursive source list built by 0x00624B before filtering into DS:0x2B53
DS:0x0A36,ship_3d_pending_presentation_state,word copied into DS:0x0A32 when ship/navigation trigger DS:0x27D8 fires
DS:0x2A19,ship_3d_nav_choice_selected,1-based navigation choice committed by 0x071E:0x0E02 before handler dispatch
DS:0x2795,bridge_panorama_frame_index,"current TB.BIG bridge-panorama frame (0..179, 2deg/frame). Copied verbatim into ship-3D yaw [0x2f6d] at 0x97e7. LIVE-VERIFIED (BRIDGEPROBE): console rest=55 (decode matches emulator capture mean_abs 2.47), mouse-left-edge steers to 15, right edge to 64, springs back to 55 at centre. The old 0x28..0x3C (40..60) compare before menu hit testing = the golden-menu sector must be in view for menu clicks"
DS:0x279B,ship_3d_nav_choice_hold_timer,set to 0x5A when a navigation choice is activated
DS:0x2565,ship_3d_nav_choice_phase,handler phase byte set to 1 when a navigation choice is activated
DS:0x2567,ship_3d_nav_choice_handler4_target_list,word list consumed by navigation-choice handler 4
DS:0x2569,ship_3d_nav_choice_handler4_target_list_ptr,active handler 4 target-list pointer toggled between DS:0x2578 and DS:0x2581
DS:0x2578,ship_3d_nav_choice_handler4_toggle_off_list,handler 4 target-list pointer selected when mu\tablo2.voc is stopped
DS:0x2581,ship_3d_nav_choice_handler4_toggle_on_list,handler 4 target-list pointer selected when mu\tablo2.voc is started
DS:0x25CF,ship_3d_nav_choice_handler4_layout_snapshot,two-dword copy of DS:0x2AAB layout rect captured after handler 4 prepass
DS:0x253F,ship_3d_nav_choice_target_y,target y word set to 0x50 + selected_index * 0x12
DS:0x2736,ship_3d_nav_choice_left_gate,nonzero byte blocks navigation-choice hit testing and dispatch
DS:0x2737,ship_3d_nav_choice_right_gate,nonzero byte blocks navigation-choice hit testing and dispatch
DS:0x2738,ship_3d_nav_choice_motion_gate,shared motion latch set alongside left/right gates by navigation-choice handler 4
DS:0x259B,ship_3d_nav_choice_menu_gate,nonzero byte blocks navigation-choice hit testing and dispatch
DS:0x259C,ship_3d_nav_choice_secondary_menu_gate,secondary menu latch set with DS:0x259B by navigation-choice handler 4
DS:0x0B13,ship_3d_nav_choice_sound_gate,nonzero byte blocks navigation-choice hit testing and dispatch
DS:0x0ADA,ship_3d_interpolation_duration,duration byte consumed by 0x008B:0x0FAD interpolation gate
DS:0x0ADB,ship_3d_interpolation_tick,current interpolation tick incremented by 0x008B:0x0FAD gate
DS:0x0174,ship_3d_target_extra_label,static CANCEL string drawn as the target-list extra entry
DS:0x0AC6,ship_3d_target_layout_center_x,center x used by target-list layout helper
DS:0x0AC8,ship_3d_target_layout_draw_ptr,draw-list pointer used by target-list helper outside selector-only mode
DS:0x0ADC,ship_3d_target_layout_preserve_widths,preserve measured per-entry widths instead of normalizing to max width
DS:0x0ADD,ship_3d_target_layout_extra_entry,adds 0x37-wide extra target-list entry and shorter height seed
DS:0x27E6,ship_3d_target_query_mode,"when set, helper returns after computing layout without mouse hit-test/draw"
DS:0x27E7,ship_3d_target_selection,1-based target-list selection byte; helper returns sign-extended value minus one
DS:0x0A2A,ship_3d_target_mouse_x,mouse x tested against target-list rectangle
DS:0x0A2C,ship_3d_target_mouse_y,mouse y tested against target-list rectangle
DS:0x0A32,ship_3d_target_requested_presentation,target-list helper writes requested presentation mode 1/6/7
DS:0x0A34,ship_3d_target_presentation_state,current presentation mode compared before requesting hover/idle transitions
DS:0x0A3E,ship_3d_target_activate_flag,activation flag that commits target-list selection
DS:0x0A40,ship_3d_target_secondary_activate_flag,secondary activation latch cleared by navigation-choice handler 4 sound-gate branch
DS:0x27C7,ship_3d_target_hover_row,1-based target-list hover row computed from mouse y
DS:0x2AAB,ship_3d_target_layout_rect,four-word centered target-list rectangle x/y/w/h
DS:0x2AB3,ship_3d_target_width_table,per-entry target label width table populated by query/layout helper
DS:0x0B3B,ship_3d_presentation_hold_timer,timer compared with 0x78/0 by ship 3D transition updater
DS:0x0DB8,ship_3d_framebuffer_dirty,set after ship/navigation sequence copies DS:0x5229 framebuffer into the active viewport
DS:0x0AE4,ship_3d_temp_snd_trigger,one-shot gate for temporary sn\3D.snd presentation-bank path
DS:0x0AE5,ship_3d_temp_snd_phase,cycles through temporary sn\3D.snd presentation phases
DS:0x0ADE,voc_playback_enabled,VOC playback enable bit tested before handler 4 toggles mu\tablo2.voc
DS:0x0BA0,voc_stream_phase,VOC stream phase byte cleared before handler 4 toggles mu\tablo2.voc
DS:0x0BA3,voc_tablo2_active,VOC active latch toggled by navigation-choice handler 4
DS:0x0D30,voc_tablo2_reset_gate,VOC reset latch cleared before handler 4 starts mu\tablo2.voc
DS:0x0D3D,voc_path_tablo2,static VOC path string: mu\tablo2.voc
DS:0x5219,ship_3d_planar_framebuffer_ptr,far pointer swapped by callers before ship 3D planar band copies
DS:0x524D,ship_3d_scroll_mode,mode word; 0x000A suppresses DS:0x524F update in ship 3D band copy
DS:0x524F,ship_3d_scroll_value,"100 - min(depth_offset * 2, 100) unless scroll mode is 0x000A"
0x009E81,dlg_frame_update,per-frame dialogue updater: active line gs:0x6788 vs displayed gs:0x678a; viewport letterbox for ids 5/0x27
0x0094BA,dlg_reveal_complete_hold,"when reveal reaches NUL, sets gs:0x0b35=gs:0x0aca*4 and gs:0x67bb=1"
DS:0x678A,vm_displayed_line,currently-displayed dialogue-line id (vs active gs:0x6788)
DS:0x5239,render_yclip_lo,render_string y-clip low bound (set 0x23 for letterbox)
DS:0x523B,render_yclip_hi,render_string y-clip high bound (0xa5 letterbox / 0xc8 full)
0x0060DD,ship_3d_position_distance,computes binary integer-sqrt distance between two runtime object coordinate fields resolved through selector helpers
0x0061A6,ship_3d_position_field_resolve,"resolves the coordinate field for an object by following selector-0x11 links, with arche fallback and kind-0x0100 match/mismatch blocks"
0x007409,vm_c2_descript_lookup,C2 kind-0x0400 helper: opens descript.des and dispatches matching descriptor script
0x007D7B,nav_actor_slot_update_loop,walks six 0x18-byte navigation actor/object slots and dispatches via cs:0x06d4
0x007E09,nav_actor_subdispatch_call,indirect call through cs:0x06d4 actor slot table
0x007EB4,nav_actor_subdispatch_table,"six u16 near offsets: 07bc,06e0,095a,099e,0a1b,08a2"
0x007EC0,nav_actor_handler_1,temporary label: cs:0x06d4 table entry 1
0x007F9C,nav_actor_handler_0,temporary label: cs:0x06d4 table entry 0
0x008082,nav_actor_handler_5,temporary label: cs:0x06d4 table entry 5
0x00813A,nav_actor_handler_2,temporary label: cs:0x06d4 table entry 2
0x00817E,nav_actor_handler_3,temporary label: cs:0x06d4 table entry 3
0x0081FB,nav_actor_handler_4,temporary label: cs:0x06d4 table entry 4
0x0085E2,nav_choice_dispatch,navigation-choice hit-test and activation preamble before cs:0x0f29 table dispatch
0x008700,nav_choice_subdispatch_call,indirect call through cs:0x0f29 navigation choice table
0x008709,nav_choice_subdispatch_table,"THE PER-ROW HANDLER TABLE for the bridge console / nav choice. Five u16 near offsets 0f33,0f4c,0fdd,1068,108c (+ 06f6). Reached by `call word ptr cs:[bx+0xf29]` at 0x8700 with bx = row*2; CS is segment 0x071E (base file 0x77E0), so the table is at file 0x8709 -- immediately after the click routine's `ret` at 0x8708. Handlers: 0x8713, 0x872C, 0x87BD, 0x8848, 0x886C, 0x7ED6, ported as ship3d.rs run_ship_3d_nav_choice_handler_0..4. The click at 0x86A4 first sets [0x2A19]=row+1, ORs 0xC into the game-flag word [0x2793] (the word opcode 0xCE branches on), and places a choice box at x=0x64 (CHOICE_BOX_CENTER_X), y=row*0x12+0x50. MERGED 2026-07-25: this row and a duplicate `console_row_handler_table` described the same table under two names, added independently -- see audit-fixes #128/#129"
0x008713,nav_choice_handler_0,"if phase bit set, defers C3 record link to named Honk object and clears phase"
0x00872C,nav_choice_handler_1,"target-list choice handler: adjusts target records, waits interpolation, defers C3 target, reloads radio.snd"
DS:0x00A6,snd_son_name,son.snd voice/SFX bank filename
DS:0x00AE,snd_mus_name,mus.snd music bank filename
DS:0x0106,descript_des_name,descript.des filename opened by C2 helper 0x7409
0x00CE14,script_basenames,table of scriptN.cod/.bas/.var/.dic/.deb names (16-byte stride)
0x014C22,font_ascii_map,dialogue font ASCII map (DS:0x7802)
0x014CD2,font_advances,dialogue font glyph advance widths
0x014D28,font_glyphs,dialogue font 8-byte glyph bitmaps
0x005320,resource_handle_resolve,"SEG 0x4b9:0x190: resolve resource handle AX->loaded segment. bx=AX<<3 (8-byte entries); if fs:[bx+2]&3 set, ds=fs:[bx]=resource segment, si=0, ax=1(loaded) else ax=0. Resource handle table = fs base, {seg u16, flags u16, ...} per 8-byte entry"
0x005288,resource_release,"SEG 0x4b9:0xf8: release resource handle AX if loaded. bx=AX<<3; if fs:[bx+2]&3 (loaded flag) set, call 0x529c (actual free). Resource table entry = 8 bytes {segment u16@+0, flags u16@+2 (bits0-1=loaded), ...}. Counterpart to resource_handle_resolve 0x5320"
0x00529C,resource_free_inner,SEG 0x4b9:0x10c: actual resource release (segment dealloc) called by resource_release once the loaded-flag check passes
0x00287B,resource_load_by_id,"SEG 0x1ce:0x59b: load resource by ID AX. ds=fs; si=0x0c04+AX*16 (FS:0x0c04 name-table 16-byte entry = filename); call 0x28ca (lookup/already-loaded), lcall 0x4b9:0 (alloc slot), call 0x2abb (open+read file into segment). Returns ax=success. THE entry point for loading worlds/scripts: e.g. load venusia = resource_load_by_id(25). Called per-resource by vm_resource_profile_select 0x53da"
0x0028CA,resource_name_lookup,"SEG 0x1ce:0x5ea: given DS:SI = FS:0x0c04 name-table entry, resolve/check the resource; returns ebp (0 = skip/already-resolved)"
0x002ABB,resource_file_load,SEG 0x1ce:0x7db: open the resource filename (via gs-relative path builder 0x2693) + read the file into the allocated resource segment; the loaded world/.ext data then lives at the resource segment (see resource_handle_resolve 0x5320)
GS:0x0A8E,resource_file_size,"loaded resource's file size (dword), read from the DOS FindFirst DTA at +0x1a during resource_file_load 0x2abb; also mirrored at GS:0x0A92. Bounds the read of the world/.ext data into its segment"
0x002AD3,resource_load_findfirst_size,"resource_file_load inner: int21h 0x2f00 (get DTA), 0x4e00 (FindFirst by built path) -> file size from DTA+0x1a into GS:0x0A8E/0A92, then int21h 0x3d00 (open) + read the bytes into the resource segment"
DS:0x6212,entity_object_table,"32-byte object/entity records indexed by object-id<<5 (gs-relative). Fields observed: +0x00 flags (|0x83 active/type bits, from resource [si]&4), +0x04 data offset + +0x06 data segment (far ptr into a loaded resource segment), +0x0c/+0x0e first two data words (NOT screen position - live gameplay bytes show a far-ptr shape e.g. 0x799a:0x0049; on-screen x/y is DERIVED at draw time from camera/viewport globals 0x277e/0x2780/0x2782/0x2aab/0x2aad + descriptor size, see entity_draw 0x9240), +0x14/+0x16 initial backup of +0xc/+0xe (reset-to values). Populated by entity_object_populate 0x40d0"
0x0040D0,entity_object_populate,"populate entity_object_table[AX] from resource handle DX: di=0x6212+AX<<5; lcall resource_handle_resolve 0x5320 (ds=resource seg,si); bound-check bp<[si+2]; flags=([si]&4)|0x83 -> +0x00; unpack packed dword ds:[bp<<2+si] into a far ptr (low nibble=extra si offset, >>4=segment delta added to ds) -> +0x04/+0x06; copy data words -> +0x0c/+0x0e, init +0x14/+0x16. First decode of the object-instance system || MERGED 2026-07-25 (audit-fixes #130), also recorded as: ACTIVATES an entity: AX=id DX=resource handle -> di=0x6212+id*32; resolve handle 0x4b9:0x190; flags=([res_hdr]&4)|0x83 (0x80 active bit) at +0; unpack object far ptr +4/+6; copy data +0xc/+0xe; init +0x14/+0x16. THE entity-activation primitive (nav destinations 0x15..0x1F, crew, location content). = 0x299:0x1140"
0x004150,entity_object_populate_from_src,"variant of entity_object_populate: fills entity_object_table[AX] (si=0x6212+AX<<5) from a caller-supplied source ES:DI instead of a resolved resource. Identical record layout (+0x00 flags=([di]&4)|0x83, +0x04/+0x06 unpacked far ptr, +0x0c/+0x0e data words, +0x14/+0x16 init backups) - two independent routines agreeing CONFIRMS the 32-byte entity record structure"
0x0041C3,entity_get_flags,AX=object id -> AX = flags word gs:[0x6212+id<<5] (entity record +0x00). Simple getter into entity_object_table
0x0041D1,entity_flag_state_transition,"AX=object id: read flags gs:[0x6212+id<<5]; if active (bit7/0x80 set, js) AND bit0(0x01) set, clear bit0 and set bit1 (al=(al&0xfe)|2); store back. Per-object flag state machine - entity flags +0x00 bits: 0x80=active, 0x01/0x02 = state (0x83 init = active+state0+bit1). Transitions state0->state-advance"
0x00428C,entity_flag_toggle_bit6,"AX=object id: read flags gs:[0x6212+id<<5]; if active(bit7/0x80), xor al,0x40 (toggle bit6) + state-advance (if bit0 set, set bit1); store back. Member of the entity flag-toggle family (0x41d1/0x4270/0x428c...) each toggling a distinct state bit gated on active"
DS:0x6212+0,entity_flags_bitmap,"entity record +0x00 flags-word bit map (from the toggle-routine family): 0x80=active, 0x01/0x02=state pair (0x01->0x02 advance), 0x20=bit5 toggle-state, 0x40=bit6 toggle-state, 0x04 carried from source data. 0x83 init = active+state0+bit1"
GS:0x0AF2,active_entity_workcopy,32-byte working copy of the currently-selected object (mirrors an entity_object_table record). entity_make_active 0x4316 copies entity[id] here for per-object processing
0x004316,entity_make_active,"AX=object id: si=0x6212+id<<5; set flags bit1 (or [si],2); rep movsd cx=8 (=32 bytes) copy the entity record to active_entity_workcopy GS:0x0AF2. The rep movsd cx=8 RE-CONFIRMS the 32-byte entity-record size. Selects an object as the active one for processing"
0x007CF8,text_wrap_centered,"centered multi-line text layout: walk chars (max index [0x131c]); break a line at a space once length>=0x1c(28); per line store (char_count @[bp], centered_x=-((count<<2)-0xa0) @[bp+2]) into a break-table at bp=0xaf2, cx=line count. Produces centered wrapped text (menu/message display). NOTE bp=0xaf2 here is a shared scratch buffer - NOT the entity workcopy despite the shared address"
DS:0x6212+8,entity_field_08,"entity record +0x08: a comparable 16-bit id/group/target field (compared against a param in entity_flag_set_if_field8_mismatch 0x420d; mismatch -> state advance). Adds to the record map: +0x00 flags, +0x04/+0x06 far ptr, +0x08 id/group, +0x0c/+0x0e data words, +0x14/+0x16 init backups"
0x0006C0,cmd_handler_pc_speaker_beep,"input-action handler (jump-table entry): call 0x99f, then program the PC speaker via the PIT (out 0x43,0xb6 = ch2 square wave; out 0x42,0x9c/0x2e = divisor 0x2e9c ~100Hz), lcall 0x8b:0 (speaker gate/sound). The game uses PC-speaker beeps for some SFX, separate from the VOC/cpal audio path"
0x000651,cmd_handler_numeric_value,"ADDRESS CORRECTED 0x652 -> 0x651 (audit-fixes #387): 0x652 is the SECOND byte of the 0x66-prefixed `xor eax,eax` at 0x651, so decoding from it renders a 16-bit `xor ax,ax` and silently drops the operand-size prefix -- the routine clears the whole of eax before `mov ax,bx`. input-action handler: ax=bx; eax<<=4 (value*16) -> [0xa46] dword; bound-check vs 0x78870; if under, si=0xe + call 0xd61. Processes a scaled numeric input (scroll/position/selection value)"
GS:0x6ADE,state_word_array,0x1e-word (or 0x40-dword) runtime state array; init to 0xffffffff by vm_resource_profile_select 0x53f6; iterated by cmd handler 0x899 and others
0x00173E,input_action_xlat_range_measured,"MEASURED bound (follow-up to the jump-table correction): the xlat table cs:0x113e has 159 non-negative entries mapping input/event bytes to action indices, MAX index = 125. So input_action_jump_table cs:0x123e has ~126 entries (index 0..125) = the game's full keyboard/event command set - FAR more than the 16 first sampled. ~93/126 pass a strict prologue check (undercount; valid handlers can start with sti/lea/shl/rep/etc not in the whitelist). The action set is large; individual handler identification is per-slot work || NARROWER EARLIER READING `input_action_xlat_table`: cs:0x113e: 256-entry xlatb table mapping a raw input/event byte to an action index (negative = ignore). Feeds input_action_dispatch 0x210e || MERGED 2026-07-25 (audit-fixes #133): one address, two names, the shorter describing a prologue or a single facet. Kept because a narrow reading records a true observation; renamed away because it is not what the routine IS."
0x00210E,input_dispatch_handler_table_UNRESOLVED,"HONEST RETRACTION (2nd correction): sampling more jump-table entries (0x153e,0xc8f,0x5819,0x255e,0x5d06) shows MOST disassemble mid-instruction under the flat file=0x600+cs_offset mapping. So neither '16' nor the 'measured ~126' handler count is reliable, and the flat near-handler mapping is likely WRONG (the dispatcher's real CS base and/or near-vs-far call semantics are unverified). VERIFIED: only the dispatch MECHANISM at 0x210e (poll 0x1ce:0x39d -> xlatb via 0x113e -> call cs:[idx*2+0x123e]). NOT verified: the handler table's base/size/entries. The 3 'clean' handlers (0x652/0x6c0/0x899) may be coincidental alignment. Resolving needs the dispatcher's actual runtime CS + a jump-table entry whose target is cross-checked as a real routine entry || SUPERSEDED READING `input_action_dispatch`: main-loop per-frame input dispatcher: lcall 0x1ce:0x39d (poll event -> ax); form action byte (al, |0x80 for the high variant); al = xlat via table cs:0x113e (input->action index); if index>=0, call cs:[index*2 + 0x123e] = the action handler. Routes raw input to command handlers || SUPERSEDED READING `input_dispatch`: input command dispatch: lcall 0x1ce:0x39d (read input event -> ax); if AL==0 use AH; or al,0x80 for the alt path; bx=0x113e; xlatb (translate the code via DS:0x113e); if result negative (0x80 bit) ignore; else index*2 and call cs:[bx+0x123e] (handler table at file 0x183e). The central keyboard/command handler dispatcher || MERGED 2026-07-25 (audit-fixes #131): the superseded rows were left in the file beside their own correction, so a reader who found one had no pointer to the other."
0x00100E,main_loop_calls_input_dispatch_VERIFIED,"VERIFIED: the main loop near-calls the input dispatcher - bytes E8 FD 10 at 0x100e, rel=0x10fd -> target 0x210e (confirms dispatcher identity + dis.py file-offset addressing). RESOLVED-AS-FAR-AS-STATIC-ALLOWS: the handler jump-table contents cannot be discriminated by prologue-checking - all 4 (table@0x123e/0x183e x handler+0/+0x600) combos give ~15/20 clean prologues, consistent with RANDOM alignment (most bytes decode as push/mov). Most-principled mapping is CS-base file 0x600 (first code segment) -> table@0x183e, handler=entry+0x600 - but individual handlers need a runtime trace or behavioral match to confirm, not static sampling. Dispatch mechanism = solid; handler enumeration = genuinely unresolved statically"
0x00000005,input_jump_table_static_limit_CONFIRMED,"MOVED OFF THE CODE SPACE (audit-fixes #387). This row is a NOTE about scan methodology, not a decode of an instruction, and its former address 0x183E sat inside the 10-byte `mov dword gs:[0x5219],0xa000c0` at 0x183B, where it rendered a phantom `push es`. Parked at a sentinel address like scan_false_positive_note. Original note: CONFIRMED static limit (final on this): a stronger reach-a-ret coherence test gives 126/126 = uninformative (any offset in dense code reaches ret/jmp within 40 insns), just as prologue-checking was ~random. So NO static test discriminates real handlers from mid-instruction offsets. The mapping (CS-base 0x600) is validated ONLY by semantically-meaningful handlers: 0x6c0 (PC-speaker beep - unambiguous), 0x652 (numeric), 0x899 (state array). Full handler enumeration REQUIRES runtime tracing (or per-input behavioral matching), not static analysis. Investigation closed here to avoid low-value churn; mechanism (0x210e) solid, 3 handlers real, rest deferred to a runtime method || SUPERSEDED READING `input_action_jump_table`: cs:0x123e: word jump table of action-handler cs-offsets (handler file = 0x600+entry), called by input_action_dispatch. First 16 handlers -> file 0x1f06,0x652,0x6c0,0xa0a0,0x153e,0x899,0x6b66,0xc8f,0x5819,0xd5f,0x255e,0x56cb,0x5d06,0xa656,0x2d51,0x7a8. The game's command/action handler set || SUPERSEDED READING `input_action_jump_table_CORRECTION`: CORRECTION to the earlier 0x183e note: the '16/16 valid code offsets' claim only meant the entries point into the code REGION - NOT that all are real handlers. Verified valid handler starts: 0x652 (numeric), 0x6c0 (PC-speaker beep), 0x899 (state array). But entries read as 0x153e and 0xc8f disassemble MID-INSTRUCTION, so the true handler count is < 16 and bounded by the xlat table's (0x113e) actual index range, not by 16. The dispatch MECHANISM (0x210e poll->xlat->call) is verified; the exact handler set needs the xlat-table index range to bound it. Do not treat all 16 raw entries as handlers || SUPERSEDED READING `input_handler_table`: input dispatch handler table (cs:0x123e): array of 16-bit cs-relative handler offsets, indexed by the xlatb-translated input code. Entry 0 -> file 0x1f06. Consumed by input_dispatch 0x210e || MERGED 2026-07-25 (audit-fixes #131): the superseded rows were left in the file beside their own correction, so a reader who found one had no pointer to the other."
0x001A93,main_loop_hud_refresh,"main-loop per-frame HUD refresh (gated on [0xadf]&1): program VGA sequencer out 0x3c4,ax=0x0f02 (map-mask = all 4 planes), les di,[0x521d] (screen buffer far ptr), clear a 20-byte x 14-row region at row-stride 0x50 (80 bytes/row), then lcall 0x299:0x498 (graphics draw) + lcall 0:0x5d7. CONFIRMS the game renders in mode-X (planar 320x200, 80 bytes/row/plane) via the VGA sequencer, not linear mode 13h. The engine's linear framebuffer produces identical visual output (mode-X is a perf/paging technique, not a visual difference)"
DS:0x521D,screen_buffer_far_ptr,"far pointer to the mode-X screen/back buffer, used by the HUD refresh (0x1a93) and graphics routines; base for the 80-bytes/row planar layout"
0x003428,graphics_plot_modex,"SEG 0x299:0x498: mode-X pixel/span plot. Inputs bx=x, dx=y, al=colour. Bounds-check dx vs gs:[0x5239](min+0xa)/[0x523b](max). Address = screen_buffer_far_ptr(gs:0x521d) + y*80 (ax=y<<4 + dx=y<<6) + x/4 (bx>>2); plane = x&3 (cl=bl&3) selected via the VGA map-mask. Confirms mode-X layout: byte offset = y*80 + x/4, plane = x&3. The game's core rendering primitive (my engine's linear y*320+x framebuffer yields the same pixel)"
DS:0x5239,screen_clip_bounds,"mode-X vertical clip bounds: gs:[0x5239] = height-related min (used as -0xa lower gate), gs:[0x523b] = max y; graphics_plot_modex rejects out-of-range dx"
0x00509D,dirty_rect_blit,"SEG 0x299:0x210d: blit dirty rectangles from the LINEAR back-buffer (gs:0x5229) to the mode-X screen. Gated on dirty flag gs:[0x5231]&1. Per rect record es:[di]: +0x00=x(ax), +0x02=right/x2, +0x04=y(bx), +0x06=width(cx). Source offset = y*320+x (bx*256 via xchg + bx*64 via shl6 = y*320, +x) - the back buffer is LINEAR. Row-skip stride = 0x140-width. KEY: the game renders to a linear back-buffer then dirty-rect-blits to mode-X, so the engine's linear framebuffer matches the game's INTERNAL representation, not just address-equivalent"
GS:0x5229,linear_back_buffer,far pointer to the game's LINEAR (y*320+x) back-buffer/composition surface; dirty_rect_blit 0x509d copies rects from here to the mode-X VGA screen. Same layout as the engine's linear framebuffer
GS:0x5231,dirty_flag,back-buffer dirty flag; bit0 gates dirty_rect_blit 0x509d
0x003DBF,back_buffer_fill,"SEG 0x299:region: fill a horizontal band of the LINEAR back-buffer (gs:0x5229) with colour al. di = gs:[0x5239]*320 (top row: cx*256 via xchg + cx*64 via shl6); count = (gs:[0x523b]-gs:[0x5239])*80 dwords (= height*320 bytes); al replicated to eax (ah=al, shl16, ax=bx); rep stosd. Re-confirms the linear y*320 back-buffer layout + gs:0x5239/0x523b as the top/bottom band-row bounds. A screen/band clear before compositing"
0x002CD6,sprite_blit_rle,"RLE sprite decode+composite into the LINEAR back-buffer (les di,gs:0x5229). ebp=0xfa00 (64000=320x200 pixel budget). Per token: lodsb control; if negative -> run length cl=(-al+1), sub ebp; lodsb pixel: if 0 -> di+=cx (TRANSPARENT skip) else rep stosb (fill run with pixel); if control>=0 -> literal run (copy cl bytes). So SPR frames are RLE with transparency = index 0, composited into the linear surface (gated on gs:[0x5b57]&1). Matches the engine's SpriteFrameImage transparent-0 model || ALSO RECORDED as `rle_composite_linear_5229`: full-screen RLE compositor into the LINEAR buffer gs:0x5229 - which is a persistent STARFIELD TEXTURE source (NOT the display frame): les di,gs:[0x5229]; ebp=0xfa00 (64000 px); loop reads RLE run bytes from ds:si - negative byte = transparent skip (neg;inc -> cx; add di,cx), positive = opaque run (inc -> cx; rep stosb es:[di],color). PROVES gs:0x5229 is a LINEAR 320x200 row-major back-buffer (di advances 1 byte/pixel, no plane/stride math). Gated on gs:0x5b57 bit0 || MERGED 2026-07-25 (#186): one address, several names, folded by union."
0x00109C,main_loop_busy_gate,"main-loop idle gate: OR 10 subsystem-active flags ([0x67ac] presentation, [0x24f3],[0x2751],[0x67b0],[0x5e64],[0x2565],[0x2736],[0x2737],[0x27da],[0x2792]); if ANY set, skip the pending-profile dispatch (defer scene load until all idle). Coordinates when a new script profile (dialogue scene / game state) may load"
0x000FFB,main_loop_is_presentation_coordinator,"CLARIFICATION: the top-level main loop 0x0FFB is the PRESENTATION/MENU coordinator - input dispatch (0x210e), HUD refresh (0x1a93), per-frame update (0x1fbc, lcall 0x4da:0x204), busy-gate (0x109c), then pending-profile dispatch (0x10c5 -> vm_resource_profile_select). It does NOT run the object-simulation; the entity/object sim + combat run inside game states loaded as script profiles, reached via this loop's profile dispatch - which is why the entity accessors (0x6212 cluster) have no iterator in the main loop"
0x005613,vm_exec_loop_dispatch,"VM opcode fetch+dispatch: lds si,gs:0x671c (COD script far ptr, or gs:0x677a if resumed); lodsb al = opcode; if 0xff -> end; index bl=al-0xA0 (opcodes are 0xA0-based), bx=index*2; call gs:[bx + 0x6eb0] = opcode handler. Handler table at GS:0x6eb0 (runtime, populated at init). After: repeat/loop via gs:[0x67ab]/[0x67b4] + 0x62b6. A6=idx6, C1=idx0x21, C4=idx0x24, D2=idx0x32"
GS:0x6EB0,vm_opcode_handler_table,"runtime VM opcode-handler jump table, indexed by (opcode-0xA0)*2 near-offset; populated at VM init. Enumerating it = the full VM opcode set / script command language"
GS:0x6EB0,vm_opcode_table_enumeration_LIMIT,"STATIC LIMIT (same class as the input jump-table): the VM opcode-handler table's CONTENTS couldn't be enumerated statically. The A6-handler cs-offset (file0x660c-0x600=0x600c) appears nowhere word-aligned, and no contiguous table has A6@idx6 + D2@idx0x32 - so either the VM-code CS base != 0x600 (handlers in a non-base segment, offsets relative to a different base) or the table is populated by a non-obvious init. VERIFIED: the dispatch MECHANISM (vm_exec_loop_dispatch 0x5613: opcode-0xA0 -> call gs:[idx*2+0x6eb0]) + 4 known opcodes (A6/C1/C4/D2 already decoded in vm.rs). NOT resolved: the full opcode enumeration - needs the VM-code segment base or a runtime trace. Deferred rather than guessed, like the input jump table"
0x0142D0,vm_opcode_handler_table_static,"the VM's STATIC opcode-handler table (copied to runtime GS:0x6eb0 at init). ENUMERATED: opcodes 0xA0.. , entry i = handler offset in VM code segment 0x4da (handler file = entry + 0x53a0). Validated vs A6(0x660c)/C1(0x6b4c)/C4(0x6c7e)/D2(0x64b8). ~50 opcodes, ~30 distinct handlers (many share defaults 0x6946/0x6863). The full script command set - see REVERSE.md VM opcode table. Resolved by cracking the VM-code segment base (0x4da->file 0x53a0), the limit deferred last turn || ALSO RECORDED as `vm_handler_table`: opcode handler jump table DS:0x6eb0, 52 near offsets into seg 0x04da, opcodes A0..D3 || MERGED 2026-07-25 (#186): one address, several names, folded by union."
0x006559,vm_op_a0_push,"VM opcode 0xA0 PUSH: set [0x67ad]=1; bp=stack_ptr gs:[0x6884]; stack_ptr+=2; lodsw operand -> [bp+0x6820]. Pushes the 16-bit operand onto the VM stack (gs:0x6820, ptr gs:0x6884)"
0x006572,vm_op_a1_pop,VM opcode 0xA1 POP: set [0x67ad]=0; if stack_ptr gs:[0x6884]==2 (empty) noop else stack_ptr-=2. Pops the VM stack
0x006588,vm_op_a2_cond_call,VM opcode 0xA2: lodsw operand; lcall 0x1ce:0xb02 (condition/test); if ax!=0 call 0x6462. Conditional call/branch on the tested operand
0x006596,vm_op_a3_block,"VM opcode 0xA3: conditional block - scans the script for the matching 0xA1 (POP) opcode, gated on gs:[0x67b2]&1 and comparing bytes to 0xa1. A structured block/if construct"
GS:0x6820,vm_stack,"VM operand stack (16-bit entries); stack pointer at gs:0x6884 (starts at 2, +=2 push / -=2 pop). Used by opcodes 0xA0/0xA1"
0x006462,vm_branch,VM branch/jump primitive: called by the conditional opcodes (0xA2/0xCE/0xD0) to take a script jump when their condition holds; consumes the branch-target operand from the script stream
0x006494,vm_op_ce_cond_branch,"VM opcode 0xCE: if gs:[0x2793]&1 is CLEAR, call vm_branch 0x6462 (conditional jump on presentation-flag [0x2793] bit0)"
0x0064A0,vm_op_d0_cond_branch,"VM opcode 0xD0: if gs:[0x252a]&1 is CLEAR, call vm_branch 0x6462 (conditional jump on game-flag [0x252a] bit0)"
0x0064C0,vm_op_cf_clear_state,VM opcode 0xCF: clear gs:[0x67b1]=0 and gs:[0x6764]=0 (reset resume/PC-related VM state)
0x0064CE,vm_op_cc_set_record_byte,VM opcode 0xCC: bp=0x6cde + (operand1-1)*16; [bp]=operand2. Writes a byte into a 16-byte-record table at gs:0x6cde indexed by (operand-1) - a set-property/set-variable op
GS:0x6CDE,vm_record_table_16b,"table of 16-byte records at gs:0x6cde, indexed by (operand-1); written by opcode 0xCC (set-property). Likely script variables / per-entity properties"
0x006AA7,vm_op_b7_record_op,"VM opcode 0xB7: les di,gs:[0x6724] (object/line-record state table); optional 0xA1(POP) skip; lodsw index/offset + lodsb value -> read/write a field in the state-table record. An object/line-record manipulation opcode || NARROWER EARLIER READING `vm_bit_set_test_6aa7`: 0xB7 high-bit-first byte flag set/clear/test handler || MERGED 2026-07-25 (audit-fixes #133): one address, two names, the shorter describing a prologue or a single facet. Kept because a narrow reading records a true observation; renamed away because it is not what the routine IS."
0x006863,vm_op_shared_state_marker,"VM opcode SHARED handler for 0xB1/0xB4/0xB5/0xB6/0xBE/0xBF/0xC0 (7 opcodes -> same handler): les di,gs:[0x6724]; bx=[si] offset; cx=es:[bx+di] read record field; lodsb ah + lodsb al operands; cmp al vs opcode markers 0xc0/0xc2. Reads a state-table record field + branches on following opcode markers. Grouped opcodes performing the same state-table op; exact op partially decoded"
0x0065DB,vm_op_a4_jump,"VM opcode 0xA4 JUMP: si=[si] (set script PC to the operand address); clear resume state gs:[0x67b1]=0, gs:[0x6764]=0. Unconditional jump"
0x0065EB,vm_op_a5_cond_state_array,VM opcode 0xA5: lodsb index; bp=index*2; gated on gs:[0x67ad]&1; test word gs:[bp+0x6ade] (the state_word_array) - conditional branch on a state-array flag
0x0067BA,vm_op_a7_set_if_presentation,VM opcode 0xA7: lodsw operand; if gs:[0x67ac]&1 (presentation active) set gs:[0x6770]=operand. Conditional set-state
0x006830,vm_op_a9_cond_jump,"VM opcode 0xA9: lodsb al; if bit0 CLEAR, si=[si] (jump to operand). Conditional jump on operand bit0"
0x006855,vm_op_aa_yield,VM opcode 0xAA: set gs:[0x67b4]=1 - the yield flag the exec loop checks after each handler (0x562a); makes the VM break/yield the current frame. A yield/wait opcode
0x00684C,vm_op_ab_poke_byte,VM opcode 0xAB: lodsb al value; bx=[si] address; [bx]=al; si+=2. Writes a byte to an arbitrary DS address given by the operand - a set-variable/poke op
0x00685C,vm_op_ac_yield,"VM opcode 0xAC: set gs:[0x67b4]=1 (yield flag) - alias of 0xAA, yields/breaks the VM frame after this opcode"
0x006EEE,vm_op_c3_state_record,"VM opcode 0xC3: object/line-record state op (les di,gs:0x6724 + 0xA1-skip prologue). C-range state-table family; exact field op partial || ALSO RECORDED as `vm_op_c3_record_link`: 0xC3 record-link handler; writes es:[record]={0xc3,related,1} on mode-0 success || MERGED 2026-07-25 (#185): one handler under several names."
0x0064E5,vm_op_ca_compare_var,"VM opcode 0xCA: lodsw tag (dl), lodsw value; if tag==0xf1 (variable-ref marker) compare value vs gs:[0xaa6] and branch (jg). Conditional comparison of a script value/variable against game state [0xaa6] || ALSO RECORDED as `vm_op_ca_global_word_compare`: 0xCA global condition handler; compares token value to gs:0x0aa6 || MERGED 2026-07-25 (#185): one handler under several names."
0x006510,vm_op_cb_compare_byte,"VM opcode 0xCB: lodsb tag, lodsw bx, lodsw; if tag==0xf1 compare bh vs gs:[0xaaa] and branch. Byte comparison of a script variable vs game state [0xaaa]. Companion to 0xCA || ALSO RECORDED as `vm_op_cb_global_pair_compare`: 0xCB global pair condition handler; compares packed token value to gs:0x0aaa/0x0aa8 || MERGED 2026-07-25 (#185): one handler under several names."
0x006902,vm_op_shared_ae_b0_state,"VM opcodes 0xAE + 0xB0 (shared handler 0x6902): object/line-record state op (les di,gs:0x6724 + 0xA1-skip). State-table family; exact op partial"
0x0069C7,vm_op_cd_state_gated,"VM opcode 0xCD: state-table record op (les di,gs:0x6724, gated on gs:[0x67ad]&1, 0xA1-skip). State-table family; exact op partial || ALSO RECORDED as `vm_op_cd_record_triple`: 0xCD record-triple handler; consumes record/first/second words, optional A1 inverted compare || MERGED 2026-07-25 (#185): one handler under several names."
GS:0x0AA6,vm_compare_state_var,game-state variables compared by opcodes 0xCA (word gs:[0xaa6]) / 0xCB (byte gs:[0xaaa]); the 0xf1 tag in the script marks a variable reference
0x006D18,vm_op_c5_record_match,"VM opcode 0xC5 FULL: les di,gs:0x6724; lodsw bp=record ptr, lodsw operand; gated on gs:[0x67ad]&1: cmp operand vs es:[bp+2] (record id/value field) AND cmp es:[bp] vs 0xC5 (record TYPE tag = the opcode value). So state-table records are TYPED - field +0 = the opcode/type that created them, +2 = id/value. Each C-range opcode (C5/C6/C7/C8) matches records of ITS OWN type (compares +0 to its own opcode). Record-match/conditional op || ALSO RECORDED as `vm_op_c5_state_record`: VM opcode 0xC5: object/line-record state op (les di,gs:0x6724 + 0xA1-skip prologue + lodsw operand). Part of the C-range state-table family; exact field operation NOT yet fully decoded (only the shared prologue confirmed) || ALSO RECORDED as `vm_op_c5_record_entry`: 0xC5 record-entry handler; writes es:[record]={0xc5,related,0} when related type is 0x0200 || MERGED 2026-07-25 (#185): one handler under several names."
DS:0x6724+0,vm_state_record_layout,"object/line-record (gs:0x6724 table) field layout from the C-range decode: +0x00 = TYPE tag (the VM opcode that created the record, e.g. 0xC5/0xC6), +0x02 = id/value (matched against the opcode operand). Records are typed by their creating opcode; C-range opcodes match/operate on records of their own type"
0x0064AC,vm_op_d1_cond_branch,"VM opcode 0xD1: if gs:[0x274f]&1 is CLEAR, call vm_branch 0x6462. Conditional branch on game-flag [0x274f] bit0. Completes the conditional-branch opcode family: 0xCE([0x2793])/0xD0([0x252a])/0xD1([0x274f]) - each branches on a distinct game-state flag bit"
0x006034,vm_record_lookup_by_threshold,"record-lookup helper (called by opcode 0xC2): lds si,gs:[0x672c] (20-byte-record list); scan while ax > [si+0x10], si+=0x14; finds the record whose +0x10 threshold field >= ax. A keyed lookup into the gs:0x672c table"
GS:0x672C,vm_lookup_table_20b,"table of 20-byte (0x14) records at gs:0x672c, keyed/searched by field +0x10 (vm_record_lookup_by_threshold 0x6034). A VM lookup/range table"
0x006D80,vm_op_c6_record_match,"VM opcode 0xC6 FULL (confirmed same structure as C5): les di,gs:0x6724; lodsw bp record, lodsw operand; gated on [0x67ad]; cmp operand vs es:[bp+2] (id) AND cmp es:[bp] vs 0xC6 (self type-tag). Matches state-table records of type 0xC6. VERIFIES the C-range typed-record pattern (C5->0xc5, C6->0xc6, C8->0xc8) || ALSO RECORDED as `vm_op_c6_state_record`: VM opcode 0xC6: object/line-record state op (same state-table + 0xA1-skip prologue as C5). C-range family member; exact operation not yet fully decoded || ALSO RECORDED as `vm_op_c6_record_entry`: 0xC6 record-entry handler; writes es:[record]={0xc6,operand,0} || MERGED 2026-07-25 (#185): one handler under several names."
0x006F62,vm_op_c8_record_match,"VM opcode 0xC8 FULL: identical structure, matches records tagged 0xC8 (cmp es:[bp] vs 0xc8). Confirms each C-range opcode matches records of its own type - the typed-record model is verified across C5/C6/C8, not hypothesized || ALSO RECORDED as `vm_op_c8_state_record`: VM opcode 0xC8: object/line-record state op (state-table + 0xA1-skip prologue). C-range family member; exact operation not yet fully decoded || ALSO RECORDED as `vm_op_c8_record_entry`: 0xC8 record-entry handler; consumes operand but writes es:[record]={0xc8,0,0} when record is empty || MERGED 2026-07-25 (#185): one handler under several names."
0x006B06,vm_op_b8_record_readwrite,"VM opcode 0xB8 (shared B8/B9/BD): les di,gs:0x6724; di+=operand record offset; lodsw bx, lodsw ax (two values). If gs:[0x67ad]&1 (QUERY mode): cmp bx vs es:[di] AND ax vs es:[di+2]; both match -> continue, else vm_branch. If NOT query (SET mode): es:[di]=bx, es:[di+2]=ax (WRITE both). A dual-mode record read/write of a 2-word record field pair || ALSO RECORDED as `vm_op_b8_record_compare`: VM opcode 0xB8: les di,gs:[0x6724]; di += operand (record offset); lodsw compare-value bx; lodsw; if gs:[0x67ad]&1, cmp bx vs es:[di] (record field) - conditional on a state-table record field. Record-field compare/branch || ALSO RECORDED as `vm_pair_record_6b06`: B8/B9/BD pair-record assignment/compare handler || MERGED 2026-07-25 (#185): one handler under several names."
0x006DCF,vm_op_c7_record_match,"VM opcode 0xC7: matches state-table records tagged 0xC7 (cmp es:[bp] vs 0xc7). Confirms the typed-record pattern across C5/C6/C7/C8 - all four verified || ALSO RECORDED as `vm_op_c7_state_record`: VM opcode 0xC7: object/line-record state op (state-table + 0xA1-skip prologue). C-range family; exact field op partial || ALSO RECORDED as `vm_op_c7_record_entry`: 0xC7 record-entry handler; writes es:[record]={0xc7,related,0} when related record is active || MERGED 2026-07-25 (#185): one handler under several names."
GS:0x67AD,vm_query_mode_flag,"KEY: the VM QUERY-vs-SET mode flag. Set by 0xA0 PUSH, cleared by 0xA1 POP. When SET, record opcodes (B8/C5-C8/0x6946/etc.) COMPARE their fields and branch (query/if); when CLEAR they WRITE (set). So 'A0 <record-queries> A1' is a conditional block; record ops outside it perform sets. Unifies the whole VM opcode model"
0x006946,vm_op_shared_record_wildcard,"VM shared handler for 0xAD/0xAF/0xB2/0xB3/0xBA/0xBB/0xBC (7 opcodes, same op): dual-mode record op on gs:0x6724[bx+di], gated on the query flag gs:[0x67ad]. QUERY mode: lodsw bx offset + lodsw value; WILDCARD - if value==gs:[0x674e] substitute 0xffff (match-any); cmp vs es:[bx+di], branch via 0x6462 on mismatch. SET mode: write path (0x6985). These 7 opcode values all execute this same generic record compare/write with wildcard - likely script-readability verbs mapping to one op || ALSO RECORDED as `vm_op_shared_state_gated`: VM opcode SHARED handler for 0xAD/0xAF/0xB2/0xB3/0xBA/0xBB/0xBC (7 opcodes -> same handler = same operation): les di,gs:[0x6724] state table; gated on gs:[0x67ad]&1; 0xA1-skip; lodsw bx record offset/value. A state-table record op these opcodes all perform identically (aliased/grouped opcodes). Exact field op partially decoded (prologue + record access confirmed) || MERGED 2026-07-25 (#185): one handler under several names."
GS:0x674E,vm_wildcard_ref_value,"the VM wildcard sentinel: in the shared record handler 0x6946, a compare value equal to gs:[0x674e] is replaced by 0xffff (match-any/current). Enables 'any' matches in record queries"
0x006893,vm_state_operator_set,"COMPLETE operator byte set for the 0x6863 compound state opcodes (operator in ah, cx=state[bx+di], dx=operand). QUERY mode (gs:[0x67ad] set, compare -> branch on fail via 0x6462): 0xF0 != (setne), 0xF1 < (setl), 0xF2 > (setg), 0xF3 <= (setle), 0xF4 >= (setge), 0xF5 == (sete). SET mode (assign, write es:[bx+di]=cx at 0x68fd): 0xF5 SET (cx=dx), 0xF6 ADD (cx+=dx), 0xF7 SUB (cx-=dx). Resolves the dead_ends open sub-task: the 'plain set' operator = 0xF5 in set mode. So state ops = state[op1] OP op2 with OP in {ne,lt,gt,le,ge,eq}(query) / {set,add,sub}(assign)"
0x00AD96,gfx_scanline_advance,"rendering row helper (22 call sites - most-used unlabeled utility): dec row counter [bp-6]; if 0 return via 0xada9; else di=[bp-8]+0x140 (advance one scanline = 320 bytes in the linear back-buffer), store [bp-8]=di, cx=[bp-0xa]. The per-row advance used across the render/blit loops"
0x00933A,back_buffer_copy_from,"blit helper (10 calls): les di,gs:[0x5229] (linear back-buffer dest); lds si,gs:[0xabc] (source surface); copies from the gs:0xabc source into the back buffer. A surface->backbuffer copy"
0x007E1C,presentation_line_helper,presentation/dialogue helper (8 calls): gated on [0x2793]&8 (presentation-busy) and [bp]&4; processes a presentation line record. Part of the dialogue/subtitle presentation path
0x009F80,lookup_table_1fb5,"4-byte-record table accessor (5 calls): bx=0x1fb5 + ax*4 (add bx,ax x4); return word [bx]. Indexes a table of 4-byte records at DS:0x1fb5 by AX, returning the first word. A data-structure lookup helper"
0x00959D,screen_flags_init,state-init helper (4 calls): [0x27d9]=0; [0x5b53]=1; [0x5b55]=1. Sets screen/presentation-ready flags - part of a mode/screen setup sequence
0x008C96,vm_segment_call_wrapper,"wrapper (4 calls): saves regs, lcall 0x4da:0x1c53 (into the VM code segment), post-processes with gs. A thunk into a VM-segment routine"
DS:0x1FB5,table_1fb5_4byte_records,"table of 4-byte records at DS:0x1fb5, indexed by AX; accessed via lookup_table_1fb5 0x9f80"
0x000986,bcd_to_binary,packed-BCD-to-binary byte helper (4 calls): bl=al&0xf (low nibble); al=(al>>4)*10 + bl. Converts a packed BCD byte (e.g. a CMOS RTC date/time field) to binary 0..99
0x00954A,page_flip,page-flip / display-swap (4 calls): [0x5b55]=1; save [0x5221]; copy the linear back-buffer far ptr [0x5229] into the display far ptr [0x5221]; lcall 0x299:0xdeb (present) + call 0x98b9. Swaps the composed back buffer to the visible page
0x0017AF,page_offset_helper,screen page-offset helper (3 calls): ax=[0x5219]; if negative ax=0 else ax += 0x4000. Adds the VGA page offset (0x4000) to the screen-buffer offset when valid
0x000E62,layout_offset_calc,offset/layout computation (3 calls): ax = ax*4 + 4; bx = bx*5 (bx<<2 + bx). A record-stride/screen-index calculation helper
0x00178B,render_present_if_dirty,"conditional screen present (3 calls): if [0x5b55]&1 (dirty), lcall 0:0x5d7 + si=0x5251 + lcall 0x299:0 (present/blit), then clear [0x5b55]=0 and [0xa40]=0. Flushes the composed frame to the display only when dirty"
0x00A141,close_file_d5b,"file-close helper (3 calls): bx=[0xd5b]; if bx!=0 and bx!=[0xa86], clear [0xd5b]=0 and DOS-close (ah=0x3e, int21h) the handle. Closes the file handle held at [0xd5b] if open and not the reserved one"
0x002693,path_builder_gs_relative,"gs-relative filename->path builder (5 calls): given DX=filename offset in the gs string segment, assemble the full path into DS:0x259 (prepend dir, append .ext). Used by resource_file_load 0x2abb - the reason filename-offset searches fail (names are gs-relative + path-assembled)"
0x003321,gfx_clipped_draw,"clipped graphics draw (3 calls): call 0xbc2; les di,[0x5221] (display buffer); clip bx(x) vs [0x5235]/[0x5237], cx(y) vs [0x5239]; draws with left/top clamp (neg ax; sub dx,ax). A clipped blit/span primitive into the visible page"
0x00981B,bridge_panorama_frame_load,"TB.BIG frame loader (3 callers: 0x8ee4 console one-shot, 0x9599 page_flip rotate path, 0x95cf station-entry opaque redraw). AX=frame index -> seek [0xac4] (tb.big handle) to idx*8, read {offset:u32,size:u32} dir entry -> [0xad2]/[0xad6], seek+read chunk into buffer [0x5221]. Resets 4x0x18-stride station table gs:0x2a1b bboxes to -1, copies chunk's 8-byte bbox into entry picked by chunk word@+8, then lcall 0x1ce:0xa70 (unpack, ds:si=data+10). If gs:[0x5b53]&1 also refreshes palette 0x5b58->0x5251. Ported: src/tbbig.rs"
GS:0x0AC4,tbbig_file_handle,"DOS file handle of TB.BIG, opened ONCE at boot by 0xF68 (dx=0xD3 = 'tb.big' string, int21 ax=3D00, handle stored at 0xF79); used by bridge_panorama_frame_load 0x981b for every bridge-frame seek/read"
0x000D61,print_string_dos,DOS string print (2 calls): ah=2; loop lodsb al; while al!=0 int21h (char output). Prints the null-terminated string at DS:SI via DOS teletype - a debug/console text helper
0x00A757,list_d8c_init,init of the gs:0xd8c list subsystem (3 calls): [0xd8e]=[0xa7e]; [0xd92]=[0xa7e] (reset head/tail pointers to the base [0xa7e]); zero followups. Resets the 0xd8c buffer/list
0x00A622,list_d8c_read,"read from the gs:0xd8c list (3 calls): cx=2; call 0xa664; les si,gs:[0xd8c]; consumes entries from the list. Role: list read/dequeue; exact record op partial"
0x00A41A,list_d8c_clear,"clear the gs:0xd8c list state (3 calls): xchg gs:[0xd96],bp(=0); clear gs:[0xdaa]. Resets the list's active/pending pointers"
0x00A2AB,list_d8c_iterate,iterate the gs:0xd8c list (3 calls): cx=[0xda0] count; jcxz skip; scans entries gated on [0xd76]. Role: per-entry iteration over the list (count [0xda0]); exact per-entry op partial
GS:0x0D8C,list_d8c_subsystem,"a runtime list/buffer subsystem (pointers gs:0xd8c head, 0xd8e/0xd92 base=[0xa7e], 0xd96 active, 0xda0 count, 0xdaa pending, 0xd76 flag). Managed by init 0xa757 / read 0xa622 / clear 0xa41a / iterate 0xa2ab. Lives in EMS-banked memory (accessed via ems_paged_read 0xa664, [0xd84] page:offset, 16KB pages) - a large banked data list/queue"
0x00A664,ems_paged_read,"EMS/banked-memory paged read (gated on [0xdbc]&1, handle [0xa58]!=-1): [0xd84]=32-bit linear addr; si=addr&0x3fff (offset in 16KB page), page=addr>>14 (bx). Accesses banked memory via 16KB-page addressing - the EMS/XMS large-memory model (int 67h) the game uses. Backs the gs:0xd8c list read"
GS:0x0D84,ems_paged_addr,"32-bit linear address into EMS-banked memory, split by ems_paged_read 0x0a664 into page (>>14) + offset (&0x3fff = within a 16KB EMS page). The gs:0xd8c list lives in banked memory"
0x0032AC,gfx_clipped_primitive_a,"clipped graphics draw primitive (3 calls): dx-param (or dx,dx; sign check), bp=ax coordinate; same clipped-draw family as gfx_clipped_draw 0x3321. A shape/span draw into the display page with clipping"
0x003AB3,gfx_clipped_primitive_c,"clipped graphics draw primitive (2 calls): same clipped-draw family (dx-param, bp=ax). Shape/span draw variant. The 0x3321/0x32ac/0x39bb/0x3ab3 cluster are the game's 2D drawing primitives"
0x0022D0,set_flag_b15,tiny setter (2 calls): [0xb15]=dl; ret. Sets the [0xb15] state byte
0x0027C3,set_ds_gs_check_ae0,gs-setup helper (2 calls): ds=gs; test [0xae0]&1 -> branch. Establishes DS=the gs data segment then checks the [0xae0] mode flag
0x0056A6,vm_script_block_scan,VM nested script-block scanner (2 calls): di=0x6eb0 (opcode handler table); lodsb opcode; scan to 0xff terminator - executes/skips a nested script block using the same dispatch as vm_exec_loop_dispatch. A block/subroutine executor
0x00739B,vm_cod_scan,"COD script scanner (2 calls): lds si,gs:[0x671c] (COD script far ptr); lodsb; scan to 0xff. Walks/finds a marker in the loaded script - a script traversal helper"
0x007CB4,record_access_7bb8,32-byte-record accessor (2 calls): si=0x7bb8 + [0x27e3]*32 (al=[0x27e3]; cbw; shl 5). Indexes a 32-byte-record table at 0x7bb8 by the [0x27e3] index
0x009364,gfx_draw_centered,"centered graphics draw (2 calls): les di,[0x5221] (display); dx=0xA0(160), bp=0x6e(110) center coords; lodsw source. Draws content centered on screen (160,110)"
0x00A73E,list_d8c_bounds_init,"init the gs:0xd8c list bounds (2 calls): [0xd60]=0, [0xd62]=0, [0xd64]=0xffff, [0xd66]=0xffff. Resets the list's min/max bound pointers (part of the EMS-banked list subsystem)"
0x00577A,value_scan_match,"value-match scan (2 calls): bx=ax; loop lodsw; cmp ax,bx until match. Linear search for a 16-bit value in a word stream"
0x009240,entity_draw_full,"entity render (FULL): les di,[0x6212+4] (entity data far ptr); scale bh=(3*[0x2789])/2+1; x=es:[di]*bh>>4 (cx), y=es:[di+2]*bh>>4 (dx); lcall 0x299:0x133d (draw at cx,dx). So the entity's DATA (the .ext-provided object data at record +0x04) is a COORDINATE record: +0x00 = x, +0x02 = y, scaled by the [0x2789] zoom factor. Connects the .ext object data -> entity_object_table -> scaled screen draw. The object-position render path || ALSO RECORDED as `entity_draw`: entity render/process (2 calls): si=0x6212 (entity_object_table); les di,[si+4] (the entity's data far pointer at record +0x04/+0x06); bh=[0x2789]; al=3 (draw mode). Reads a loaded entity's data pointer + renders it - the object-consumer/draw that walks entity_object_table (the per-object draw sought earlier). Connects the object-instance system to the render path || MERGED 2026-07-25 (#186): one address, several names, folded by union."
GS:0x2789,entity_draw_scale,entity draw zoom/scale factor: entity_draw computes bh=(3*[0x2789])/2+1 and scales the object's x/y (from its data record) by bh>>4. A per-view object scale (distance/zoom)
0x009F8E,resource_switch,resource switch/reload (2 calls): [0xd80]=ax (new id); call close_file_d5b 0xa141 (close current); push cs; call list_d8c_init 0xa757 (reinit the banked list). Switches the active banked resource - close old file + reset the list
0x00A552,ems_subsystem_reset,reset the EMS-banked resource subsystem (2 calls): gs:[0xaa0]=0; gs:[0xdba]=0; [0xd9c]=0xffff. Clears the banked-list active/state pointers to their empty values
0x00A20C,ems_list_query,"query the banked list (2 calls): cmp [0xd96],0 (active ptr); cx=[0xd9a] (count); stc. Reads the list's active/count state for iteration/bounds"
0x00A0C3,resource_palette_blocks_apply,"NAME CORRECTION (was draw_cleanup_set_dirty, which described only the first FIVE instructions and called the whole thing a draw epilogue). THE RESOURCE PALETTE-BLOCK APPLIER: one routine 0xA0C3..0xA116, ret at 0xA116. Prologue: push ax/bx/cx/dx; push ds/push es/pop ds/pop es @0xA0C7 SWAPS ds and es so lodsw reads the caller's stream and rep movsb writes the data segment; dx=si saves the stream start; gs:[0x5b55]=1 marks the screen dirty. LOOP 0xA0D3..0xA0EC: lodsw -> al=start, ah=count; terminator is cmp ax,-1 @0xA0D4, a WORD compare (both bytes 0xFF); di=0x5251+start*3 (bl=3, mul bl); cx=count*3 (mov al,bl / mul bh @0xA0E6); rep movsb copies RAW 6-bit DAC triples into live_palette DS:0x5251. count==0 gives cx=0 and copies ZERO entries, NOT 256. No clamp: start+count>256 would run past the 768-byte buffer. CALLERS 0xA062 (resource_switch) and 0xA780 (list_d8c_init) -- a RESOURCE path, not a draw path, which is what makes the old name wrong. Tail 0xA0EE..0xA115 calls flag_gated_2751 and adjusts gs:0xDAF by the bytes consumed -- NOT read line by line. PORT: src/hnm.rs parse_palette_block"
0x00A3D0,queue_d8c_consume,"consume a variable-length entry from the gs:0xd8c queue (2 calls): les si,[0xd90] (tail); lodsw ax = entry size; [0xd9a] -= ax (dec remaining count); si += ax (advance past the entry). Dequeues one variable-length record"
0x00A3AD,queue_d8c_empty_check,"queue empty/full check (2 calls): ax=[0xd8c] head, bx=[0xd90] tail; cmp -> the gs:0xd8c queue is a ring buffer, head vs tail determines empty. Confirms 0xd8c = a variable-length RING-BUFFER QUEUE (head 0xd8c, tail 0xd90, count 0xd9a, wrap [0x5233])"
0x00A38E,queue_d8c_wrap,ring-buffer pointer wrap (2 calls): si += ax; if si > [0x5233] (buffer end) wrap. Handles the gs:0xd8c queue's circular wraparound
0x00A240,mode_check_27e0,dual mode-flag check (2 calls): test [0x27e0]&1 AND [0x27e1]&1 -> proceed only if both set. A subsystem-ready gate
0x00A7E6,mem_copy_words,word-block copy (2 calls): rep-style movsw es:[di]<-[si]. Copies N words between buffers
0x00A734,queue_d8c_enqueue,"enqueue into the gs:0xd8c ring buffer (2 calls): [0xd8c] += ax (advance head), [0xd9a] += ax (add to count); clc. Adds an ax-byte entry to the queue head - the enqueue counterpart to queue_d8c_consume 0xa3d0"
0x00A4ED,linear_offset_calc,"linear screen offset calc (2 calls): bx*256 (xchg al,ah) + bx*64 (shl bx,6) = bx*320; = the y*320 row-offset into the linear buffer. A coordinate->offset helper"
0x00B8CD,snd_play_clip,"SND clip player (2 calls): test gs:[0xade]&1 (sound enabled); ds=gs; plays a sound clip (AX=clip index). Matches the prior-session finding (dead_ends): the SND player at 0xb8cd, clip*4 table @DS:0x0BBF, final AX via the lcall [0xcdf] driver callback. The audio playback entry"
0x00BB9D,snd_driver_call,"SND driver callback invoke (2 calls): ds=gs; lcall [0xcdf] (the registered SND-driver far fn-ptr, per dead_ends sess 001-002 - statically unresolvable). Dispatches to the loaded .drv sound driver"
0x00A1B4,ems_resource_flush,EMS-banked resource flush/reload (2 calls): gated on [0xdbc]&1 and file handle [0xd5b]!=0; flushes/reloads the banked resource data. Part of the gs:0xd8c banked-resource management
0x00AABC,rle_decode_step,"RLE decode step (2 calls): ah=0; al=[bx] control byte; if negative (js) it's a run (al+=al, cl=[bx+1] run length). A run-length decompression primitive (same negative-control convention as the sprite blit)"
0x00BD09,timer_tick_b9f,timer/counter tick (2 calls): bl=gs:[0xb9f]; dec; if it underflows call 0xbd26 (reload/fire) else store back. A countdown timer (sound-tempo/frame pacing) that fires 0xbd26 on expiry
GS:0x0B9F,timer_counter,"countdown timer counter (gs:0xb9f); decremented by timer_tick_b9f 0xbd09, fires 0xbd26 + reloads on expiry. A tempo/frame-pacing counter"
0x0007EA,program_pit,"PIT RESTORE, not a speed-up (audit-fixes #349 corrects two errors in the previous label). cli; mov al,0x36 / out 0x43,al (channel 0, mode 3 square wave); mov al,0xff then out 0x40,al TWICE -- the raw bytes are `e6 40 e6 40` at 0x07F4/0x07F6, so the port is 0x40 (PIT CHANNEL 0, the system timer), NOT 0x42 (the PC speaker) as this label used to say. Writing 0xFF as both divisor halves gives 0xFFFF, the SLOWEST divisor = the DEFAULT ~18.2Hz -- so this RESTORES the stock tick rate rather than making it faster. Then gs:[0xB21]=0 clears the timer-active flag, sti, and the original INT 08h vector is restored from gs:[0xB1D]/[0xB1F]. The teardown counterpart of 0x079C. src/recomp/io_lift.rs func_7ea had both details right."
0x00099F,get_ems_int_vector,startup: int21h ax=0x3567 (get interrupt vector 0x67 = the EMS driver entry); di=0xa. EMS (int 67h) detection/setup - the large-memory banking the gs:0xd8c/ems_paged_read subsystem uses
0x000726,read_cmdline_args,"startup: bp=0x23a (PSP/args area); cmp [bp],0; parse command-line arguments (the game needs 'AMR S162227 EMS WRIC:...' launch args, see memory). Reads the invocation config"
0x000B32,detect_cdrom,startup: ax=0x1500; int 2Fh (MSCDEX/CD-ROM installation check); bx=drive count. Detects the CD-ROM (the game ships on CD)
0x000BFF,install_ctrl_break_handler,startup: ds=cs; int21h ax=0x2523 (set interrupt vector 0x23 = Ctrl-Break handler) to 0x619. Traps Ctrl-Break so the game cleans up on exit
0x000C26,get_video_mode,startup: int 10h ah=0x0f (get current video mode) -> gs:[0x5232]=al. Records the entry video mode for restore on exit
0x000A99,dos_dup_handle,DOS file-handle dup (ah=0x45) of the handle at gs:[0xa64] if valid (!=-1). Duplicates a file handle
0x000C7C,program_sound_port,"program a sound-hardware register: dx=gs:[0xa9e] (sound base port); out dx,al. Writes to the sound card's I/O port"
GS:0x0A9E,sound_card_base_port,"the sound card's base I/O port (set at init); +6 = status register (polled by 0x0b42/0x0b4e for bit8), written by program_sound_port 0x0c7c. Hardware audio I/O base"
0x000CC0,set_video_mode_saved,restore/set the video mode: al=gs:[0x5232] (the saved entry mode from get_video_mode); int 10h ah=0 (set video mode). Restores the original text mode on exit / sets the saved mode
0x000CEF,mouse_reset_hide,"mouse init: int 33h ax=0 (reset driver), int 33h ax=2 (hide cursor). Initializes the mouse driver with cursor hidden (the game draws its own cursor)"
0x000D4A,mouse_set_hrange,"mouse range: cx=ax(min), dx=bx(max); int 33h ax=7 (set horizontal cursor range). Clamps mouse X to the game's coordinate range"
0x00149B,object_heap_access,"runtime object-heap accessor: es=[0x6726] (object heap segment), lds si,[0x672c] (lookup table); di=[si+0x10]; test es:[di],0x118 (object flags). Reads a live object from the runtime heap via the 0x672c lookup - the object-instance heap access (es:0x6726 is the runtime object heap)"
0x00155F,open_file_c1,resource open: lcall 0x1ce:0x509 (prep); dx=0xc1 (filename in the string seg); ax=0x3d00; int21h (DOS open). Opens a specific resource file (name at gs:0xc1)
0x0014CA,presentation_state_set,"presentation state set: if [0xb13]&2, [0xa32]=1 and [0x2793]|=4 (mark presentation active/pending). Sets the dialogue/presentation-active flags"
GS:0x6726,object_heap_segment,segment of the runtime object/instance heap (es:[0x6726]); accessed via the 0x672c lookup table by object_heap_access 0x149b. Holds live object instances (the runtime-gated nav destinations + scene objects)
0x0017D9,back_buffer_init,"back-buffer setup: si=0xea; les di,[0x5229] (linear back-buffer); clear [0x5b53]=0, [0x5b57]=0 (render-ready flags). Initializes the linear composition buffer + its state flags"
0x0017FE,set_screen_page_c000,set the VGA display page: gs:[0x5219]=0xc000 (page offset). Selects the visible VGA page (0xc000 = the high page in mode-X double buffering)
0x001A77,presentation_flags_init,presentation state init: al=0x67; [0x67bc]=0x67; [0x67aa]&=0xfc (clear low 2 bits); [0x67ba]=0x67. Resets the dialogue/presentation-ready flags to their armed state
0x001B4B,state_snapshot_2739,"state snapshot/copy: if [0x2739]&1, si=0x161, di=0x270d, movsd copies a state block from 0x161 to 0x270d and increments [0x2738] (a double-buffer/snapshot of presentation state). Gated conditional state save"
0x00000000,coverage_note_e8_false_positives,"NOTE on coverage: the raw E8-relative scan (~360 'near-call targets') includes FALSE POSITIVES - 0xE8 bytes that are operands/data mid-instruction, not real call sites. Verified real function starts are preceded by ret/retf + a clean push prologue. So the true function count is BELOW ~360 and the ~256 labeled fraction is HIGHER than raw-count implies. Label only ret-preceded clean-prologue targets to avoid mislabeling data"
0x002665,strlen,null-terminated string length: cx=0xffff; repne scasb (scan es:di for 0); neg cx -> length. Standard C strlen helper
0x002B6B,file_create,DOS file create: call 0x27c3 (path setup); store gs:[0xa92]=eax; ax=0x3c00; int21h (DOS create/truncate file). Creates a file (temp/save/scratch)
0x002901,file_open_wrapper,file-open wrapper: dx=si (filename); push cs; call path_builder_gs_relative 0x2693; then DOS-open the assembled path. A resource open via the path builder
0x0027E9,dos_set_drive_and_chdir,"DRIVE + DIRECTORY setup, NOT character output (audit-fixes #351 corrects a label that was wrong in its interrupt, its function and its name). Gated on [0x0AE0]&1: `mov ah,0x0E / mov dl,[0x01B9] / int 0x21` @0x27F7..0x27FD is DOS SELECT DEFAULT DRIVE with DL = the drive byte -- the old label read AH=0x0E as a BIOS teletype call and named the wrong interrupt; the instruction here is INT 21h. It then does `mov dx,0x01DA / mov ah,0x3B` @0x27FF, DOS CHDIR to the path at DS:0x01DA. So this is the launch-path setup (cf. the game's `WRIC:\cblood\` argument), not console output."
0x002DBE,vga_attribute_write,"VGA attribute-controller write: dx=0x3c0 (attribute address/data port); al=index (0x31 = palette/overscan), out dx,al then the value. Programs the VGA attribute registers (palette mapping / border colour)"
0x002F18,linear_to_segment,"32-bit-linear to real-mode segment conversion: shr ecx,4 (linear >> 4 = paragraph); mov ds,cx. Converts a 32-bit linear address into a real-mode segment:offset for banked/large-memory access"
0x002DE2,blood_prng_next,"THE PRNG -- this IS 0x01CE:0x0B02 (file = 0x600 + 0x1CE*16 + 0xB02). Hedge removed 2026-07-24: it was labelled a hash/checksum that might be an auxiliary PRNG. AX IN is the MODULUS, AX OUT the value; the 8-round rcr/rcl loop threads a carry through the mixing bytes cs:[0xAF0]/[0xAF1] beside the seed word cs:[0xAEE]. Confirmed three ways: every call site passes a modulus in AX (0x6339 with 5, 0xB8AB with 10, VM 0xA2 at 0x6588), the port ships a faithful implementation of 0x01CE:0x0B02 as ship3d::BloodPrng::next, and 0x2DD3 seeds it from the CMOS RTC seconds"
0x003106,gfx_plot_modex_variants,"family of clipped mode-X plot/span primitives (0x3106/0x3192/0x3225/0x356e): each clips dx(y) vs gs:[0x523b]/[0x5239] like graphics_plot_modex 0x3428, differing in the shape/vertical offset (sub cx,0xa or 8). The game's set of low-level draw primitives (point/short-span/etc.)"
0x0036EA,gfx_draw_to_page,"draw to the VGA display page: les di,gs:[0x5219] (display page ptr); ch=dl; x offset = bx<<4. Renders directly into the visible VGA page (vs the linear back-buffer)"
0x003775,order_two_coords,"order/sort two coordinate pairs: cmp bx,dx; if out of order xchg dx,bx and bp,cx. Ensures p0<=p1 for a span/line draw (line-clipping min/max helper)"
0x003E46,full_screen_blit,"full-screen copy: les di,gs:[0x5221] (display); cx=0x3e80 (16000); rep movsd (16000 dwords = 64000 bytes = entire 320x200 frame) from si into the display buffer. The full-frame present/copy (whole-screen page copy)"
0x003B45,composite_draw_a,"composite shape draw: call 0x32ac + call gfx_clipped_draw 0x3321 (two plot primitives with xchg bp,dx between). Draws a filled/compound shape from the clipped primitives"
0x003B65,composite_draw_b,composite shape draw: call 0x39bb + call 0x3ab3. Another filled/compound shape via the plot-primitive family
0x003972,display_buffer_save,display-buffer save/clear: ds=ax; si=0x6612; push [0x5221] (save display ptr); [0x5221]=0. Saves + resets the display buffer pointer (for a page swap/restore)
0x00713D,vm_state_record_processor,"VM state-record processor: lds si,gs:[0x6724] (object/line-record state table); les di,gs:[0x672c] (lookup); bp=0x24fb (dispatch base); si=gs:[0x6752]. Walks/processes the state records - part of the per-frame VM presentation update"
0x00755E,index_lookup_dca,index-table lookup: di=0xdca; lodsb al (operand); dec al; cbw (index-1 signed). Indexes a table at DS:0xdca by the script operand
0x007788,fs_name_area_read,read from the FS resource-name area: es=fs; di=0xc74 (near the FS:0x0c04 resource-name table); lodsb - reads a resource name/entry indexed by the script
0x00071CF,vm_lookup_prep,VM lookup prep (also 0x721a): call table_672c_process 0x604e; si=0x6a16 (the processed lookup output). Prepares the 0x672c->0x6a16 lookup for VM record resolution
0x00994D,matrix3d_mul_fixed,"fixed-point 3D matrix multiply (family 0x994d/0x9982/0x99a5 = the matrix product rows): imul dword [si+off1] * [si+off2]; sar eax,0xf (Q15 fixed-point >>15); stosd es:[di]. Computes the rotation/projection matrix element products - the ship-3D / object-3D transform math (native counterpart to ship3d.rs build_ship_3d_projection_matrix)"
0x0097D7,angle_wrap_180,"ADDRESS CORRECTED 0x97D6 -> 0x97D7 (audit-fixes #386): 0x97D6 is the 0x1E immediate of `add bx,0x1e` @0x97D4, and decoding from it renders the phantom `push ds`. The block starts at the `cmp bx,0x168`. Angle normalization: if bx>=0x168 (360) subtract 360; shr bx,1 (->0..180). Wraps a 0..360 angle into the 0..180 half-range used by the trig/projection tables"
0x00963F,matrix_table_clear_2a1b,clear the 3D matrix/object table: bp=0x2a1b; cx=6 records; [bp]=0; bp+=0x18 (24-byte stride). Zeros 6x 24-byte records (the per-object transform slots at 0x2a1b)
0x00BBB3,audio_playback_gated,SND/VOC audio playback+mix family (0xbbb3/0xbc50/0xbdb7): gated on gs:[0xade]&1 (sound enabled) and gs:[0xba3]&1; processes/mixes a sound clip into the audio output. The core software audio-mixing routines
0x00B7E3,audio_process_ade,audio processing routine gated on [0xade]&1 (sound) + [0xadf]&1; part of the SND playback path (feeds the driver callback / mixer)
0x00BD26,ems_map_page_and_copy,"EMS PAGE MAP + 16KB COPY, not a DOS IOCTL (audit-fixes #351). `mov ax,0x4400` @0xBD3B looks like the DOS IOCTL function and the old label read it that way -- but the very next instruction is `int 0x67` @0xBD3E, the EMS entry point, so AH=0x44 is the EMS MAP-HANDLE-PAGE function with BX = the handle (from AX) and DX = gs:[0x0A60]. It is followed by `mov cx,0x1000 / rep movsd` @0xBD40, copying 0x1000 dwords = 16384 bytes = EXACTLY one EMS page. The AX value is the same in both APIs; only the interrupt distinguishes them."
0x00BD8D,ems_page_offset_split,EMS address split: cx=ax>>2; ax<<=0xe (14) -> dx. Splits a value into an EMS 16KB-page number + offset (the banked-memory addressing math)
0x00BD4E,ems_buffer_setup,EMS buffer setup: ds=bx; si=0xa6c; [si]=0x4000 (16KB EMS page size); bx=[0xa5e]. Initializes an EMS page-mapped buffer
0x004086,file_read,DOS file read: [0x5b55]=1; cx=2 (or size); ax=0x3f00; bx=di (handle); int21h (read from file into buffer). Reads bytes from an open resource file
0x00414E,entity_record_setter,entity record write: ds=gs; si=0x6212 + id<<5 (entity_object_table[id]); writes a field into the 32-byte entity record. Part of the object-instance accessor set
0x0041F0,entity_flag_accessors,entity flag get/set family (0x41f0/0x426d/0x42ab/0x4374): bx=0x6212 + id<<5; read/modify a flag field (word at gs:[bx] or byte at +offset) of the entity_object_table record. Variants of the entity flag accessors (get_flags 0x41c3 / transition 0x41d1 etc.)
0x004240,range_count,count/length calc: cx = bx - ax + 1 (inclusive range length). A span-length helper
0x005314,resource_get_flags,resource-table flags getter: bx=handle<<3; return ax = fs:[bx+2] (flags word of the 8-byte resource-table entry). Companion to resource_handle_resolve 0x5320
0x00533C,resource_get_field4,resource-table +4 getter: bx=handle<<3; return eax = fs:[bx+4] (the dword at +4 of the entry - resource size or data offset)
0x005356,resource_clear_flag,"resource-table flag clear: bx=handle<<3; and fs:[bx+2],0xfffd (clear bit1 of the entry flags). Resets a resource-state bit"
0x005365,resource_is_loaded,resource loaded-check: bx=handle<<3; test fs:[bx+2] bit0 (loaded flag). Returns whether the resource is currently loaded
0x005A74,vm_state_processor,"per-run VM state processor (called by vm_run_wrapper 0x55f5): lds si,gs:[0x6724] (state table), les di,gs:[0x672c]+0x10 (lookup); walks the object/line-record state before the exec loop. Prepares/updates the VM state each run"
0x008A4E,camera_fsm_state_gate,"camera-approach FSM gate: test [0x27df]&7 (the DS:0x27DF camera-approach phase, ship3d.rs Ship3dCameraApproach); set [0xa32]=1, clear [0x278a]. Gates on the camera state machine phase"
DS:0x65F2,ui_region_table,table of 8-byte clickable-UI-region records (0x1f entries) at DS:0x65f2; scanned by ui_region_table_scan 0x82c3 for hit-testing (mouse_hit_test 0x8269)
0x009AA4,project_perspective_x,"3D->2D perspective projection X (family 0x9aa4/0x9c69): sar eax,7 (val>>7); cdq; idiv ecx (divide by depth); add ax,0xa0 (160 = screen centre x). Projects a transformed 3D x coordinate to screen x. The native project_ship_3d_point X (ship3d.rs)"
0x009AD9,project_perspective_y,3D->2D perspective projection Y (family 0x9ad9/0x9c9e): val>>7 / depth + 0x64 (100 = screen centre y). Projects 3D y to screen y. The native perspective-projection Y
0x009B48,draw_vertex_list,"vertex-list/polyline draw: lds si,gs:[0x5221] (display); si=[bp] vertex ptr; loop while si!=-1 (0xffff terminator). Draws a 3D polyline/vertex list (the ship-HUD pyramid/route skyline)"
0x000950,get_rtc_date,read the real-time clock date: ah=4; int 1Ah (BIOS get RTC date); al=dl; call bcd_to_binary 0x986. Reads + decodes the CMOS RTC date (used for the PRNG seed + any date logic)
0x000D0E,poll_mouse,"poll the mouse: ax=3; int 33h (get position + button status); store gs:[0xa2a]=cx (x), gs:[0xa2c]=dx (y). Reads the mouse cursor position each frame (bx=buttons -> [0xa3e]). Feeds mouse_hit_test 0x8269"
0x000D75,set_vga_segment,set the VGA video-memory segment: gs:[0x5223]=0xa000 (the VGA graphics segment A000:0). Establishes the base segment for direct VGA writes
0x000E08,display_message,display a message string (family 0x0dd8/0x0e08/0x0e36): si=message index (0x73/0x7d/...); lcall 0x299:0x75a (format+render the message). Shows a HUD/status/error message by id
0x001344,ae6_gated_processor,family of routines (0x1344/0x1397/0x13c4) gated on gs:[0xae6]&1 (a mode flag - intro/special state); es=gs then process/copy. Mode-conditional processing
0x0026CF,resource_close_check,"resource-handle close check: cmp gs:[0xa86],0; if a handle is open, close/release it before reuse. Guards resource-handle reuse"
0x00280F,resource_lookup_helper,resource lookup helper: push cs; call resource_name_lookup 0x28ca; ebp result. Resolves a resource by its name-table entry (used in the load path)
0x002E73,fullscreen_op,full-screen (0xfa00=64000-byte) operation: ebp=0xfa00 budget; 32-bit fill/copy loop over the whole 320x200 frame. A screen clear/fill or bulk-decode over the full framebuffer
0x006433,dic_word_lookup,"DIC dictionary lookup: lds si,gs:[0x6728] (the DIC far pointer = the text-word dictionary); les di,gs:[0x672c]; si+=ax (word offset). Fetches a dictionary word for 0xA6 TEXT assembly (the b1b2 dictionary-word offsets)"
0x00647B,scan_zero_word,0x0000-word-terminated operand scanner: cx=0xffff; loop lodsw until a zero word. This is the length-0 opcode operand-advance (0xA8/0xAC/0xCC/0xD3) documented in dead_ends sess 001 - scans the variable operand to its 0x0000 terminator
0x0067A7,strlen_b,null-terminated string length (repne scasb variant of strlen 0x2665): cx=0xffff; scan es:di for 0; neg cx = length
0x008CCE,nav_camera_state_check,"per-frame NAV/CAMERA update (gated [0x278B] view-state, [0x278A]&1). Calls object-count gate 0x4DA:0x1E7A; if nonzero runs object_population_loop 0x8D2A -> entity_object_populate 0x40D0, activating the loaded world objects incl. nav destinations 0x15..0x1F. So destinations appear only in the nav view with a world loaded; empty at the console (count 0). Head of the #3/#6 activation chain"
0x009510,presentation_mode_check,presentation-mode gate: ax=[0x2793]; and 0xff0f; test 2 -> branch on the presentation-active bit of [0x2793]
0x0093F5,screen_mode_check,screen-mode gate: test [0x27e2]&2 and [0x5e64]&1 -> branch. Guards a screen/render mode-specific path
0x009982,matrix3d_mul_rows,matrix3d_mul_fixed sibling rows (0x9982/0x99a5/0x99da): same Q15 fixed-point matrix-element products (imul [si+off]*[si+off]; sar 0xf; stosd) as 0x994d - the remaining rotation/projection matrix rows
0x002FA6,vga_dac_clear,"NAME CORRECTED (audit-fixes #412; was gfx_display_draw_family, which described a family this routine is not in). 0x2FA6 is the VGA DAC BLANK: push ax/cx/dx; mov dx,0x3c8; xor al,al; out dx,al (reset the PEL write index); inc dl (-> 0x3c9); mov cx,0x300; then `out dx,al` / `loop 0x2FB4` writing 768 ZERO bytes = all 256 palette entries blanked; pop dx/cx/ax. It contains NO lds/les and never touches gs:[0x5221]. The draw family IS real but starts at 0x2FBB -- 0x2FBB and 0x3000 both open `lds si, ptr gs:[0x5221]` and already carry their own labels blit_page_5221_a/_b. PORT: src/recomp/io_lift.rs func_2fa6, which had the right name all along"
0x00221F,object_heap_672e_access,"second object-heap accessor (0x221f/0x2224): mov ds,gs:[0x672e] (object-heap data segment, paired with the 0x6726 heap seg + 0x672c lookup). Accesses a live object's data. Object-instance heap access family"
0x009F53,presentation_update_1fb2,presentation update step: test [0x1fb2]&1; call 0xa2dd; test [0x24f3]&8. A per-frame dialogue/presentation state-machine step gated on the [0x1fb2]/[0x24f3] flags
0x001D94,vm_context_pointer_setup,"VM context setup: les di,gs:[0xabc] (work buffer); lds si,gs:[0x671c] (COD script); lfs bp,gs:[0x672c] (lookup table). Establishes the far pointers the VM exec loop reads (COD/lookup/buffer) before a run"
0x001F78,transition_progress_524,transition/fade progress counter: ax=[0x524f]; cmp 0x64 (100 = complete); else add [0x524d] (step). A 0..100 progress counter driving a fade/scroll/transition
0x002140,presentation_state_check_67a6,presentation-state check (family 0x2140/0x218d): test [0x67a6]&3; read active line [0x679e]; cmp -1. Gates on the dialogue/presentation state (active-line + busy bits)
0x004BA8,accumulate_record_coords,"coordinate accumulation (family 0x4ba8/0x4cd6): lds si,[di+4] (record data ptr); ax+=[si+4], bx+=[si+6], dx+=[si+4] - sums the x/y coordinate fields across records (bounds/centroid/offset accumulation for object/geometry positioning)"
0x004E35,cs_table_offset_172a,code-segment table offset (family 0x4e35/0x4e55): bx = cs:[0x172a] - ax; lodsb; advance si by ax. Indexes/offsets a cs:0x172a table (a text/geometry layout table)
0x004EF3,cs_table_offset_1728,code-segment table offset (family 0x4ef3/0x4f1c): bx = cs:[0x1728] - ax. Companion to cs_table_offset_172a - indexes the cs:0x1728 layout table
0x00A15F,resource_load_sequence,resource load sequence: call resource_switch 0x9f8e (store id + close old + reinit list); call 0xa642 (banked_list_load); carry-flag error handling. Loads a new banked resource end to end
0x00A642,banked_list_load,load the gs:0xd8c banked list: call list_d8c_init 0xa757; call list_d8c_read 0xa622; di=[0x5233] (buffer end). Fills the EMS-banked ring buffer from the resource
0x00AB25,block_iter_6byte,"6-byte block/record iterator (also 0xa867): bx=si; al=[si+4] (flag byte); add si,6. Walks 6-byte records with a flag at +4 - the structure of HNM/animation block headers (matches the hnm.rs 6-byte block header, flags/checksum at +4)"
0x00379B,line_interpolate,line/span interpolation math: cwde; ebx=eax; ax=cx-bp (delta). Computes a coordinate difference/step for line or span rasterization (Bresenham-style delta)
0x00000001,remaining_functions_note,"NOTE (sess 007): ~93 verified function starts remain unlabeled after 331 labeled. They are confirmed by inspection to be SIBLINGS of already-decoded families - clipped-plot/display-draw graphics primitives (gs:0x5221/[0x523b] clip), tiny state-gates (test [flag] -> branch), audio-mix variants (gs:0xade), object/entity accessors (0x6212), and small math (interpolation/offset). NOT new subsystems. The architecture + every subsystem is fully mapped; the remainder is per-variant leaf detail"
0x005349,resource_loaded_query,"resource loaded-state query: call resource_get_flags 0x5314; and ax,0xf; return 1 if the low nibble is set (resource loaded). Convenience wrapper over the flags getter"
0x00555B,vm_record_state_proc,"VM record-state processor: bp=0x6d3e; les di,gs:[0x672c]; lds si,gs:[0x6724]; cmp es:[di+0x12],1. Processes the object/line-record state (reads field +0x12) during the dialogue/presentation update"
0x006195,ship_3d_distance_sqrt_call,"CORRECTED 2026-07-24 (was mislabelled fixed_point_divide/'32-bit division helper'): this is a SQUARE ROOT, not a divide. shld edx,eax,0x10 loads DX:AX with the 32-bit dx*dx+dy*dy sum, then lcall 0x1ce:0xb53 = file 0x600+0x1CE0+0xB53 = 0x2E33 = binary_u32_sqrt. The shld is building the sqrt INPUT in the DX:AX convention that 0x2E33 expects, not a 48-bit dividend"
0x0062A3,scan_char_match,"string char scan: cx=0xffff; ah=al (target char); loop lodsb; cmp al,ah until match. Finds a delimiter/character in a string (e.g. word/line split)"
0x006FF3,draw_hud_element_2bc7,draw a HUD element: ax=0x1f; lcall 0x299:0x1241 (draw); bp=0x2bc7 (element data table). Renders a HUD/status element from the 0x2bc7 layout data
0x0078D0,presentation_mode_dispatch,presentation-mode dispatcher: bp=0x2a27; test [0x2793]&0x50 / &0x40 (presentation mode bits) -> branch to the mode-specific handler. Routes the per-frame update by presentation state
0x00792D,camera_nav_update,"camera/nav per-frame update: test [0x278a]&1; al=[0x27df] (the camera-approach FSM phase, ship3d.rs Ship3dCameraApproach). Steps the ship-nav camera state"
0x0082E8,nav_state_gate,per-frame nav/state gate: test [0x27da]&1 and [0x278a]&1 -> branch. Guards the nav/camera update flow based on the transition flags
0x008963,presentation_ready_gate,presentation-ready gate: test [0x67ac]&1 (presentation active) and [0x27d7]&1 -> branch. Guards the dialogue/presentation update when the subsystem is ready
0x008BAB,mode_gate_27e8,dual-mode gate: test [0x27e8]&1 and [0x27e9]&1 -> branch. A per-frame mode/state gate for a screen-flow transition
0x00147F,file_open_dd7,open a specific file: cx=4; dx=0xdd7 (filename in the string segment); opens the named resource. A dedicated file-open (dd7 = a specific config/data file)
0x001855,scene_transition_2751,"scene transition trigger: al=[0x2751]; if bit0 set, [0x5249]=1 (arm a scene/screen transition). Gates a scene change on the [0x2751] flag"
0x000B42,poll_status_port,"poll a hardware status bit: dx=base+6; in al,dx; and al,8 -> mask status bit 3. Polls the VGA vertical-retrace status (or sound-card status) for timing/sync. Also 0x0b4e"
0x000BD7,counter_gate_b12,counter gate: al=gs:[0xb12]; if nonzero branch. A per-frame counter/state gate near the audio-timer state
0x00000002,scan_false_positive_note,"NOTE: the ret-preceded scan still yields a few mid-function false positives (e.g. 0x656 is inside cmd_handler_numeric_value 0x652, after its jae). Such 'starts' are not real functions. Verify a ret-preceded prologue leads to a coherent routine before labeling; the true remaining unlabeled FUNCTION count is below the raw ~80"
0x003E5B,fullscreen_copy_to_backbuffer,"full-screen copy into the LINEAR back-buffer: les di,gs:[0x5229]; cx=0x3e80 (16000 dwords = 64000 bytes = whole frame); rep movsd from si. Copies a whole 320x200 frame into the back buffer (vs full_screen_blit 0x3e46 which targets the display)"
0x003E70,vga_graphics_controller_setup,program the VGA graphics controller: dx=0x3ce (GC index/data port); ax=4 (read map select / write mode). Sets the mode-X plane/write-mode for planar VGA access
0x003F67,page_flip,double-buffer page flip: bx=[0x5219]; ax=[0x521d]; swap [0x5219] (display page ptr) with [0x521d] (back-buffer ptr). Flips the visible/back pages for tear-free double buffering
0x004002,entity_scratch_setup,entity-processing scratch setup: di=ax; ds=gs; dx=0xaf2 (the shared work buffer). Sets up the work area for an entity operation
0x00000003,entity_accessor_family_note,"NOTE: the cluster 0x426d/0x42ab/0x4374/0x438d/0x43b9/0x43d8/0x414e/0x41f0 (and neighbours) are all entity_object_table accessors - each does shl ax,5; bx=0x6212+ax<<5; read/write a specific field (word at gs:[bx] or byte at an offset) of the 32-byte entity record. They are per-field get/set variants of the object-instance accessor set (get_flags 0x41c3, transition 0x41d1, toggle family), not distinct subsystems"
0x00608F,vm_lookup_process_694e,"VM lookup processor: es=ax; lfs bx,gs:[0x672c] (lookup table); di=0x694e (destination); bx=2. Processes the 0x672c lookup entries into the 0x694e work area for VM record resolution"
0x006339,vm_condition_5,"VM conditional check: test cl,2; ax=5; lcall 0x1ce:0xb02 (the condition/PRNG evaluator, param 5). Evaluates a script condition (branch on the result)"
0x007325,draw_accumulate_27d1,draw + accumulate: ax=1; lcall 0x299:0x13d (draw); gs:[0x27d1] += bx. Draws an element and advances the [0x27d1] rotation/scroll accumulator (nav/HUD sweep)
0x0076EA,index_lookup_1fd7,index-table lookup: di=0x1fd7; lodsb operand; cbw (signed index). Indexes a table at DS:0x1fd7 by the script operand
0x007CE8,list_walk_f18,list walk: ds=ax; si=[0xf18]; loop lodsw until 0. Walks a null-word-terminated list pointed to by [0xf18]
0x00918E,ptr_copy_setup_es,pointer copy setup: si=di+4; ds=es. Rebases DS to ES and advances si past a 4-byte header - a struct-field copy helper used by the 3D transform setup
0x0099A5,matrix_row_mul_q15_hi,"Q15 matrix row multiply (upper terms): sar eax,15 (>>15 fixed-point normalise); stosd; eax=[si+8]; imul eax,[si+0x10]. Inner step of the 3x3 rotation-matrix * vector transform (sibling of matrix_mul 0x994d), accumulating the higher row terms"
0x0099DA,matrix_row_mul_q15_lo,"Q15 matrix row multiply (lower terms): sar eax,15; stosd; eax=[si+4]; imul eax,[si+8]. Inner step of the rotation-matrix * vector transform, accumulating the lower row terms (sibling of 0x994d/0x99a5)"
0x009C69,project_x_center_a0,"perspective-project X: sar eax,7 (>>7 dot scale); cdq; idiv ecx (divide by depth); add ax,0xa0 (center_x=160). Screen-X projection (sibling of 0x9aa4), converts a Q-scaled 3D dot product / depth into a screen column"
0x009C9E,project_y_center_64,"perspective-project Y: sar eax,7; cdq; idiv ecx (divide by depth); add ax,0x64 (center_y=100). Screen-Y projection (sibling of 0x9ad9), converts 3D dot/depth into a screen row"
0x009CF7,project_tail_9bba,projection epilogue: jmp 0x9bba then restore si/es/di - shared tail of the perspective-projection routines
0x00A117,flag_gated_2751,"flag-gated routine: test byte gs:[0x2751],1; if set jump, else ds=es and continue. Branches on the 0x2751 state bit (a render/update enable flag)"
0x00A634,flag_test_b17,"flag test: ds=ax; test byte [0xb17],1. Reads the 0xb17 state bit (a mode/enable flag) and restores ds"
0x00A867,record_walk_stride6,"record walk: si+=6; bp=0; lodsw loop. Iterates a table of 6-byte records from si, reading the leading word of each"
0x00B146,call_plane_band_copy_pushcs,"CORRECTED 2026-07-25 (was mis-anchored at 0x00B142 as `audio_helper_b6dd`, `cdq; call 0xb6dd`): 0xB142 is INSIDE `9a cb 0e 99 02` = lcall 0x299:0x0ecb at 0xB140, so the `cdq` was the 0x99 of the far-call SEGMENT 0x299, not an instruction. The real stream is 0xB145 pop ds / 0xB146 push cs / 0xB147 call 0xb6dd -- the push-cs-then-near-call idiom for entering ship_3d_plane_band_copy, which ends in RETF. Nothing audio about it. Found by re/tools/check_opsize_mnemonics.py boundary consensus"
0x00BC50,mixer_gated_proc_a,"mixer-gated audio routine: test gs:[0xade],1 (software-mixer enable gate) AND test gs:[0xba3],1 (second audio-active flag); both must be set or it bails to 0xbd01. Runs the per-frame mix step only when the mixer and channel are live"
0x00BDB7,mixer_gated_proc_b,"mixer-gated audio routine (sibling of 0xbc50): same gs:0xade + gs:0xba3 gate, bails to 0xbffa when either is clear. Second mixer-service entry"
GS:0x0BA3,audio_channel_active_flag,"audio-active/second channel-live flag, tested alongside the mixer gate gs:0xade by the mixer-service routines 0xbc50/0xbdb7"
0x000E37,draw_using_linear_a46,"ADDRESS CORRECTED 0xE36 -> 0xE37 (audit-fixes #387): 0xE36 is the `06` immediate of `add bx,6` at 0xE34 and renders the phantom `push es`. The behaviour described below starts at the `mov si,0x7d`. draw via linear address: si=0x7d; lcall 0x299:0x75a; eax=gs:[0xa46] (the shl-4 linear byte address computed at 0x656). Renders/copies using the precomputed linear buffer address in 0xa46"
0x001397,flag_gated_ae6_a,"flag-gated render routine: test byte gs:[0xae6],1; if clear skip to 0x13bf, else es=gs and proceed. Gates on the 0xae6 enable bit"
0x0013C4,flag_gated_ae6_b,"flag-gated render routine (sibling of 0x1397): same gs:0xae6 gate, skips to 0x1476 when clear"
0x001817,backbuffer_clear_flags,"back-buffer setup: si=0xe3; les di,[0x5229] (the linear render back-buffer); clears byte [0x5b53] and [0x5b57]. Resets the two render-state flags before drawing into the back buffer"
0x001D74,copy_abc_to_671c,"buffer copy: lds si,gs:[0xabc]; les di,gs:[0x671c]; lodsw loop. Word-copies from the 0xabc source buffer into the 0x671c object/work area"
0x001DD8,flag_gated_b15,flag-gated routine: si=0x273b; al=[0xb15]; test/branch. Gates on the 0xb15 state byte (a mode/enable flag)
0x00218D,vm_querymode_gated_67a6,"VM query-mode gated routine: test byte [0x67a6],3; if clear skip to 0x21d9, else ds=gs. Branches on the 0x67a6 query/compare mode bits (companion to the 0x67ad query flag)"
0x002224,set_b15_test_query,"sets [0xb15]=dl (mode byte); test [0x67a6],1; reads [0x67a2]. Records a mode flag then dispatches on the VM query-mode state"
0x00224D,state_reset_adf,"state reset: [0xadf]=0 (clears the audio/mixer sub-flag); test [0x1fb2],1 and [0x2534],1 to branch on two enable bits. Resets audio state at a mode transition"
0x00248B,clear_block_5251,buffer clear: es=gs; cx=0x90; di=0x5251; xor eax; stosd loop -> zeroes 0x90 (144) dwords = 576 bytes at gs:0x5251 (render-state block adjacent to back-buffer ptr 0x5229)
0x002532,byte_bit_process_18,byte/bit processor: ah=al; bl=0x18; cx=8 loop; al=bl. 8-iteration per-byte transform (character-cell or mask expansion using stride 0x18)
0x003033,blit_src_row_addr_5221,"blit source-row address: lds si,gs:[0x5221] (display page far ptr); ax=cx<<4; cx<<=6 -> row = y*16 + y*64 = y*80 (the mode-X row byte stride). Computes the source scanline address for a copy"
0x003066,blit_dst_row_addr_5221,"blit dest-row address: les di,gs:[0x5221] (display page); bx<<6 + <<4 = y*80 row stride. Computes the destination scanline address (sibling of 0x3033)"
0x0030CD,divmod_setup_30e2,"arithmetic setup: xor dx,dx; test ax; branch to 0x30e2. Zero/sign guard before a 32-bit divide in the blit-address math"
0x003225,clipped_blit_w8_b,"clipped blit (sibling of 0x3192): same gs:0x523b height / gs:0x5239 width clip, 8-px span, different reject target 0x32a3"
0x00356E,clipped_blit_w10,"clipped blit (10-px span variant): cmp dx,gs:[0x523b] height clip; cx=gs:[0x5239]-0xa width clip. Wider-span bounds-checked copy"
0x004CD6,entity_coord_accumulate,"entity coordinate accumulate: lds si,[di+4] (entity record's +4/+6 data far ptr); add ax,[si+4]; add bx,[si+6]; add dx,[si+4]. Sums the entity's stored x/y offsets into the running screen position"
0x004E55,table_index_172a,table index: bx=cs:[0x172a] (const base); bx-=ax; si+=ax; jmp. Indexes a cs-segment table using 0x172a as the base bound (reverse index)
0x004F1C,table_index_1728,table index (sibling of 0x4e55): bx=cs:[0x1728] const base; bx-=ax; si+=ax. Reverse index into a second cs-segment table
0x004F62,frame_func_locals18,"framed function: push bp; sub sp,0x12; bp=sp. C-style stack frame with 18 bytes of locals (a compound routine with local working storage)"
0x000656,ems_linear_addr_calc,"EMS/linear address calc: eax<<=4 (paragraph->byte); [0xa46]=eax; cmp eax,0x78870 (bound = 493KB). Converts a segment value to a linear byte address and range-checks it against the arena size"
0x0029F2,path_build_call_2693,resource path build: dx=si; push cs; call 0x2693 (the path-string builder). Assembles the on-disk file path for a resource before FindFirst/open
0x002F76,modex_plane_split,mode-X plane/offset split: si=ax & 0xf; eax>>=4. Splits an X coordinate into its plane (low nibble) and byte-offset (high bits) for planar VGA addressing
0x002FBB,blit_page_5221_a,"page blit: lds si,gs:[0x5221] (display page); or cx,cx; js (skip negative count). Source-side of a display-page copy (sibling of the 0x3033 blit family)"
0x003000,blit_page_5221_b,"page blit (sibling of 0x2fbb): lds si,gs:[0x5221]; signed-count guard, reject target 0x302d"
0x003D7B,blit_fill_row_5221,"row fill: les di,gs:[0x5221] (display page); cx=gs:[0x5239] (screen width); bx=cx. Fills/copies a full-width scanline into the display page"
0x003E03,blit_fill_page_5219,"back-page fill: les di,gs:[0x5219] (the OTHER framebuffer page - double-buffer back page); cx=gs:[0x5239] width. Full-width fill into the off-screen page"
0x003ECE,blit_page_5219_gated,"gated back-page blit: les di,gs:[0x5219]; bp=0x3e80; test byte gs:[0x252e],1. Copies into the back page only when the 0x252e enable bit is set"
0x003FC7,resource_name_table_access,"resource name-table access: ds=fs; dx=0xc04 -> FS:0x0c04, the 16-byte-record resource NAME TABLE (worlds are IDs 22-36). Looks up a resource descriptor by id"
0x005791,vm_flag_test_67b1,"VM flag test: or ax,ax; if zero skip to 0x5811, else test byte gs:[0x67b1],2. Branches on the 0x67b1 VM state bits"
0x002590,string_scan_terminator,"string scan: xor bx,bx; lodsb; or al,al -> walk a byte string until the 0 terminator"
0x0025A4,string_compare,"string compare: lodsb; cmp al,es:[di]; jne mismatch. Byte-by-byte compares two strings (name/key match)"
0x002569,nibble_rotate,"nibble rotate: bx=ax; cx=4; rol bx,cl. Rotates a word by 4 (nibble swap - hex-digit / packed-index extraction)"
0x00254C,byte_process_16,byte processor: bx=ax; ah=0x18; cx=0x10 (16-iteration loop). Per-bit/byte transform over 16 units with stride 0x18
0x00426D,entity_flag_accessor_1,entity_object_table accessor: ax<<=5; bx=0x6212+ax; read/write a field of the 32-byte entity record (member of the entity_flag_accessors family)
0x0042AB,entity_flag_accessor_2,entity_object_table accessor (0x6212+id<<5) - entity_flag_accessors family member
0x004374,entity_flag_accessor_3,entity_object_table accessor (0x6212+id<<5) - entity_flag_accessors family member
0x00438D,entity_flag_accessor_4,entity_object_table accessor: ax<<=5; di=0x6212+ax (di variant) - entity_flag_accessors family member
0x0043B9,entity_flag_accessor_5,entity_object_table accessor (0x6212+id<<5) - entity_flag_accessors family member
0x0043D8,entity_flag_accessor_6,entity_object_table accessor (0x6212+id<<5) - entity_flag_accessors family member
0x003B85,blit_coord_guard_b,"blit coordinate guard (sibling of 0x339e): or dx,dx; je/js 0x3c63 cull; or bp,bp. Off-screen/degenerate-span cull"
0x003C6C,blit_coord_guard_c,"blit coordinate guard (sibling of 0x339e): si=ax; or dx,dx; je/js 0x3d71 cull"
0x0024EB,cs_data_ptr_setup,cs-relative data pointer setup: ds=cs; si=0x1c6; si+=0xb. Points si at a cs-segment constant table (offset 0x1c6+0xb) for read
0x002E1E,toggle_cs_byte_af0,"self-modifying state toggle: xor byte cs:[0xaf0],bl; or dx,dx. Flips bits in the cs:0xaf0 state byte (a persistent mode toggle stored in the code segment)"
0x002EAF,accumulate32_loop,"32-bit accumulate loop: add ecx,eax; cmp ecx,edx; jl. Running 32-bit sum with an upper-bound compare (fixed-point / offset accumulation)"
0x002F60,clear_regs_setup,"register-clear setup: xor eax,eax; ebx=eax; bx=si. Zero-extends si into ebx and clears eax before a 32-bit computation"
0x0006F1,mem_seg_setup_es8,memory segment setup: si=0; ax=es; ax+=8. Advances a segment value by 8 paragraphs (skips a segment header / MCB) during allocation
0x0016A7,palette_upload_wrapper,"palette upload: ds=es=gs; si=0x5b58 (game_palette_dac_buffer); lcall 0x299:0 -> vga_palette_write 0x2f90, which rep-outsb 768 bytes to the VGA DAC. Pushes the current game palette to hardware"
0x001AD3,flag_gated_259b,"flag-gated routine: test byte [0x259b],1; if clear skip to 0x1b4a, else si=0x259d. Branches on the 0x259b enable bit and points at the 0x259d parameter block"
0x001EC1,far_call_wrapper_299_deb,"far-call wrapper: xor ax,ax; lcall 0x299:0xdeb; xor ax,ax. Thin wrapper invoking the 0x299:0xdeb far routine with a zero argument"
0x001F10,seg_setup_clear_ax,"segment setup: ds=es=gs; xor ax,ax. Rebases DS/ES to the work arena and zeroes ax before a data operation"
0x001FBC,flag_test_a2e,"flag test: ax=[0xa2e]; test al,1; branch. Reads the 0xa2e state word and dispatches on its low bit"
0x00093B,rtc_time_read,RTC time read: ah=2; int 1Ah (BIOS get real-time-clock time); al=ch; call 0x986. Reads the hardware clock (used to seed timing/PRNG)
0x000EB0,mem_alloc_64k,memory alloc 64K: ax=8; ebp=0x10000 (65536 bytes); lcall 0x4b9:0 (allocator); gs:[0xa98]=ds (store returned segment). Allocates a 64KB arena and records its segment
0x0023C5,render_state_5251_access,render-state access: bp=di; es->fs; di=0x5251 (the 576-byte render-state block cleared by clear_block_5251 0x248b); push gs. Reads/updates the render state block
0x0024B2,cs_table_read_1c6,cs-table read: ds=cs; si=0x1c6; si+=0xb; cx=0xa (10 entries). Reads a 10-entry constant table at cs:0x1c6+0xb (sibling of cs_data_ptr_setup 0x24eb)
0x002612,ascii_digit_parse,"ASCII digit parse: bl=[si]; cmp bl,0x39 ('9'); jg. Parses a numeric string, testing each byte against the '0'..'9' range"
0x00267D,kbd_read_int16,"keyboard read: ax=0x100; int 16h (AH=01 check-keystroke); if none skip; else xor ax,ax; int 16h (AH=00 get-keystroke). BIOS keyboard poll+read"
0x002BFD,resource_file_load,"resource file load: dx=si; call 0x2693 (path build); bp=gs:[0xa8e] (FindFirst file size); cx=bp. Loads a resource file by name - path build then sized read (called 7x, a core loader)"
0x002D50,bridge_panorama_frame_unpack,"(= far 0x1CE:0x0A70) TB.BIG panorama-frame RLE unpacker, NOT a clear (old label wrong): les di,gs:[0x5229]; ebp=0xfa00 = decodes EXACTLY 64000 px (full 320x200) from ds:si. Signed control byte: <0 -> run of (-ctrl+1) copies of next byte, >=0 -> (ctrl+1) literals. gs:[0x5b57]&1 selects TRANSPARENT variant (value 0 skips: window starfield/prev frame shows through) vs OPAQUE. Ported+verified: src/tbbig.rs"
0x002DD3,cmos_rtc_read,"CMOS RTC read: xor ax,ax; out 0x70,al (select CMOS register 0); in al,0x71 (read); cs:[0xaee]=ax. Reads the CMOS real-time-clock seconds register directly"
0x002F90,vga_palette_write,"VGA palette (DAC) write: dx=0x3c8; out dx,al (PEL write index); inc dl (0x3c9 = PEL data); cx=0x300 (768 = 256 colors * 3). Uploads the full 256-entry VGA palette to the DAC"
0x005190,resource_name_write_c00,resource name-table write: ds=es=fs; [0xc00]=ax; bx=ax. Writes into the FS:0xc00 resource descriptor area (adjacent to the name table fs:0xc04; called 8x)
0x0077E0,flag_gated_render_2793,"flag-gated render: ax=[0x2793]; test al,1; if clear skip to 0x78c9, else es=gs and render. Gates a render pass on the 0x2793 state bit"
0x00B7B0,audio_param_init_cd5,audio param init: ds=gs; di=0xcd5; cx=9; [di]=ax fill. Initialises the 9-word audio parameter block at gs:0xcd5 (adjacent to the driver callback ptr gs:0xcdf)
0x00079C,install_timer_isr_hook,"ALSO RECORDED as `save_timer_vector`: startup: int21h ax=0x3508 (get interrupt vector 8 = the system timer); store the original handler seg:off to gs:[0xb1d]/[0xb1f] so it can be chained/restored. Hooks the timer interrupt for the game's tick || timer ISR install: get INT 08h vector (int 21h AX=3508) -> save original to gs:[0xb1d]/[0xb1f]; then set INT 08h (int 21h AH=25, DS:DX=cs:0x213) to the game's own timer handler. Hooks the PIT timer, chaining to the saved vector || MERGED 2026-07-25 (audit-fixes #184): one address under several names, folded by union."
0x000813,timer_isr_handler,"game timer ISR (installed at cs:0x213 by install_timer_isr_hook 0x79c; file 0x600+0x213). Per-tick handler that chains to the saved original vector via call gs:[0xb1d] || RESOLVED 2026-07-25 (audit-fixes #132): this address carried a competing reading, and the ISR one is correct. 0x79C is `mov ax,0x3508 / int 21` (GET the IRQ0 vector, saved to gs:[0xB1D]/[0xB1F]) then `mov ah,0x25 / mov bx,cs / mov ds,bx / mov dx,0x213 / int 21` -- installing CS:0x213, which with the segment based at file 0x600 IS this routine. It also reprograms the PIT (out 0x43,0x36; out 0x40 with 0x1746). The body ends the two ways an ISR must: 0x92F `pop ax / ljmp gs:[0xB1D]` chains to the saved original, 0x935 `mov al,0x20 / out 0x20,al / iret` sends EOI and returns. || SUPERSEDED READING `state_gate_b21`: conditional gate on gs:[0xb21]&1; guards a per-frame update path -- that describes only the first instruction (`test byte gs:[0xB21],1` @0x814), the gate deciding chain-vs-handle, not what the routine IS."
GS:0x0A4A,xms_driver_entry_off,"XMS driver entry-point OFFSET, obtained at boot via int 2Fh AX=4310 (after the AX=4300 install check). call gs:[0xa4a] (~18 sites) invokes HIMEM.SYS - an EXTERNAL driver, not an internal function"
GS:0x0A4C,xms_driver_entry_seg,XMS driver entry-point SEGMENT (paired with gs:0xa4a). Together the far pointer to the external XMS driver
GS:0x0B1D,saved_timer_int08_off,"saved original INT 08h (PIT timer) vector OFFSET, captured by install_timer_isr_hook (int 21h 3508). The game's timer ISR chains to it via call gs:[0xb1d] - EXTERNAL (BIOS/DOS handler)"
GS:0x0B1F,saved_timer_int08_seg,saved original INT 08h vector SEGMENT (paired with gs:0xb1d)
0x00073E,input_xlat_table_ref,"input translate table = CS:0x113e (file 0x173e, 237/256 nonzero); handler table = CS:0x123e (file 0x183e). CONFIRMED DYNAMICALLY: a live ptrace read of the running game showed DGROUP-DS:0x113e holds the 'SCRIPT5.VAR' filename buffer (not a table) and DGROUP:0x123e is zero, ruling out the DGROUP base and proving DS=CS at the 0x210e dispatch. The 256-byte xlat table maps each input byte -> handler index (<0x80) or ignore (>=0x80); 51 distinct live indices select word entries in the CS:0x123e handler table"
GS:0x5B58,game_palette_dac_buffer,"768-byte VGA DAC palette buffer (256 RGB triples, each channel 0-63). Source for vga_palette_write 0x2f90 (rep outsb to port 0x3c9). Uploaded by the palette-upload wrapper at 0x16a7 (ds=gs; si=0x5b58; lcall 0x299:0 -> 0x2f90). = DGROUP:0x5b58 (file 0x12f78 holds the baked default). VERIFIED live via ptrace: 768/768 bytes in valid DAC range. This is the GAME-screen palette (locations/nav/dialogue); the intro HNM videos set the DAC via their own per-frame palette path"
0x7612,credit_presenter_b_cryo,"CRYO credit presenter: copies SI->gs:0xe18, sets 5e64=1 5e58=0 (arms clean reveal). NEVER dispatched (linear 0x8a32 confirmed via exec_watch_linear)"
0xbe1e,credit_presenter_a_waitcmd,"WAIT COMMANDER default presenter (cs 0cbd:066e): mov si,0x190; mov di,0xe18; sets 5e58=0xe18+0x12=0xe2a; copies WAIT COMMANDER. RUNS instead of (b)"
DS:0x27A7,bridge_frame_angle_bias,"= bridge_panorama_frame_index*8 - 0xA0, computed at 0x97ed; subtracted from [0xa2a] then wrapped into 0..0x5a0 (1440 units/revolution, 8 units per panorama frame)"
DS:0x2A1B,bridge_station_table,"4 records x 0x18 stride: per-station state; +0x0C..0x13 = the current frame's animated-region bbox {w,h,x,y} (all reset to -1 then the loaded chunk's bbox copied into the entry its word@+8 selects). Stations: 0=wide helm (frames 0-21+160-179), 1=golden console menu (22-71, rest=55), 2=pyramid nav room (72-107), 3=organic Orxx (108-159)"
GS:0x5B57,panorama_transparent_flag,"bit0: bridge_panorama_frame_unpack variant select - 1=transparent (value 0 preserves underlying pixel; set at 0x958c rotate path), 0=opaque full redraw (0x95c4 station-entry path)"
GS:0x5B53,panorama_palette_refresh_flag,"bit0: after a panorama frame unpack, copy master palette 0x5b58 -> 0x5251 (0x9893)"
0x0097E3,bridge_frame_to_yaw_sync,"ADDRESS CORRECTED 0x97E4 -> 0x97E3 (audit-fixes #386): 0x97E3 is a 4-byte `mov word [0x2795],bx` that SPANS 0x97E4, so the label sat inside its own store. (retf entry) copies bridge_panorama_frame_index [0x2795] -> ship-3D yaw index [0x2f6d]; computes [0x27a7]=frame*8-0xa0; rewraps [0xa2a] relative to it into 0..0x5a0. Ties the 180 panorama frames 1:1 to the 180x2deg ship-3D angle table"
0x000F68,tbbig_open,"boot-time open of tb.big: dx=0xD3 (filename in DS), path-build lcall 0x1ce:0x3b3, int21 ax=3D00, handle -> [0xac4]"
0x009656,bridge_steer_update,"per-tick bridge view update: if seek ([0x2793]&8) ease frame toward [0x279b]/2 by half-remaining (min 1) shortest way on the 180 ring, long seeks ([0x279d]>=0x28) drag the cursor ring anchor along; else mouse-push steering: dist(frame*2, [0xa2a]/4) on the 360 arc ring, dead zone <=0x1f, view lands 0x1e arc short of the cursor ([0x97c4]/[0x97d4]); [0x2793]&4 = menu-engaged clamp mode (drags cursor back at 0x28). Falls into 0x97e4 sync + 0x97fc screen rebase. Ported: src/bridge.rs BridgeView::update_view (replays all 3 BRIDGEPROBE observations) || ALSO RECORDED as `bridge_steer_ring`: bridge view steer tracks mouse in the 1440-px RING ([0xa2a]), not screen — edge-push keeps rotating. Ported: MouseInput.dx/dy raw deltas -> BridgeView || ALSO RECORDED as `ship_3d_procedural_angle_update`: ship HUD/procedural update: angle state, mouse ring wrapping, and target-list rotation gate || MERGED 2026-07-25 (#186): one address, several names, folded by union."
0x008614,console_menu_hit_test,"ADDRESS CORRECTED 0x8613 -> 0x8614 (audit-fixes #386): 0x8613 is the last byte of the `jne 0x86F1` at 0x8610 and NOT an instruction boundary -- decoding from it renders the phantom `add byte [bx+di+0x2795], ah`, which swallows the `a1` of `mov ax,[0x2795]`. Also NOT a callable routine: find_near_callers reports none for either address; this is a FALLTHROUGH BLOCK of nav_choice_dispatch (0x85E2), entered when [0x2A19]==0 (no row selected yet), the same test whose jne takes the ACTIVATION path to 0x86F1. Contents: golden-menu hit+highlight (gated bridge frame 0x28..0x3c): box right=0x11f-delta*8, width 0x6e (177..287 at rest frame 45); rows top=0x48+|delta|*1.25 pitch 0x12-|delta|/8, 5 rows; hover row DAC 0x7b+row <- (63,0,0) red, idle 5 rows <- (16,12,0) dark gold; click: [0x2a19]=row+1, [0x2793]|=0xc, seek [0x279b]=0x5a (centre menu), highlight y -> [0x253f], UI sound ax=4 lcall 0xb1b:0x11d. Ported: src/bridge.rs menu_row_under_cursor/click/apply_menu_palette"
DS:0x2A19,console_menu_selected_item,selected golden-menu row+1 (1..5 = HONK/TELEPHONE/CRYOBOX/MENU/OPTION; 0=none). Set by 0x8613 click path; ored into the bridge busy gate at 0x7d96 (station orb clicks disabled while engaged)
DS:0x279B,bridge_seek_target_arc,"station-seek target in arc units (= 2*frame). 0x5a=menu(45); station records [0x2a1b+rec*0x18+0xa] hold each station's rest target (0/0x5a/0xb4/0x10e = frames 0/45/90/135, live-dumped)"
DS:0x279D,bridge_seek_initial_dist,first-tick seek distance memo (frames); >=0x28 gates dragging the cursor ring anchor with the rotation (0x96d0)
DS:0x27DB,bridge_turn_direction_flag,"1 = turning one way, 0 = the other (set by both the steer and seek paths)"
DS:0x0A2C,bridge_mouse_y,"mouse y (screen space), hit-tested against box y/h at 0x8269/0x827f"
DS:0x0A3E,mouse_button_down_flag,bit0 gates the box hit tests 0x8269/0x8295 (only while the button is down)
0x008269,mouse_hit_test,"box hit test: si -> {x,y,w,h} 8-byte rect; inside = [0xa2a]>=x && [0xa2a]-w<=x && [0xa2c]>=y && [0xa2c]-h<=y; on hit or byte [bp],8. PROVES the station/orb rect field order {x,y,w,h} (tbbig chunk header + station table +0xc) || MERGED 2026-07-25 (audit-fixes #130), also recorded as: UI mouse hit-test (family 0x8269/0x8295): gated on mouse-button flag [0xa3e]; ax=mouse-x [0xa2a]; cmp vs a region bound [si]/[bp]. Detects clicks in a screen region - the UI/HUD click hit-testing"
0x008D2A,object_population_loop,"after a resource loads, iterates object descriptors at DS:0x2AD3 (di=[bp], stride dx=0x2c), reads kind es:[di]&0x100/0x10 + resource handle es:[di+0x18/0x1a], calls entity_object_populate 0x40D0 for each -> populates+activates a run of entity records. [0x2790]=sub-object count, [0x27C1]=active count. The world-object-instance loader; gate for nav destinations/#3 + location content/#6"
DS:0x2AD3,object_descriptor_table,"per-world object descriptor table walked by object_population_loop 0x8D2A (0x2c stride); each entry {kind@0, resource handle@0x18/0x1a} -> entity_object_populate"
0x0093f8,dlg_reveal_pump,subtitle reveal pump: advances gs:0x5e58 one char per gs:0xb31 timer tick; draws via 0x299:0xa2b/0xb23 per line record (bp=0x5e6f/0x5eaf); credit vs reveal path via 0x5e65
0x003630,subtitle_render_string,"REAL subtitle glyph blitter: fixed-width console font (ascii map DS:0x70fa=file0x1451A, glyphs DS:0x71aa=file0x145CA); draws to mode-X buffer; color 0xff stepping 0xfe/0xfd at reveal edge. Ported: font::BoldConsoleFont + engine::draw_subtitle_revealed (green fade from baked palette 0xfd/0xfe/0xff) || NARROWER EARLIER READING `gfx_draw_mode_d`: graphics draw setup: di=si; es=ds; al=0xd (draw mode/colour 13). Sets up a draw operation into the display buffer with mode 0xd || MERGED 2026-07-25 (audit-fixes #133): one address, two names, the shorter describing a prologue or a single facet. Kept because a narrow reading records a true observation; renamed away because it is not what the routine IS."
0x00b898,dlg_chatter_burble,"talk BURBLE: while [0xcfb] set (line revealing), every 4 ticks ([0xb2f]) play random tb.snd clip 7+rand(0..9), != previous ([0xc4d]). Ported: main.rs chatter loop"
DS:0x2b97,zoom_scale_table,"6-step zoom/scale animation (x155..0 y67..10 w10..320), counter [0x2b93] 0..6 — NOT subtitle positions"
0x005816,presentation_scan,"post-VM record scan: walks the 0x672c directory; ACTIVE records (+2 bit0) by kind: kind 2 = character display maintenance (primary C4 0x675E, wildcard related 0x674E, field ptr follow); kind 1 = PRESENTATION START when the record's C4 field (+0x13 field) is armed: sets 0x67AC=1 active + 0x67B7 start-lock + 0x2793|=4 busy, clears dialogue state (0x6782/0x6784/0x6776/0x67F8/0x67BA..0x67BC/0x679A), record +3 |= 0x80. Kinds 0x10/0x200 -> 0x5A51 shared path. Ported effect: VmMachine::start_actor_presentation + the engine dialogue lifecycle || ALSO RECORDED as `vm_post_exec_record_update`: post-VM scan of DEB/object table via DS:0x672c and runtime state via DS:0x6724; updates display/control flags || MERGED 2026-07-25 (#186): one address, several names, folded by union."
0x005B38,record_c1_ship3d_action,"kinds 0x10/0x200 record action from the presentation scan: acts when the record field is typed 0xC1 (the ship-3D opcode) — nav/ship-3D presentation maintenance, gated on gs:0x6752/0x27DF. NOT a Sequence-cutscene dispatch || ALSO RECORDED as `mem_clear_regs`: memory/register clear helper (2 calls): es=ds; zero eax/edx/... - a buffer/state clear prologue || ALSO RECORDED as `record_type_ladder`: per-record type dispatch C1/C2/C3/C4 (was record_c1_ship3d_action; ladder confirmed) || MERGED 2026-07-25 (#186): one address, several names, folded by union."
XDB:0x0000,manu3_api_entry,"manu3.xdb far-call API: [bp]=cursor x/y dwords -> [0x1a]/[0x1c]; [bp+4]&0x1f = function selector (call 0x181 if set); [bp+6]>>4+0xA000 -> [0x18] caller seg. CURSOR->POSE: yaw [0x23e4] += (x-160)*2, pitch [0x23e2] += (y-100)*2 around the render call 0x270, then restored"
XDB:0x0270,manu3_matrix_build,"builds the Q15 rotation matrix at 0x2250..0x226F from THREE Euler angles at state+0x4E/0x50/0x52 (state block 0x2336, active record +0x5E; angles masked 0xFFC = dword offsets into the sin/cos tables, pairs at [tbl+0x26]/[tbl+0x28]); combines via angle-sum identities (add/sub + sar 1)"
XDB:0x0477,manu3_transform,"VERIFIED: Q15 3x3 transform, matrix 0x2250, dword vertex triples [si] -> [di], translation [si+0x36]; then walks a vertex CHAIN (mov si,[di]; lea si/di,+0x12) — 3 links per record (the skeletal chain)"
XDB:0x6480,manu3_texture_data,texture pixel runs (teal ramp 0xF0-0xF9 + 0xD5/0xDD family) — the hand's affine texture source
XDB:0x0549,manu3_entity_project,"second API entry: projects PARENT-segment objects (es=[2]; i16 vectors at es:[si+4/6/8], depth out es:[si+0xE], flag es:[si+0x12]=0x8000) through the state record's 3x4 matrix (+0x12..+0x35 rows, +0x36/3A/3E translation, sar 8) — the same structure as the main EXE's 0x9B98 nav projection. State record: +2=count->0x224A, +6=object ptr"
XDB:0x0700,manu3_face_bucket_sort,"triangle setup: face records 8 bytes {next, v0ptr, v1ptr, v2ptr} from fs:[0x2300] (count fs:[0x2304]) — a per-frame WORK buffer @0xF137 (zeroed in file); clip = AND of vertex +0x12 flags; Y-sort the 3 verts (screen Y at vtx+0x0A); insert into the Y-BUCKET chain table @0x686 (2 bytes/scanline) for scanline rendering. SOURCE mesh + face builder = the stage between the transform loop and 0x700 (next trace)"
XDB:0x0679,manu3_vertex_stride,"projected-vertex records stride 0x14 (20B); per-object vertex count [0x224A] (rec+2), object count [0x22F2]; 0x68A = alias-vertex copy pass ([0x22FA] list, +4 = source-vertex ptr — mirrored/shared verts copy screen results)"
XDB:0x2336,manu3_state_runtime,state block is RUNTIME-BUILT (file image holds garbage counts/ptrs): the INIT function (selector path via 0x181/0x19B) unpacks the model records — trace init to find the packed hand mesh in the xdb
XDB:0x0181,manu3_anim_select,"function selector -> relative-offset SEQUENCE table at [0x2306] (=0x3E72): picks an animation/script sequence ([0x102E] cursor, 0x1032 active-tween list)"
XDB:0x019B,manu3_tween_step,"per-frame tween processor: records {counter[di], target[di+4], value[di+8], accum dword [di+6] += step [di+0xA]} -> writes value to *target; expired tweens swap-removed. The hand poses + menu motions are DATA-DRIVEN tweens; targets ~0x2670-0x2870 region"
XDB:0x0775,manu3_span_renderer_init,"scanline S-BUFFER renderer: free-list of 200 edge/span records (stride 0x5A from 0xA72), sentinel spans at 0x964/0x9BE/0xA18 with +/-0x7FFFFFFF depth sentinels, active-table head [0xA28]; scans the Y-bucket table for non-empty scanlines (repe scasw). Faces insert depth-sorted spans per scanline; the affine fill textures each visible span — classic Cryo span engine"
XDB:0x22F0,manu3_data_map,"16 paired pointers {runtime work buffer 0xEFB1..0xF573, packed SOURCE 0x3DFC..0x3F30} — the xdb's complete data map (faces pair = [0x2300]work/[0x2302]src=0x3E5C). Source blocks are copy DESCRIPTORS ({addr,len,stride,addr}, face stride 9 = packed 9-byte face records); exact src/dst semantics need the init copier that consumes the descriptor pairs (next trace)"
XDB:0x22F0,manu3_data_map_correction,"CORRECTION: code reads [0x22F2]=object COUNT, [0x22FA]=alias ptr, [0x22FE]=alias count, [0x2300]=face ptr, [0x2304]=face count, [0x2306]=seq table — but the FILE values are implausible as counts => an INIT (EXE-side loader patch or in-xdb init) rewrites this block after load. fs:[2]/fs:[6] = parent/screen segments from a PATCHED header area. Next: trace the EXE's xdb load+first-call protocol (resource_load_by_id 0x287B onward) for the patch/init step"
XDB:0x0121,manu3_init_protocol,"croolis's decoded overlay protocol generalizes: overlays self-relocate (segment table at file 0x0C..0x10) and their INIT fills the fs:0x22F0 pointer block with load-segment-relocated values (croolis: fs:0x22F0=0xFF11, 0x22F4=0xD9C2...). manu3's stale file values = build-time layout; init rewrites. Packed sources = the 0x3DFC.. descriptor blocks; the init body (head code past the 0x121 skip target) is the next disassembly slice to settle descriptor {src,len,stride,dst} semantics"
XDB:0x1368,manu3_reloc_key,"cs:[0x1368] = data-seg delta (0x137 paras): ds:0 = file+0x1370. Derived segs [2]/[4]/[6] = ds + file[0xC/0xE/0x10]. Entry 0x150 = per-frame no-cursor variant (tween->matrix->project->0x6F6 face-build+render); 0x6F6 = the face builder. Sane post-reloc reads: 16 objects, seq table ds:0x2974; face ptr/count cells ds:0x2300/0x2304 are STILL runtime-filled (stale in file) => definitive mesh read = LIVE memory dump of the resident xdb segment from the savestate (XDBDUMP probe, next slice)"
XDB:0x0000,manu3_segments_resolved,"RESOLVED: the old notes' 'ds 0x17A3/0x1C94/0x2094' are SEGMENTS — 0x166C code, 0x17A3 data (ds), 0x1B76/0x1C94/0x2094 derived work segs (ds:[2]/[4]/[6]). Live dumps in accuracy/manu3/ (ds + all three derived): 216 faces at ds:0xB18 ({next,v0,v1,v2} ptrs), vertex records in the work segs (source coords via es=[2] in projection). Mesh extraction now offline-analyzable"
XDB:0x06F6,manu3_face_builder_next,"ACTIVE-RENDER dumps banked (accuracy/manu3/, mouse-driven state; span free-list churned = renderer ran; face links converged steady-state). Face-record pointer decode needs 0x6F6 (the face builder) disassembled to settle which of the 216 records are live and the vertex-record segment/stride (seg2 candidate: rec ~{...,x,y,z,...} i16; pointers overlap => sub-lists per the 0x30/0x88/0x27C descriptor groups). NEXT SLICE: disassemble 0x6F6..0x700"
0x0040F9,resource_subobject_dir,"resource sub-object directory decode (inside entity_object_populate): resource header {flags:u16, count:u16}, then count dword entries at +4 — entry nibble0 = byte offset, entry>>4 = PARAGRAPH offset from the resource ds; sub-object far ptr = (ds+paras):offset. Entity id -> sub-object index. The .ext/.spr resources are sub-object directories; the world/entity click path goes through the C1/ship-3D records (0x5B38 family) — the converged cyberspace/on-planet trace continues there || ALSO RECORDED as `resource_class_taxonomy`: resource header CONFIRMED on real files: flags=4 = SPRITE BANK sub-object directory (CARTE.SPR {4,7}, BTV.SPR {4,11} — all pointers valid); flags=2 = WORLD container (.ext) with its OWN body format (the 3-byte node table framing, not the dword dir). Sub-object enumeration of every .SPR bank is now mechanical || MERGED 2026-07-25 (#186): one address, several names, folded by union."
0x005B75,c1_present_select,C1 action body: field 0x11 = presented-object link; kind 0x10 vs 0x200 paths; for 0x200 (ship active [0x24F3]&1) compares DI vs gs:[0x251B] = the CURRENTLY-PRESENTED world object — differs -> new presentation setup (es=[0x6726]); same -> 0x5C26 teardown path. gs:[0x251B] is the ship-3D selection cell the mouse hit-test upstream writes (ship FSM 0xAFA0 -> entity rect test) — the remaining link in the world-click chain
0x00B0F3,ship_click_commit,"ship-3D click commit: [0x251B] = selected entity record (from es:[di+0x16] / hover cell [0x250B], minus 4); sets FSM [0x6788]=3 (PRESENT-OBJECT state), [0x252D]/[0x252E]=1, resets text state, then display copy + plane band. The world-click chain: hover cell [0x250B] (hit-test upstream, next slice) -> commit here -> C1 select (0x5B75) -> script blocks"
0x007259,entity_candidate_list,"builds the PRESENTABLE-OBJECT candidate list: source list @gs:0x6886 (0x624B nav-source build), filtered by flags&0x98 + rec[+2]&2, survivors written to [0x250B]++ — the world/entity selection is LIST-DRIVEN (choice-box rows = candidates; commit picks via +0x16 linkage). NO free-roam mouse hover hit-test exists — consistent with the universal choice-box console model. Port adjustment: on-planet interaction = entity list box, not free clicks || NARROWER EARLIER READING `vm_text_helper_6886`: VM/dialogue helper: ds=ax; bp=0x6886; call 0x624b. Processes dialogue/text state at gs:0x6886 (near the active-line record) || MERGED 2026-07-25 (audit-fixes #133): one address, two names, the shorter describing a prologue or a single facet. Kept because a narrow reading records a true observation; renamed away because it is not what the routine IS."
XDB:0x0C2A,manu3_affine_fill,"THE textured inner loop (column-oriented): per row {u(ax) += du(bp); v(dx) += dv(si); texel = ds:[bh:bl] = tex[v.hi*256+u.hi] (256x256 texture, ds = texture seg from lds [rec+0x54]); es:[di]=texel; di += 0x140 (next row)}. Span/edge record fields: +2 flags (0x8001 end/skip), +4/+6 links, +0xA coord, +0x42 u, +0x44 v, +0x52 du, +0x54 dv + texture far ptr. Column S-buffer fill. With this, EVERY manu3 mechanism is decoded — the Rust transcription is fully specified"
XDB:0x0848,manu3_span_setup_next,"NEGATIVE banked: vertex +0xA/+0xC are PROJECTED coords (u 212..294 = screen-ish), not UVs — per-vertex UVs falsified. The u/v gradient source must come from the span-setup region (0x848..0xBE6: face -> span records with +0x42 u/+0x44 v/+0x52 du/+0x54 dv+texseg) — that disassembly is the single remaining decode for textured transcription"
XDB:0x0849,manu3_span_insert,"depth-sorted span insert: spans linked by {next[0], prev[0x10]}, ordered by depth dword +8 (sentinels 0x964/0xA18); column cursor [0x680] 0..0x140 walks columns; [0x684] = per-column face-bucket cursor; faces pop at 0x8B1 -> triangle->edge/gradient conversion 0x8B1..0xBE6 (the u/v gradient math, next slices)"
XDB:0x0D7D,manu3_face_activate,per-face activation (called per bucket face from 0x8C6): converts a face into EDGE records with linear interpolators {value = base(+0x20) + coord(+0xA)*step(+0x28)} — the u/v/depth gradient setup lives here (next slice). Edge flags +0x1A bit15; per-edge eval at 0x90C (eax = -coord*step+base)
XDB:0x0D93,manu3_gradient_setup,"triangle gradient setup: loads the 3 verts' packed screen dwords (+0xA = x:y), deltas -> RECIPROCAL TABLE lookups ([delta*4], the div-free gradient trick), cross-product area with sign backface-reject (jge 0x118E), sar 8 scale; degenerate-edge specials at 0x118F/0x1366; writes interpolator cells {+0xC, +0x1C, +0x2E count}. Continue transcription from here (~1.5KB routine)"
XDB:0x04A4,manu3_vertex_source_model,"INSIGHT (explains the degenerate render): the hand is SKELETAL — the transform walks CHAINED state records (dword position vectors at +0x12.., translations +0x36) = the skeleton segments; the 20B pool's +4..+8 i16 are vertex offsets RELATIVE to their segment (z-hugging values = fingers along the segment axis). Faithful assembly = per-segment matrix+translation THEN the relative offsets. Next: extract the segment chain (positions/parents) from the live ds state records and compose"
XDB:0x2394,manu3_segment_records,"live segment records: seg0 {cnt=14, T=(1024,-3456,16000)>>8, ang≈rest} and seg1 {cnt=16} sane at stride 0x60 — but records 2+ read garbage at that stride => the object-loop's record ADVANCE (who updates [0x2248] between objects, around the 0x544 'mov di,[0x2248]; jne 0x279' loop) is the pinned next decode for the true stride/layout"
XDB:0x2974,manu3_pose_sequences,"the REAL sequence table (post-reloc): 8 pose-animation sequences; records target the SEGMENT ANGLE CELLS (0x23E2/0x23E4 wrist; +0x5E steps: 0x2440 seg1, 0x249E seg2, 0x24FC seg3...) with step values — the function selectors = named hand poses (point/grab/...) tween-animating the fingers. Extractable for the pose-refinement work (record family {counter/flags, target, value, step} per the 0x19B processor)"
XDB:0x29B4,manu3_pose_seq0,"pose sequence 0 stream: 4-word groups {delta, count, cellA, cellB} walking the segment angle cells (0x23E2,0x23E4,0x23E6.. and 0x27EC/0x28AA-family = the T cells!) — keyframes drive BOTH angles and translations. The 0x181 setup builds active-tween records {counter,target,value,step} from these groups; exact word roles resolve against that constructor when the pose extraction is implemented"
XDB:0x01DF,manu3_tween_constructor,"EXACT tween-group spec: 8-byte groups {word0: count.lo/phase.hi, word1: (unused/flags), word2: target cell, word3: END VALUE}; construction: step=(end - *target)<<16 / count (Q16/frame), accum=(*target<<16)+step, count-1 -> active record {counter, target, accum, step}; groups gate on phase == [0x102C] (sequences are PHASED, constructor advances the phase). Pose-player implementation fully specified"
0x00B61A,manu3_load_site,manu3.xdb load-by-name (si=DS:0x113 'manu3.xdb' -> lcall 0x1CE:0x7DB loader) inside a restore path (after the 3D.snd presentation). The per-frame CALL site with the pose selector = the consumer of the loader's stored segment (loader-return storage -> next slice)
0x00B591,alien_overlay_cycle,"the {amer, croolis, scrut}.xdb overlay CYCLE (name table DS:0xACC, index [0xAE5] 0..2) with the cursor pushed around the load/call — the ALIEN-EXAMINATION screen path (validates the port's alien_view cycling). NOT the hand's per-frame caller (still pinned: the manu3 segment-storage consumer) || ALSO RECORDED as `ship_3d_temp_snd_setup`: temporary sn\3D.snd presentation path; cycles DS:0x0AE5 and restores sn\tb.snd || RESOLVED 2026-07-25 (#186): both readings are HALVES of one routine, and both are right. DS:0x0ACC is a 3-pointer table reading amer.xdb / croolis.xdb / scrut.xdb, cycled 0..2 by [0x0AE5] (inc ah / cmp ah,3 / jne / xor ah,ah at 0xB5B5); the same routine then loads DS:0x0D23 = 'sn\\3D.snd' via lcall 0xB1B:0x855. It cycles the alien overlay AND swaps the SND bank || MERGED 2026-07-25 (#186): one address, several names, folded by union."
DS:0x0A4A,xms_driver_entry,XMS driver far entry (int 2F ax=4310 -> bx:es stored here); the many lcall [0xA4A] sites = XMS calls (NOT overlay dispatch). Remaining overlay far-pointer candidates for the manu3 per-frame caller: [0xCD3]/[0xCDB]/[0xCDF]/[0xCEB]/[0xCF3] (next slice)
DS:0x0CD3,driver_entry_table,"[0xCD3]/[0xCDB]/[0xCDF]/[0xCEB]/[0xCF3] = far pointers into the loaded DRIVER (dnsdb/nosound.drv) at entries 0x100/0x106/0x109/0x112/0x118 (segment word patched at load) — the sound-driver dispatch, NOT manu3. Manu3's per-frame caller: likely a RELOC'D direct far call (fixed deterministic load segment) — search the reloc table for calls into the manu3 segment range (pinned)"
0x00000006,manu3_perframe_caller,"MOVED OFF THE CODE SPACE and DOWNGRADED TO UNVERIFIED (audit-fixes #387). Former address 0x32BD is inside `mov ax,gs` at 0x32BC, where it renders a phantom `call 0xb4e` -- a fabricated CALL that would falsely corroborate a label named `_caller`. Worse, the claim itself does not check out statically: gfx_clipped_primitive_a (0x32AC..0x3320) contains NO far call (no 0x9A/0xEA byte anywhere in it), and the quoted return address 0x022D:0x07F2 converts to file 0x30C2, which also has no far call before it. So the CALLERWATCH observation's addresses are not in the main image's SEG:OFF space and the caller relationship is UNVERIFIED. Original note: CALLERWATCH result: manu3 entry 0x0000 is far-called from 0x022D:0x07F2 (return addr; call inside gfx_clipped_primitive_a 0x32AC) — the hand draw is dispatched from the GRAPHICS-PRIMITIVE layer during frame composition; the pose selector ([bp+4]) = this primitive's parameter from ITS caller (next hop). Secondary entry ip=0x886 called from 0x0E84:0x011F (the gs-segment trampoline)"
0x00167D,hand_call_protocol,"THE COMPLETE per-frame hand call (file 0x167D..0x16A2): argument frame @DS:0xAB4 = {cursor_x [0xA2A], cursor_y [0xA2C], SELECTOR [0xA32], target seg [0x5219]}; lcall [0xA96] (the loaded-overlay far-pointer slot); [0xAE7] = hand-hide countdown (skip frames). SELECTOR VALUES from writers: 1 @0x58FD (presentation start), 0xB @0x154B (UI close), 0xFFFF @0x18F9 (none/hide); full map = the remaining writer sweep. The pose-per-context system is now protocol-complete"
DS:0x0A32,hand_pose_selector_map,"FULL immediate-write map: 29 sites, selectors 0..0x10 — 1 @0x14D8/0x58FE/0x59A3/0x7809/0x8548/0x8A57/0x8B8D/0xB0BC (presentation/default point), 2 @0x781E, 3 @0x782C, 4 @0x8227, 5 @0x86AB, 6 @0x851C, 7 @0x8529, 9 @0x7911, 0xA @0x7FBF/0x80C1, 0xB @0x1549/0x7EE3/0x8FFA (UI close), 0xC @0x7962, 0xD @0x8190, 0xE @0x7BEA, 0x10 @0x814D, 0 @0x1649/0x1980/0x8B3B, 0xFFFF @0x18F9/0x8AE4 (hidden). The 0x78xx-0x8Bxx cluster = the console-interaction handlers: each site's context = its screen state (readable on demand). Pose system fully enumerated"
DS:0x0A32,selector_contexts_2,more contexts: 4 @0x8227 = presentation-record active ([0x676A]/[0x675A]) — the attentive/talking pose; 6/7 @0x851C/0x8529 = CHOICE-BOX hover poses (the row math div-0xB / [0x27C7]=row+1 sits at 0x8500); the 0x8690 DAC writes = the selection glow. Sweep continues per-site as needed
0x0082C3,ui_region_table_scan,"the console's clickable-REGION scanner (returns a region id; 0x1F = the region selecting pose 0xC) — the hit-region table system behind the pose selectors and click dispatch. Selector contexts: 9 @0x7911 = region-enter edge ([0x27EA]); 0xC @0x7962 = region 0x1F hover; 0xE @0x7BEA = post-0x971-call state. Remaining sites sweep mechanically against this scanner's region ids || MERGED 2026-07-25 (audit-fixes #130), also recorded as: UI clickable-region table scan: bp=0x65f2; iterate 8-byte records (bl=[bp]; bp+=8); ax=0x1f (count). Walks the table of clickable UI regions/buttons at 0x65f2"
DS:0x65F2,ui_region_table,"the console's 32 x 32B ui-region table (descending from ds:0x65F2), RUNTIME-populated: at the pinned hub only region 4 is active (flag 0x84) — regions activate per console state. Record format = whatever 0x8295 (flag_gated_compare_a3e) tests vs the cursor cells [0xA3E] (pinned next). REGIONDUMP probe added"
0x008295,region_record_hittest,"DECODED: region record = {flag@+0, ..., rect@+8: x,y,w,h i16} in RING-space cursor coords ([0xA2A]/[0xA2C]); hit = x>=rx && x<=rx+w && y>=ry && y<=ry+h, gated on mouse-enable [0xA3E]&1. The console hit-region system is fully decoded (scanner 0x82C3 + record format + coordinate space) — port hit-tests validatable against live per-state tables via REGIONDUMP || ALSO RECORDED as `flag_gated_compare_a3e`: flag-gated compare: test byte [0xa3e],1; if clear skip to 0x82c0, else ax=[0xa2a]; cmp ax,[bp] (compare the 0xa2a value/counter against a caller argument). Conditional value check gated on the 0xa3e enable bit || MERGED 2026-07-25 (#186): one address, several names, folded by union."
DS:0x65F2,region4_orb_validated,"LIVE VALIDATION: during the pinned presentation exactly ONE region is active — region 4, rect (137,139 50x44) = THE ORB's hit box (click-to-advance) — confirming the port's model (presenting: only advance-clicks; idle: full dispatch). The region table is the ground truth for every console hit-test per state"
DS:0x65F2,region_table_scope,"UNPIN dump: the region table holds ONLY the orb zone even on the unpinned hub — the golden-menu rows use the OTHER hit system (the STATION RECORDS, 0x7DAE cs:0x06D4 dispatch by record kind). TWO hit systems total: region table (orb/zones) + station records (menu/stations) — both now structurally documented"
0x007DAE,station_record_dispatch,"station record format: {+0 flags (bit0 active, bit2 mouse-disable clears [0xA3E]/[0xA40], bit3 auto-seek), +0xA target ARC (-> [0x279B] seek target when bit3 and view not there = the auto-seek-to-station mechanism), +0xC.. hit rect -> mouse_hit_test 0x8269}. Validates the port's BridgeView station records + seek behavior"
DS:0x0A32,selector_contexts_3,sweep continued: 0xA @0x7FBF = screen-transition pose (with [0xA34]=0 + 0x299:0x1241); 0x10 @0x814D = the AUTO-SEEK/travel pose (set when activating a bit3 station record); 0xD @0x8190 = same station-activation family. High-traffic poses (1/2/3/4/6) wired in the port; the rest are station/transition variants wired mechanically as their screens land
DS:0x6212,ext_payload_consumer_resolved,"ITEM 6 RESOLVED (architecture): the .ext payload node-walks have NO separate native consumer — entity records +0x04/+0x06 = far ptr INTO the loaded .ext segment, and gameplay = VM SCRIPT EXECUTION (0x55A4 arch note): the VM's entity/C1 opcodes (already ported: vm.rs record family) traverse the payload as per-entity data each frame. The 0x80|node sequences are entity/behavior data the VM walks, not a mystery format. The faithful VM executes it; the port's world-visit + VM cover the behavior. Residual: exact per-entity byte layout (cosmetic — the VM interprets it by opcode, not by a fixed schema)"
0x00944F,presentation_box_and_subtitle_draw,"ADDRESS CORRECTED 0x9450 -> 0x944F (audit-fixes #387): 0x9450 sat inside the 3-byte `mov bp,0x5eaf` at 0x944F -- and that instruction is precisely what loads the rect records this label describes as being at [bp]. The decode chain from 0x9444 (`pop si / cmp bx,2 / je / dec ax / dec bx / je`) is coherent code, so the straddle is real and not a desync. draws the concept/menu box then the subtitle. Box: 8-byte rect records at [bp] {count+0,x+2,y+4,width+6} via span primitive 0x299:0xa2b (0x39bb) / last 0x299:0xb23; subtitle: 0x299:0x6a0 per line, break on 0x0D, pitch 8 (add dx,8 @0x9503). Reveal timers gs:0x5e58/0xb31/0xb35/0x5e65"
0x0039bb,gfx_clipped_span_fill,"clipped horizontal-span/rect fill: bx=x cx=y dx=width bp=color/pattern; clip bounds gs:0x5235(left)/0x5237(right)/0x5239(top)/0x523b(bottom); VGA plane-mask setup at 0x3a23. The concept-box backdrop primitive || ALSO RECORDED as `gfx_clipped_primitive_b`: clipped graphics draw primitive (2 calls): same dx-param + bp=ax + clip family as 0x3321/0x32ac. Another shape/span draw variant || MERGED 2026-07-25 (#186): one address, several names, folded by union."
DS:0x2B97,presentation_box_open_anim_table,"6x 8-byte rect records {x+0,y+2,w+4,h+6} = the presentation box OPEN animation, indexed by (phase-1) at 0x7a43. ph0(155,67,10,15)..ph5(0,10,320,130). Drawn via 0x299:0xcdc (0xE0 fill)/0x299:0xbb5 (0xEF frame). Port should ANIMATE the box open through these, not pop it"
0x0079e5,screen_mode_update,"presentation box-open animation driver: gated [0x27e1]&1; phase counter [0x2b93]; phases 1..6 index box table gs:0x2b97, phases 7..9 use full-screen path (si=0x6011). Writes subtitle Y [0x5e5e]. Palette 0xE0 fill/0xEF frame || MERGED 2026-07-25 (audit-fixes #130), also recorded as: screen-mode update gate: test [0x27e1]&1; es=gs. Guards a screen/mode-specific per-frame update path"
0x0072a8,dlg_menu_words_inline_draw,"draws the line's CONCEPT-MENU words (far ptr [0x674a]..[0x27d3], the post-0xFFFF words) INLINE: x=[0x27d1] init 0x0A, y=dx init 8, color 0xEF via 0x299:0x5de; punctuation advances by [0x27cd]; words advance width+6 (width via 0x299:0x13d); wrap when x+next>=0x12C(300) -> x=10, y+=8. Runs at reveal-completion (gates [0x67b0]/[0x67bc]). NOTE: this is the INLINE mode — the vertical box list in captures is a DIFFERENT renderer (unfound) || ALSO RECORDED as `dlg_record_end_hold`: sets gs:0x0b35=gs:0x27cf*(gs:0x0aca/2)+6 and gs:0x67bb=1 || MERGED 2026-07-25 (#186): one address, several names, folded by union."
DS:0x674A,dlg_menu_words_ptr,"far pointer (off 0x674a, seg 0x674c) to the current line's concept-menu words (set at 0x6791 after the display words; end ptr [0x27d3]); consumed by the inline draw 0x72a8 and the audio word-hash 0xb7fe (voice seeding gs:0xc55)"
0x008428,list_widget_layout_unified,"THE unified vertical-list widget (nav targets, concept menus, SAVE SLOTS): input si = 0xFFFF/0-terminated word-offset list; per-label widths via 0x299:0x13d into DS:0x2AB3; max-width box (min 0x64, or 0x37 with [0xADD] mode +bp init 10); PITCH 11 = add bp,0xB @0x847A (assembly source of the row pitch); save-slot substitution cmp ax,[0x2734] -> si=0x273B (the edit buffer renders in place of the slot name). Continues into centered-rect + draw + mouse/query return || NARROWER EARLIER READING `ship_3d_target_query_layout`: target-list label measurement, centered layout rectangle, draw path, and mouse/query return helper || MERGED 2026-07-25 (audit-fixes #133): one address, two names, the shorter describing a prologue or a single facet. Kept because a narrow reading records a true observation; renamed away because it is not what the routine IS."
DS:0x2AAB,list_widget_rect,"the list widget's box rect {x+0,y+2,w+4,h+6}: w=max_label_width+0x14, h=rows*11+8, x=[0xAC6]-w/2 (anchor-centred), y=(0xC8-h)/2 (screen-centred). Text top = y+4 (add cx,4 @0x84E6)"
DS:0x0AC6,list_widget_anchor_x,the list box's centre-X anchor (x = [0xAC6]-w/2). Set per context by the caller
DS:0x27C7,list_widget_hovered_row,"row under the cursor +1 (0=none): ay=[0xA2C]-text_top; row=ay/11+1 (div bl,0x0B @0x8508). Sets hand pose [0xA32]=6 (LIST-BOX HOVER — assembly source of selector 6) and 7 via the [0xA3E] press gate"
0x0086d9,list_anchor_hub,"mov [0xAC6],0x64 — the hub console box anchors at centre-X 100"
0x0089a6,list_anchor_console_window,"mov [0xAC6],0xE1 — the in-window concept lists anchor at centre-X 225 (x0 = 225-w/2 derives the observed x~170..175)"
0x00b0d1,list_anchor_world_candidates,"mov [0xAC6],0x50 — the WORLD/entity candidate list anchors at centre-X 80 (inside ship_click_commit, with alt-mode flags [0xADC]/[0xADD]: narrow min-width 0x37, bp-init 10)"
0xF419,scrut_exam_record_table,scrut.xdb ds:0xC069 111x0x14 entries; +0x06=script record offset (exam result sinks; groups of 6/subject)
0xF6C7,scrut_exam_rec_scr,scrut.xdb table entry whose +6 record = 0x1276 (scr - the Honk planet gate)
0xD526,descript_des_name_a,'descript.des' filename string (a)
0xD679,descript_des_name_b,'descript.des' filename string (b) ds:0x259
0xBDFD,voice_open_waitcmd_path,mixer voice-open: int21 3D + flags + WAIT COMMANDER placeholder + seek
0x005C63,presentation_start_travel_arm,"ADDRESS CORRECTED 0x5C64 -> 0x5C63 (audit-fixes #387): 0x5C64 sat inside the 7-byte `mov word gs:[0x24f3],9` at 0x5C63 -- the `[0x24F3]=9` this label itself names. NOTE: the ENTRY may be earlier still, since the label also describes writes to [0x675E] and [0x251B] that precede this instruction; 0x5C63 is a true boundary and part of the described sequence, not necessarily its first instruction. consumes pending C4 via [0x675E]; [0x251B]=target; [0x24F3]=9 (bit3 travel)"
0x9EBB,travel_activate_a,presentation teardown: [0x24F3]&8 -> [0x27D8]=1
0x9F67,travel_activate_b,sibling teardown travel activation
0x549A,c4_pending_slot_fill,kind-1 object: [0x674E]=obj+0x10; pending slot [0x675E]=+8
DS:0x24F3,dialogue_scene_flags,bit3=travel-pending (set only by 0x5C64 imm 9)
0x5D37,c3_promoter_branch,typed-C3: related==[0x674E] -> [0x675A]=si takeover + sound 6; else [bp]=0xC4
0x00000007,pending_slot_c4_writer,"MOVED OFF THE CODE SPACE and DOWNGRADED TO UNVERIFIED (audit-fixes #387). Former address 0x77A0 sat inside the 4-byte `mov byte es:[di],0` at 0x779D. The surrounding chain is authoritative -- 0x779C is a real branch target (`js`/`jb` from 0x7793/0x7797) and decodes cleanly as `dec si / mov byte es:[di],0 / mov byte gs:[0x27e8],1 / pop es / ret` -- and NONE of it writes 0xC4. A whole-image scan for every `mov byte [reg+0x30],0xC4` encoding (bare and with 0x26/0x64/0x65/0x3E segment prefixes) found ZERO sites. So the described write is not here and may not exist in that form. Original note: writes 0xC4 into the pending slot (block+0x30) — undecoded context"
0x9FE4,croolis_var_lists,zero-terminated lists of SCRIPT3 record offsets (vbio/secret groups); walker reached via pointer structure (base ds:0x6CF4 unreferenced directly)
0xA58C,scrut_var_lists,identical variable-list table in scrut.xdb (shared overlay template)
0x001468,croolis_method_motion,"ADDRESS CORRECTED 0x146C -> 0x1468 (audit-fixes #387), PARTIALLY: 0x146C is inside the 6-byte `mov eax,0x1510` at 0x1468 (it lands on the immediate's zero bytes and renders `add [bx+si],al`). 0x1468 is a real boundary so decoding from it is at least truthful, but the METHOD ENTRY IS UNRESOLVED -- this is dispatched indirectly through cs:[bp+0xDBB], so no branch target pins it, and both 0x1468 and 0x146E are candidates. shared object method (3 objects): keyframe/path integrator (cs:[bp+0xDBB] -> pos [si+0x4E/0x50/0x54]); NOT the variable writer"
0x006CC3,vm_op_c4_set_write_guard,"0xC4 mode-0 (SET) write guard: di=0x6034(op1) owning object; requires es:[di+2]&1 AND es:[op2+2]&1 (BOTH objects active) else vm_branch; op1-obj kind 1 OR op2-obj kind 1 -> write; else fail if op1 state rec already 0xC4 (cx) or op2 selector-0x13 field already 0xC4. Writes es:[op1]={0xc4,op2,0}. Ported: VmMachine::c4_set_write_decision (src/vm.rs)"
0x005B8D,obj_active_bit_sole_runtime_clear,"and byte [bx+2],0xfe in record_type_ladder 0x5B38 (C1 world/ship path): the ONLY runtime writer of an object's active bit0 in BLOODPRG.EXE (enumerated all or/and [reg+2],imm sites). Clears bit0 of a kind-0x20 field-0x11-linked object. No 'or [reg+2],1' setter exists -> runtime never activates a VAR-inactive object; dialogue active bits are VAR-initial static"
0x00B20C,ship_3d_world_click_select,"WORLD-DESTINATION CLICK (was 'undecoded on-planet click'): call ship_3d_target_record_select 0xB2BB (scans target list DS:0x250B / fallback DS:0x2537, mouse hit-test lcall 0x71E:0xC48 gated on 0x27E6, layout DS:0x2AAB/0x2545). ax=selected target: 0=none, -1=back/exit (0x24F3=0x11 @0xB288), ==gs:0x251B=already-current (skip). NEW target -> mov gs:[0x251B]=ax @0xB224 + CREATE C1 record {0xC1, target, 0} at [0x6750]+0xa @0xB272. The C1 ladder 0x5B38 then presents it. World-click and C1 are ONE mechanism"
0x0067C8,vm_op_a8_load_string,"0xA8 handler: copy NUL-terminated operand into buffer 0x2120 (bp), skip pad. THEN if buffer starts 'fin.' set gs:[0x67BD]=1 (fin/finale flag). THEN if !(gs:[0x67AA]&2) AND (gs:[0x24F3]&1 ship-active OR gs:[0x274F]&1): presentation request -> gs:[0x6788]=7 (active line), gs:[0x67AA]|=2, gs:[0x1FB2]=0, gs:[0x1FA3]=0xFFFF, gs:[0xB3B]=0. Port models only the string copy (VmEvent::LoadString); the fin-flag + presentation-request are engine/ship-presentation-flag coupled"
0x0097F6,bridge_ring_cursor_frame_snap,"and word [0xa2a],0xfff8 inside bridge_frame_to_yaw_sync 0x97E4: snaps the RING cursor x to an 8-unit boundary (= one panorama frame / 2deg) every tick, since all steer/seek paths fall into 0x97E4 before the 0x97FC screen rebase. Deterministic (NOT a subjective 'steering feel' tweak). Ported: BridgeView::update_view wrapper (src/bridge.rs)"
DS:0x0B3B,port_gs_alias_hazard_marker,"PORT-MODEL HAZARD (not a game fact): the port stores gs engine flags and the VAR record table in ONE array, but the game keeps them in separate segments (records behind the far ptr gs:0x6724). Max VAR = 0x1534 (SCRIPT4), so gs flags ABOVE that (0x1FA3/0x1FB2/0x24F3/0x2751/0x6788/0x67AA/0x67BD) are safe to model as state bytes, while gs:[0xB3B] (=2875) lies INSIDE every VAR and would corrupt a record. Check offset vs var_len before modelling any gs flag"
DS:0x67BD,vm_fin_flag,"FIN (finale) flag latched by the 0xA8 handler at 0x67F0 when the loaded string operand's first four bytes are 'f','i','n','.' (compares at 0x67D8..0x67EE against the 0x2120 buffer). UNGATED - it is NOT under the handler's later presentation-request gate at 0x67F6. The finale scripts load fin.hnm via 0xA8, so this is the engine's own 'ending requested' latch. Ported: VmMachine::fin_requested (src/vm.rs)"
DS:0x274F,game_flag_274f_cryobox_screen,"0xD1's gate (branch when CLEAR). BAKED INITIAL VALUE = 0 (file 0xFB6F), i.e. the game boots with it CLEAR. Exactly two writers: 0x18C4 sets it to 1 on entry to the screen that also sets [0x2751]=5 / [0x1FA7]=0x23 and loads resource 0xf3 (the CRYOBOX screen), and 0x1A48 clears it to 0 on the leave-mode path ([0x2751]=0x21, [0x6788]=0x2a). So it means 'the cryobox screen is up' - a screen-state flag, NOT a permanent story flag. Ported: main.rs sets it on the CRYOBOX console row and clears it on screen exit"
0x006FB9,vm_op_c9_clear_record_full,"0xC9 FULL decode: lodsw record offset; cx=old type at +0; ZEROES THE WHOLE 3-WORD RECORD (stosw x3 @0x6FC7/0x6FCB/0x6FCC) - not just +0; bx = the word at +2 (related record) read BEFORE clearing. If cx==0xC4: bx=kind of related, ax=vm_field_offset(0x13,kind), di=related+ax, then gs:[0x252A]=0 + gs:[0x2531]=6 and three more zero words clearing the related object's selector-0x13 RECIPROCAL triple. Leaving that stale wedges the actor: the C4 mode-0 write guard 0x6CE9..0x6CFF refuses a new presentation while the related selector-0x13 field still reads 0xC4. Ported: live step() 0xC9 arm (src/vm.rs); the 0x252A/0x2531 writes still pending the ship-3D nav setter || ALSO RECORDED as `vm_op_c9_clear_record`: 0xC9 CLEAR RECORD. les di,gs:[0x6724]; lodsw -> record offset; XOR AX,AX; reads the OLD type (es:[di]) and OLD related (es:[di+2]) BEFORE overwriting, then THREE STOSW zero +0/+2/+4 -- this is what fixes the 3-word record layout. If the old type was 0xC4 (CMP CX,0xC4 @0x6FCD) it runs the reciprocal teardown: follow the related pointer, offset it by vm_field_offset(selector 0x13) via call 0x6023, and clear gs:0x252A. Ported as vm.rs clear_record / clear_record_words || ALSO RECORDED as `vm_op_c9_clear_record_field`: VM opcode 0xC9: les di,gs:[0x6724]; lodsw di = record offset; read cx=es:[di]; stosw 0 - clears a field in the object/line-record state table to 0. A reset-record-field op || ALSO RECORDED as `vm_op_c9_record_clear`: 0xC9 record-clear handler; zeros es:[record..record+4] and clears related 0xc4 actor subrecord || MERGED 2026-07-25 (#185): one handler under several names."
0x006E34,vm_op_c2_record_full,"0xC2 FULL decode. QUERY (0x6E56..0x6E76): di=0x6034(op1) owning object must be ACTIVE (test es:[di+2],1), record's +2 must equal op2, record type must be 0xC2; branch when that fails (0xA1 inverts). SET (0x6E78..0x6E98): owner active, then op2's OWN record needs +2 & 0x20, then vm_special_slot_insert(op2) (0x5FF6, jae=full->exit) and write 0xFFFF into op2+vm_field_offset(0x11,kind). ASYMMETRY: every SET failure path jumps to the RET at 0x6EEC, NEVER to vm_branch - a failed C2 write does not branch. Tail 0x6E9F..0x6EE7 raises a presentation request (kind 2 -> gs:[0x6788]=0x27; kind 0x400 -> DESCRIPT lookup then gs:[0x67AA]|=2 + gs:[0x6788]=0x2B) gated on gs:[0x2793]&1 / gs:[0x67AA]&2 - NOT ported (same engine plumbing the 0xA8 request half needs). Ported: live step() 0xC2 arm || ALSO RECORDED as `vm_op_c2_record_call`: VM opcode 0xC2: les di,gs:[0x6724]; optional 0xA1 skip; lodsw bp; call 0x6034 - object/line-record op with a subcall. Manipulates the runtime state table || ALSO RECORDED as `vm_op_c2_record_state`: 0xC2 line-record state handler; raw token C2 record operand || MERGED 2026-07-25 (#185): one handler under several names."
GS:0x5851,palette_working_buffer_192,"576-byte palette WORKING buffer. 0xB563..0xB56C copies gs:0x5b58 -> gs:0x5851 with cx=0x90 rep movsd = 576 bytes = 192 RGB triples = colors 0..191 ONLY (the live DAC buffer 0x5b58 is 768 bytes / 256 colors). This 0..191 span is exactly why the open audit finding concerns the 128-191 bank: per-screen palette save/restore covers colors 0..191 and leaves 192..255 (the console/text bank) alone. Companion: the panorama frame loader 0x981B refreshes 0x5b58 -> 0x5251 when gs:[0x5B53]&1, and 0xB426 sets [0x5B53]=1/[0x5B57]=1 on ship-3D sequence entry. Port: src/tbbig.rs uses a STATIC GAME_SCREEN_PALETTE_DAC with no refresh-flag model - this working-buffer flow is the unimplemented per-screen palette infrastructure"
DS:0x4F09,ship_3d_nav_position_table,"NAV-DESTINATION POSITION TABLE read by the projector 0x9B98 (bx starts here, add bx,6 per iteration). Entry = three int16 (x,y,z), stride 6. BAKED = 10 identical entries (10200,12100,900) occupying +0x00..+0x3B; the trig table starts at +0x3C. The projector loops ELEVEN times (counter gs:0x2F77 = 0x0B), so its 11th read lands at +0x3C and picks up the trig table's first words (16384,0,16374) - the table is effectively 10 entries and the 11th read OVER-READS (original off-by-one, or entity 0x1F is a never-active sentinel). LIVE-CONFIRMED at boot via re/tools/dump_dosbox_mem.py: records still hold the baked defaults and camera gs:0x2F65 reads (10000,12000,0) = its baked value, i.e. both stay at defaults until ACTIVE navigation. The literal 0x4F09 is referenced ONLY by the projector, so per-destination positions must be written through a pointer during navigation - driving the game there (re/tools/drive_real_game.sh) and re-dumping is the remaining task"
0x00624B,ship_3d_nav_source_list_build_full,"NAV SOURCE-LIST BUILDER (output DS:0x6886, -1 terminated) - FULL decode, PURE RECORD LOGIC (no frontend state, which is what makes the C1 nav-source path portable): lds si,gs:[0x672c] (the 20-byte directory = the DEB records, +0x10 = object offset, +0x12 = entry kind); bx=[si+0x10]; read the object's kind es:[bx]; ax=vm_field_offset(0x11,kind); skip when ax==0 (or ax,ax / je); if es:[bx+ax] == di (the current target) then append [si+0x10] at [bp], bp+=2, and RECURSE depth-first with di = that object. Advance si+=0x14 and continue only while the NEXT entry's +0x12 == 1, else store 0xFFFF and return. Ported: VmMachine::build_nav_source_list (src/vm.rs) || ALSO RECORDED as `ship_3d_navigation_source_list_build`: recursively fills DS:0x6886 with selector-0x11 children of the current target, depth-first, -1 terminated || MERGED 2026-07-25 (#186): one address, several names, folded by union. || DI LIFETIME SETTLED (audit-fixes #194): DI is PRESERVED across the recursion (0x6276 push di / mov di,ax / call 0x624b / 0x627D pop di), so the routine returns the caller's target in DI. This is what lets 0x7259's `mov ax,di` @0x726F be read as the target."
0x006210,ship_3d_object_table_bit_test_full,"ALSO RECORDED as `ship_3d_object_table_bit_test`: maps object record to its 20-byte table index and tests high-bit-first bit at selector-5/kind-2 bitset || OBJECT-TABLE BIT TEST - FULL decode. Input ax = an object offset, si = the bitset base record. Scans the gs:0x672c directory comparing ax against each entry's +0x10, counting cx = the DIRECTORY INDEX of that object (di += 0x14 per entry). Then ax = vm_field_offset(selector 5, kind 2) and si += ax = the bitset field; si += index>>3 selects the byte; cl = (index & 7) + 1 and 'shl al,cl' leaves the tested bit in CF, so the bitset is HIGH-BIT-FIRST (index 0 -> bit7, index 7 -> bit0). Returns CF = bit set; the C1 SET caller at 0x6C2F uses 'jb' to take the write path. NOTE the selector/kind are FIXED (5 and 2), not derived from the object || MERGED 2026-07-25 (audit-fixes #184): one address under several names, folded by union."
0x008166,palette_stage_to_dac_copy,"PER-SCREEN PALETTE LOADER: si=0x5251 (staging), di=0x5b58 (live DAC buffer), cx=0x90 rep movsd = 576 bytes = 192 RGB triples = colors 0..191 ONLY. Runs on entry to the ship/nav state (immediately after mov [0x24F3],1 @0x8160). Completes the three-buffer flow: gs:0x5251 = per-screen STAGING (filled from the master by the panorama frame loader 0x981B when gs:[0x5B53]&1), gs:0x5b58 = the LIVE 768-byte DAC buffer uploaded by 0x16A7/0x2F90, gs:0x5851 = a 576-byte BACKUP (saved by 0xB563 si=0x5b58->di=0x5851, restored via si=0x5851 @0x1FA1). EVERY copy is 192 colors, so 192..255 (the console/text bank) is never touched by per-screen loading - which is exactly why the open audit finding concerns the 128-191 bank. PORT: src/tbbig.rs renders from a STATIC GAME_SCREEN_PALETTE_DAC and models none of the three buffers or the 0x5B53 refresh flag"
DS:0x7802,font_ascii_to_glyph_xlat,"176-byte (0xB0) CP437 -> GLYPH-INDEX translation table -- CORRECTED 2026-07-24 from the earlier 256-byte claim: the table ENDS where the advance table begins at DS:0x78B2 (file 0x14CD2), i.e. 0x14C22..0x14CD2 = 176 entries. Indices >= 0xB0 read into the ADVANCE table, not the map. Extent is pinned by the data: all 176 entries are either 0xff or a valid index into the 86 glyphs, zero out of range. The high half is REAL text data, not padding: 0x81=u-umlaut, 0x82=e-acute, 0x84=a-umlaut, 0x85=a-grave, 0x87=c-cedilla, 0x89=e-diaeresis, 0x8A=e-grave, 0x8B=i-diaeresis, 0x8D=i-grave, 0x94=o-umlaut, 0x95=o-grave, 0x97=u-grave, 0xA8=inverted-question, 0xAD=inverted-exclamation. ORIGINAL NOTE: 256-byte ASCII -> GLYPH-INDEX translation table for the BUILT-IN font, used by render_string 0x31C8 via `xlatb` (bx=0x7802). A result with bit7 set means SKIP the character (`or al,al; js` at 0x31DE). Decoded mapping: 'A'..'Z' -> 0..25, '?'=26, '!'=28, '.'=30, ':'=31, ';'=32, '-'=34, '+'=35, '\'=36", ','=37, apostrophe=38, 'a'..'z' -> 39..64 (lowercase has its OWN glyphs, it is NOT folded to uppercase), '0'..'9' -> 76..85. Space is special-cased BEFORE the xlat (0x31D3 `cmp al,0x20` -> advance di by 6). Companion tables: per-glyph width byte at DS:0x78B2 (indexed by glyph)," 8-byte glyph bitmaps at DS:0x7908 (glyph<<3). NOTE this is the BUILT-IN font; the console font loaded from HONKF.SPR is a separate asset with its own frame ordering"""
0x009C3D,ship_3d_depth_scale_div,"UNSIGNED div: scale = 0x8000000>>7 = 0x100000 divided by the >>15 depth, stored at [bp+0x2A]. Contrast 0x9C6F which divides the SAME depth with a SIGNED idiv -- the projector deliberately treats depth as unsigned for the scale reciprocal and signed for the screen axes, after the 0x9C29 'if negative add 0x10000' fixup"
0x009C6F,ship_3d_screen_axis_idiv,"SIGNED idiv (cdq; idiv ecx) of the >>7 dot-product row by depth, then ADD AX,0xA0 (x) / 0x64 (y) for the 320x200 centre. Port project_ship_3d_axis: Rust / on i32 is signed truncating, matching idiv, and the centre add wraps in 16 bits"
DS:0x4F09,nav_destination_points,"NAV-DESTINATION POSITION TABLE - exactly TEN records of three i16 (x,y,z), stride 6, spanning DS:0x4F09..0x4F44. All ten are IDENTICAL: (10200,12100,900). CORRECTION 2026-07-24: the 0x9B98 label previously said '11 x identical' -- it is 10. Offset 60 (DS:0x4F45) is already the ANGLE/TRIG table, so the projector's ELEVENTH iteration reads (16384,0,16374) = the first cosine/sine entries, not a position. Confirmed in the shipped EXE at file 0x12329 AND in live interpreter memory"
0x009CF5,ship_3d_projector_loop_advance,"Projector loop tail: pop bx; add bx,6; jmp 0x9BBA. With [0x2F77] seeded 0x0B at 0x9BB4 and DEC/JS at 0x9BBA, the counter takes 0x0A..0x00 = ELEVEN iterations while bx walks 0x4F09+6k for k=0..10. The position table has only TEN entries, so k=10 over-reads into DS:0x4F45. Entity index is 0x6212+((i+0x15)<<5) and i DESCENDS, so the over-read pairs with entity 0x15 (the LOWEST), not the highest. Whether this is intended or an off-by-one is NOT established -- it is moot in every state reached so far because the draw is gated on the entity's active bit7"
0x00B70E,ship_3d_plane_copy_mapmask_all,"out 0x3C4, ax=0x0F02 -- VGA SEQUENCER map-mask register (2) = 0x0F, i.e. ALL FOUR planes write-enabled, immediately before the band copy"
0x00B732,ship_3d_plane_copy_write_mode1,"Puts the VGA GRAPHICS CONTROLLER into WRITE MODE 1 (latch copy): out 0x3CE,5 selects the Graphics Mode register, IN AL,0x3CF reads it, AND AL,0xFC / OR AL,1 forces mode 1, and 0xB752 restores the saved value. In write mode 1 each MOVSB copies the 32 bits held in the four plane latches, so one byte moved = FOUR pixels. CONSEQUENCE for the port: combined with the 0x0F map mask at 0xB70E this copy is exactly equivalent to a LINEAR memcpy of 4x the byte count -- the planar layout is a bandwidth technique here, not a visual one, and reproducing it faithfully needs NO planar video model"
DS:0x7362,square_caps_char_map,"SQUARE-CAPITALS font: 176-byte CP437 -> glyph-index xlat (0xff = no glyph). Selected by the text-measure routine 0x30CD when AX==0 (AX!=0 picks the thin built-in font at DS:0x7802). FOLDS CASE -- 'a' and 'A' both map to glyph 0 -- and carries SPACE as glyph 47, so callers need no upper-casing or space special case"
DS:0x7412,square_caps_widths,"SQUARE-CAPITALS per-glyph advances, 48 bytes indexed by glyph. Summed by 0x30CD (`add dl,[di+glyph]`) with `sub ax,2` at 0x30FE for the trailing gap. Typical 10, 'I'=3, 'M'=11"
DS:0x7442,square_caps_glyphs,"SQUARE-CAPITALS glyph bitmaps, file 0x14862. 48 glyphs at a 20-BYTE STRIDE: 8 rows of u16 BIG-ENDIAN followed by 4 zero bytes. This is the face the port previously HARVESTED FROM SCREENSHOTS (25 of 48 cells, one of them -- '4' -- mis-read); it was in the binary all along, reachable from the 0x30CD font selector"
0x00668D,vm_a6_store_voice_selector,"A6 handler: LODSB reads b3 (the voice selector), CBW SIGN-EXTENDS it, and it is stored as a WORD at DS:0x1FAB. 0x11F2 then forms the active line id as [0x1FAB]+9 -> gs:0x6788. NOTE for the port: this makes b3 a LINE IDENTIFIER input, not a one-based talk-clip index -- vm.rs text_selector_voice_clip_index models the latter and is an open suspect"
0x006693,vm_a6_accept_clears_active_bit,"TEST CL,1 (b4 bit0 = preserve-active): when clear, AND byte [si+1],0x7F clears bit7 of b5 IN THE COD STREAM itself, so an accepted line will not re-display. Self-modifying script data -- the port models it as text_flags_after_accept"
0x009D10,dlg_line_id_scene_dispatch,"SEG 0x971:0. Consumer of the active line id gs:0x6788 (called from 0x1EDD with ax=[0x6788]). Re-reads it at 0x9D1D, rejects negative (js), branches on [0x1FB2]&1 and on specific ids (cmp ax,0x1D at 0x9D2F). The work it does is GRAPHICS, not audio: at 0x9D80..0x9DAA it raises the palette-refresh gates [0x5B53]/[0x5B57] and [0xAE1], loads the buffer far-ptr [0x5229], and calls 0x1ce:0x91d (unpack), then lowers them. TRACED 2026-07-24 with NO sound call on this path || ALSO RECORDED as `render_dispatch_6788`: render dispatch: [0xdb8]=0; ax=[0x6788]; if negative skip; test [0x1fb2],1. Core per-frame render dispatch keyed on the 0x6788 object/scene index (called 8x) || MERGED 2026-07-25 (#186): one address, several names, folded by union."
0x0077A9,music_voc_name_patcher,"Patches the MUSIC filename into the `mu\\xxxxxxxx.voc` template at DS:0x0D2C, writing the 8-char name field at DS:0x0D30. Copies from ds:si uppercasing (cmp al,0x61 / and al,0xDF), stopping at space, control or a high-bit byte; sets gs:0xBA1 if any character CHANGED and gs:0xBA0 if the name was identical, so the caller can skip a reload. RESOLVED 2026-07-24: this is MUSIC, not dialogue voice -- all 44 files in BLOOD.DAT's mu/ are track names (angst, blintr, credits, croolrap, tablo2, generik...) and NONE is a character name. Dialogue voices come from the son.snd bank instead (loader 0xC005, handle DS:0x0C47)"
DS:0x1FAB,vm_a6_selector_b3_store,"COMPLETE reference set (2026-07-24, byte-searched): ONE write of the A6 selector b3 (0x668D lodsb / cbw / mov gs:[0x1fab],ax), THREE resets to 0xFFFF (mov word [0x1fab],0xffff at ~0x1A64, 0xB460, 0xB529), and exactly ONE READ -- 0x11F2 `mov ax,[0x1fab]; add ax,9` forming the active line id gs:0x6788. Nothing indexes a sound table from it. So the stored b3 feeds the LINE/SCENE id and nothing else; vm.rs text_selector_voice_clip_index treating b3-1 as a son.snd talk-clip index has no counterpart here"
0x00B8AB,chatter_clip_picker,"AMBIENT CHATTER voice picker (NOT the dialogue-line voice path). mov ax,0xA; lcall 0x1ce:0xb02 -> prng(10); cmp with the last value at DS:0x0C4D and JE back to the roll, i.e. RE-ROLL UNTIL DIFFERENT; then store it and `add ax,7` so the clip index is prng(10)+7, played via 0xB8CD -> the clip table DS:0x0BBF indexed by clip*4. Gated on [0xCFB]&1 and [0xB2F]==0, which it then sets to 4. The port models this in main.rs (BloodPrng + re-draw-until-different)"
DS:0x0CDB,snd_driver_play_vector,"INDIRECT far-call vector for sound playback: every site that plays a clip does `lcall [0x0CDB]` (0xB915, 0xB979, 0xB9D9, 0xBA18, 0xBC47, 0xBCFC). A byte search finds SIX READS AND NO WRITER anywhere in BLOODPRG.EXE, so the vector is filled at runtime by an EXTERNAL SOUND DRIVER -- the game ships driver patterns *MID / *SBP / *GRV at DS:0x023E/0x0248/0x024D. CONSEQUENCE for the port: the trace from a clip index to audible output ENDS at this boundary; what must be faithful is the clip INDEX and the bank layout (table DS:0x0BBF, clip*4 -> {offset,len}), not driver internals. Companion vector DS:0x0CDF (read once at 0xBBA8) is the stop/reset entry"
DS:0x0CFB,dlg_voice_trigger_flag,"THE DIALOGUE-VOICE TRIGGER. Complete reference set (byte-searched): SET to 1 at 0x66AF by the A6 handler when it accepts a line (itself gated on gs:0x67B9&1), CLEARED at 0x129C and at 0x94CF (reveal complete), and TESTED at 0xB898 -- the clip picker's gate. One setter, one tester. So an accepted dialogue line is what makes the game play voice, and the clip it plays is prng(10)+7 with no immediate repeat (0xB8AB..0xB8BC). There is NO per-line or per-selector clip choice anywhere in the executable: the A6 selector b3 has exactly one reader (0x11F2) and it forms the line id, and the clip table DS:0x0BBF has only three users (chatter lookup 0xB8F8, player 0xBA22, loader 0xC041)"
DS:0x1FB5,dlg_line_asset_table,"PER-LINE ASSET TABLE -- the mechanism behind talk-clip selection. Indexed by the LINE ID (= sign_extend(A6 b3) + 9, formed at 0x11F2) with a 4-BYTE STRIDE; the asset id is the word at entry+2 (0x9D65: mov bx,ax; shl bx,2; add bx,0x1FB5; mov si,[bx+2]). 0xFFFF means NO asset (0x9D71 cmp si,-1). If the id equals the currently loaded one cached at DS:0x1FA3 the reload is SKIPPED (0x9D76); otherwise it is cached and unpacked with the palette gates 0x5B53/0x5B57 raised, buffer far-ptr [0x5229], lcall 0x1ce:0x91d"
DS:0x1FAF,dlg_line_asset_write_cursor,"Write cursor for the per-line asset table, seeded at 0x7447: `mov bx,0x1FB5; add bx,0x26; mov [0x1FAF],bx`. 0x26 = 38 is exactly the entry for b3 = 0 -- line id 9, so 9*4 + 2. That pins the indexing: the table is populated from the b3=0 entry upward, so the effective per-line index is b3 ITSELF (0-based), not b3-1. NOTE this contradicts vm.rs text_selector_voice_clip_index, which computes b3-1 AND treats b3=0 as silent"
DS:0x1FA3,dlg_current_asset_id,"Currently-loaded per-line asset id; compared at 0x9D76 to skip a redundant unpack, set at 0x9D7C"
0x007444,dlg_asset_index_load_and_find,"Seeds the per-line asset table's write cursor (mov bx,0x1FB5; add bx,0x26 -> DS:0x1FAF, the b3=0 entry), then loads a NAMED INDEX and searches it. Load: int21 3D00 open, 3F00 read 2 bytes into DS:0x0AAE (the record COUNT), then read count*0x12 bytes into the far buffer at DS:0x0ABC -- so the index is 18-BYTE RECORDS. Search (0x7489..0x74A8): byte-compare each record's name against es:di, `add si,0x12` to step records and `dec [0x0AAE]` to count down; a match falls through to an lseek (int21 4200) using the record's offset, and exhaustion returns AX=0. This is the by-name asset directory the dialogue path resolves through"
DS:0x0AAE,dlg_asset_index_count,"Record count of the 18-byte named asset index, read from the file's first 2 bytes at 0x746F and used as the search countdown at 0x74A3"
DS:0x0ABC,dlg_asset_index_buffer,Far pointer to the loaded 18-byte-record named asset index (read target at 0x7481)
0x007684,dlg_line_asset_table_fill,"THE FILL for the per-line asset table (completes the chain from A6 b3). di = the cursor gs:[0x1FAF], which 0x7447 seeded at 0x1FB5+0x26 -- i.e. already AT entry+2, exactly where the reader 0x9D6E looks. Per source byte: LODSB + CBW; if NEGATIVE store the sign-extended value unchanged (so 0xFF becomes 0xFFFF, the 'no asset' sentinel the reader tests at 0x9D71); otherwise store (byte-1)*16 (DEC AX; SHL AX,4). Then STOSW + `add di,2` advances a full 4-byte stride to the next entry's +2. The *16 means the stored id is a BYTE OFFSET into a 16-byte-stride NAME TABLE -- the same stride as the sprite filename table at DS:0x0669 -- so a per-line asset is a filename reference, not an ordinal"
DS:0x1FAD,dlg_line_second_cursor,"A second write cursor advanced by 0x1A (26) per record at 0x76A2, filled from the same source stream immediately after the asset id at 0x769D. A 26-byte-stride per-line record parallel to the 4-byte asset table"
0x00766F,dlg_line_record_parser,"PER-LINE RECORD PARSER — the source of the per-line asset table. Reads one record from ds:si and fans it into THREE destinations: (1) a NAME copied to DS:0x24C6 (0x766F..0x767E, LODSB with a js/cmp 0x20 terminator like the other name copiers); (2) the ASSET ID at 0x7684, stored as (byte-1)*16 or a sign-extended passthrough, through the cursor DS:0x1FAF into the 4-byte-stride table DS:0x1FB5; (3) a further field at 0x769D through the cursor DS:0x1FAD, which advances 0x1A (26) bytes per record. Immediately preceded at 0x7667 by `mov ax,1; lcall 0xb1b:0x855` — the SND bank loader with AX!=0, the mode that preserves the table and may write son.snd"
0x00665A,vm_a6_already_shown_gate,"TEST word es:[di+2],0x8000 / JNE 0x67A0 -- the per-line ALREADY-SHOWN gate. di = gs:[0x6724] + line_index (0x660D..0x6613), so the flag word lives at the line record +2 and bit 15 suppresses redisplay. Ported as text_line_already_shown / TEXT_LINE_ALREADY_SHOWN_FLAG"
0x006664,vm_a6_talk_field_lookup,"Computes the TALK field offset the way the game does rather than hardcoding it: AX = 0x13<<4 + 1 = 0x131, then MOV AL,gs:[bx+0x6D60] reads the FIELD-OFFSET MATRIX (selector 0x13, kind slot 1). In the shipped image that byte is 0x3A, which is exactly vm.rs TALK_FIELD. The value is then used as MOV DX,es:[bx+di]; CMP DX,0xC4 (OP_ACTOR) to gate on an active presentation record"
0x006D01,vm_c4_write_record_entry,"THE 3-WORD RECORD WRITE, reached from the 0xC4 handler 0x6C7E after its guard chain 0x6CC3..0x6CFC: MOV word es:[bp],0xC4 (+0 opcode) / MOV word es:[bp+2],bx (+2 related) / MOV word es:[bp+4],0 (+4 zero). The guard-failed path falls to 0x6D13 which calls 0x6462 (vm_branch). Counterpart of vm.rs write_record_entry; the same +0/+2/+4 layout the 0xC9 clear at 0x6FC2 zeroes"
DS:0x24C6,dlg_record_name_buffer,"Name buffer the per-line record parser 0x766F fills (mov di,0x24C6 then a LODSB/STOSB copy). EXACTLY ONE reference in the image -- that write. Nothing reads it by immediate address, so its consumer must receive the pointer; the buffer cannot be traced statically from here"
DS:0x0DC7,fd_path_template_array,"`fd\\` path template followed by an ARRAY of 13-byte name slots (12 placeholder chars + NUL): slot 0 at DS:0x0DCA, slot 1 at DS:0x0DD7, stride 13. Slots hold unpatched 'xxxxxxxxxxxx' until a name is written in, the same patch-in-place scheme as mu\\xxxxxxxx.voc at DS:0x0D2C (patcher 0x77A9). LIVE EVIDENCE (runtime_boot DLGTABLE, hub savestate): the per-line asset table DS:0x1FB5 holds 0x0DD7 at +2 for lines 8..23, i.e. a POINTER to slot 1 of this array. fd files are the location BACKGROUNDS (chart.fd, frigo.fd, orx.fd), which fits the 0x9D10 dispatcher doing palette/unpack work"
DS:0x6F18,vm_opcode_desc_table,"THE OPCODE LENGTH/MODE TABLE. 96 two-byte entries for opcodes 0xA0..0xFF, indexed by vm_token_advance 0x62B6 as bp = 0x6F18 + (opcode-0xA0)*2. Entry byte +1 (b1) with bit7 SET marks a sentinel: 0xFF sets mode gs:[0x67AD]=1, 0xFE clears it, 0xFD/0xFB take an optional inline 0xA1 prefix (+1 length). Otherwise the token length is entry[mode] -- b0 in mode 0, b1 in mode 1. DATA-VERIFIED 2026-07-24: byte-identical to vm.rs OPCODE_DESC, all 96 entries, zero mismatches"
DS:0x672C,vm_object_directory_far_ptr,"Far pointer to the OBJECT DIRECTORY that vm_record_lookup_by_threshold 0x6034 walks: 20-byte (0x14) stride, object NAME at +0x00 and the object's BASE RECORD OFFSET at +0x10, entries in ascending +0x10 order. Live dump (runtime_boot DLGTABLE, hub savestate): names ab/ab/bl/Bo/Bu/Ul/po/Ev (baby1, baby, blood, ..., porte_cles) with bases 0, 0x14, 0x28, 0x4A, 0x92, 0xDA, 0x122, 0x16A. 0x6034 returns the greatest base STRICTLY LESS THAN its AX input -- i.e. which object OWNS a given record offset. Ported as ExecutionContext::owner_object_offset"
0x005D8F,vm_post_update_c4_pair,"POST-UPDATE actor-pair step. CMP AX,0xC4 gates on an actor record; reads the record's THIRD word ds:[bp+4] and proceeds only when it is ZERO and gs:0x67B6 bit0 is CLEAR (0x5D9A..0x5DA6), then NOT AX / MOV ds:[bp+4],AX writes 0xFFFF as a PROCESSED MARKER (0x5DAA..0x5DAC) so the pair is handled once. Follows ds:[bp+2] to the related record (di); the 0x5DB0..0x5E06 block is SYMMETRIC -- whichever of {owner si, related di} has kind 1, the OTHER partner's selector-8 ENCOUNTER COUNTER is INCd (resolved against that other partner's kind, so kind 2 / offset 0x36), bit15 of the OWNER's [si+2] is set, gs:0x6798 = the bumped record and vm_cod_scan 0x739B runs. Both paths then fall to 0x5E09's C4 write. Port: vm.rs post_update_execution_state + post_update_encounter_counter -- VM_PRESENTATION_PAIR_WRITE_DISABLED = 0x67B6 confirmed here || MERGED 2026-07-25 (audit-fixes #130), also recorded as: post-update C4 pair path: marks primary aux 0xffff and writes reciprocal selector-0x13 C4 record"
0x005E22,vm_post_update_c6_branch,"POST-UPDATE branch for 0xC6 records (inside OP_RECORD_ENTRY_MIN..MAX = 0xC5..0xC8). A small state machine over gs:0x2792 (phase counter), gs:0x2A7B and gs:0x278B: phase 0 with [0x2A7B]==1 bumps the phase, sets [0x278B]=8 and calls 0x299:0x1241 with AX=4; the next pass (phase 1, [0x278B] cleared) bumps again, clears [0x2A7B]/[0x278A] and writes gs:[0x6788] = 0x2C -- i.e. it TRIGGERS A SPECIFIC LINE by setting the active line id directly, the same variable the A6 handler forms from b3+9. Falls through to a gs:0x1FB2 test at 0x5E7E, the gate vm.rs models as C2_PRESENTATION_GATE"
DS:0x67AD,vm_query_set_mode_flag,"The VM query/set MODE flag (0 = mode 0, 1 = mode 1). SEVEN writers, enumerated by byte search 2026-07-24: 0x62DD sets 1 and 0x62EC sets 0 from the OPCODE_DESC sentinels 0xFF/0xFE in vm_token_advance; 0x6473 resets it to 0 inside vm_branch; 0x6559 is the 0xA0 PUSH handler (set 1) and 0x6572 the 0xA1 POP handler (set 0); 0x6839 sets 1 inside the 0xA9 handler; and 0x540D writes it from AL in the record ladder. IMPORTANT for the port: vm.rs walk is a STATIC decoder and tracks only the two SENTINEL writers, so its mode can diverge from the runtime value after a branch or an A9 -- and token LENGTH is mode-dependent, so a wrong mode desyncs the walk"
0x006C5D,vm_c1_write_record,"0xC1 record write: MOV word es:[bp],0xC1 / MOV AX,gs:[0x6736] / MOV es:[bp+2],AX / MOV word es:[bp+4],2. Note TWO differences from the C4..C8 writers -- the related word comes from the stored operand gs:0x6736 rather than BX, and the third word is 2, not 0. Ported as vm.rs write_c1_record_state_mode0"
0x006F4B,vm_c3_write_record_link,"0xC3 record-LINK write: MOV word es:[bp],0xC3 / MOV es:[bp+2],BX / MOV word es:[bp+4],1. The third word is 1, unlike the 0 that C4..C8 write. Ported as vm.rs write_record_link -- a separate function precisely because of this"
GS:0x6D60_SEL05,vm_field_selector_05,"Field selector 0x05 -- defined for KIND 1 ONLY, offset 0x1E. Used at 0x60A8: `add si,ax` then `mov cx,0xA; xor bx,bx; lodsw...` -- it addresses the base of a TEN-WORD ARRAY that is iterated. Not modelled in the port"
GS:0x6D60_SEL08,vm_field_selector_08,"Field selector 0x08 = the ENCOUNTER COUNTER -- KIND 2 ONLY, offset 0x36. CORRECTION: the row is `00 36 00 ...` and vm_field_offset's BSF makes column 1 the kind whose lowest set bit is bit1, i.e. kind VALUE 2 (an earlier note here read the column index as the kind and called it kind 1). Both readers agree: 0x83D4 gates `cmp word [si],2` and 0x91CE `test word [si],2`. Used twice in the post-update ladder (0x5DC4 resolving the RELATED kind then `inc [eax+edi]`, 0x5DEC resolving the OWNER kind then `inc [eax+esi]`): whichever partner is kind 1, the OTHER (kind-2) partner's counter is bumped, then `or word [si+2],0x8000` sets bit15 on the OWNER's +2. PORTED: vm.rs post_update_encounter_counter + the two filters (source_list_display_rows / source_list_text_rows)"
GS:0x6D60_SEL0D,vm_field_selector_0d,"Field selector 0x0D -- KIND 8 ONLY, offset 0x16. Used at 0x5ED9 in the 0xC6 post-update branch: `mov dx,[eax+edi]` reads it, immediately followed by resolving selector 0x0A -- the two are used as a pair. Not modelled in the port"
GS:0x6D60_SEL0F,vm_field_selector_0f,"Field selector 0x0F -- KIND 1 ONLY, offset 0x46. Used at 0x5720: resolve, `add ax,di`, `mov ax,es:[bx]`, `or ax,ax` -- a field READ with a zero test gating what follows. Not modelled in the port"
GS:0x6D60_SEL00,vm_field_selector_00_flags,"Field selector 0x00 resolves to offset 0x02 for EVERY kind (0..10) -- the per-record FLAGS/ACTIVE word. This is what makes the port's hardcoded `state[owner+2] & 1` active test safe: it is a matrix INVARIANT, not a kind-1 assumption. Contrast selector 0x11 (LOCATION_FIELD), which varies 0x06/0x18/0x16/0x14/0x04 by kind and where hardcoding IS an assumption"
0x006023,vm_field_offset,"FIELD-OFFSET RESOLVER, fully decoded: SHL AX,4 (selector*16) then BSF BX,BX -- BIT SCAN FORWARD on the kind -- then ADD BX,AX and MOV AL,gs:[bx+0x6D60]. So the KIND IS A BITMASK and the matrix column is the index of its LOWEST SET BIT, not the kind value: column k corresponds to kind value 2^k (column 8 = kind 0x100). vm.rs vm_field_offset models this exactly with kind.trailing_zeros(), and its `if kind == 0 { None }` guard matches BSF leaving the destination undefined for a zero source || MERGED 2026-07-25 (audit-fixes #130), also recorded as: helper: returns GS:0x6D60[selector*16 + bsf(kind)] as a kind-specific record-field offset"
0x0083DF,vm_list_filter_on_seen_counter,"List filter: `cmp word [si+0x36],0 / je skip` then `cmp [si+0x18],bx / je skip`. +0x36 is the selector-8 ENCOUNTER COUNTER and +0x18 the selector-0x11 LOCATION field -- both KIND-2 columns (FIELD_OFFSETS[8][1]=0x36, FIELD_OFFSETS[0x11][1]=0x18), matching this loop's `cmp word [si],2`. bx = gs:0x6758 = the built-in object Ark, so an object is included only when its counter is NONZERO and it is NOT aboard the Ark. Composer: the status text block at 0xE18 (PLANET:/SHIP:/BLACK HOLE: header from DS:0x12E/0x137/0x13E + the location name, then LIFE SUPPORT: DS:0x14B and this roster, UNKNOWN DS:0x16C when empty). PORTED: vm.rs source_list_text_rows"
0x0091DB,vm_list_draw_filter_on_seen_counter,"List DRAW loop: `cmp word [si+0x36],0 / je next` skips objects whose selector-8 counter is zero, else `add si,4`, `lcall 0x299:0x202` (draw) and `add dx,0xA` to step one row. So the counter incremented by the post-update ladder at 0x5DCE/0x5DF6 decides whether an object APPEARS IN A DISPLAYED LIST. The counter is a KIND-2 field (FIELD_OFFSETS[8][1]=0x36), consistent with this loop's `test word [si],2`. PORTED: vm.rs source_list_display_rows"
0x0091C3,vm_source_list_draw_loop,"SOURCE-LIST DRAW LOOP over gs:0x6886 (the list 0x4DA:0xEAB builds, i.e. the 0x624B nav-source build). Walks word entries until the 0xFFFF terminator and applies THREE filters before drawing each: (1) `test word [si],2` -- the object's kind must have bit 1 set; (2) `test word [si+2],1` -- the ACTIVE bit; (3) `cmp word [si+0x36],0` -- the selector-8 SEEN COUNTER must be non-zero. Survivors get `add si,4`, `lcall 0x299:0x202` (draw) and `add dx,0xA` for the next row. The port builds this list (VmMachine::build_nav_source_list) but the three draw-time filters live in the CONSUMER, which is where the counter filter is missing"
0x009B04,ship_3d_plot_point,"Point-cloud PLOT. Signed clip against DS:0x5235/0x5237 (x) and DS:0x5239/0x523B (y) with JL/JGE. Address = y*320 built as XCHG BH,BL (y*256) + SHL DI,6 (y*64), then + x. OCCLUSION: MOV AL,es:[di] / OR AL,AL / JNE -- a point is written ONLY where the pixel is still zero, so nearer points drawn first win. Shade = 0xEF - (depth >> 12) via SHR AX,0xC / NEG AL / ADD AL,0xEF. Ported exactly as ship3d.rs plot_ship_3d_projected_point + ship_3d_projected_point_shade/offset || ALSO RECORDED as `ship_3d_projected_point_plot`: clips projected point against DS:0x5235..0x523B and writes depth shade into ES framebuffer if empty || MERGED 2026-07-25 (#186): one address, several names, folded by union."
DS:0x2FC1,ship_3d_point_cloud_table,"POINT-CLOUD table for the starfield: 1000 records (cx = 0x3E8 at 0x9A1D) of EIGHT bytes each, read as two LODSD per iteration at 0x9A34 into the scratch di[0]/di[4]. LAYOUT IDENTITY: 0x2FC1 + 1000*8 = 0x4F01, exactly the scratch buffer address the same projector uses -- so the table occupies DS:0x2FC1..0x4F01 with no gap. Each record's first three words are x/y/z (camera origin DS:0x2F65/67/69 is subtracted at 0x9A3F..0x9A47); the fourth word is not used by the projector"
DS:0x6EB0,vm_handler_table,"VM opcode HANDLER table, indexed by vm_dispatch 0x5627 as `call gs:[bx+0x6EB0]` with bx=(opcode-0xA0)*2. LAYOUT IDENTITY fixes its extent: 0x6EB0..0x6F18 (where OPCODE_DESC begins) is 104 bytes = 52 entries, i.e. opcodes 0xA0..0xD3 -- and the last entry (0xD3) is NULL (0x0000), so the highest dispatched opcode is 0xD2 (its handler offset 0x1118 corresponds to file 0x64B8, the script-profile request). CONSEQUENCE: the VM executes only 0xA0..0xD2, while OPCODE_DESC describes 96 opcodes 0xA0..0xFF -- the remaining 45 entries exist purely so the token walker can compute LENGTHS for non-executable data tokens"
DS:0x6212,vm_entity_table,"Entity records, 32 bytes each. LAYOUT IDENTITY bounds the count: 0x6212 + 32*32 = 0x6612, exactly the dirty-rect list, so there are exactly 32 entities (0x00..0x1F). That is why the nav projector 0x9B98 iterates the LAST ELEVEN (0x15..0x1F)"
DS:0x5D98,ship_3d_hud_pyramid_vertices,"32 pyramid HUD vertices, (x,y,z) i16, stride 6. DELIBERATE ALIAS, confirmed by probe: these 192 bytes are ALSO palette colours 192..255 of the DAC buffer at DS:0x5B58 (0x5B58 + 576 = 0x5D98), and the game uses both readings -- 0x2F90 uploads all 768 bytes to the DAC while the HUD projector reads the same bytes as vertices. A live dump shows 192/192 bytes unchanged from the image, so the range is never overwritten. Grouped by 2 they are vertices; grouped by 3 they are colours. Both port constants (SHIP_3D_HUD_PYRAMID_VERTICES and GAME_SCREEN_PALETTE_DAC[576..768]) are correct"
0x0082E8_HOVER,nav_status_hover_composer,"NAV-CHART HOVER STATUS PANEL (entry 0x82E8 = nav_state_gate; composer 0x8347..0x8420). Gated by three flags ([0x27DA],[0x278A],[0x67AC] bit0) then a MOUSE HIT-TEST of [0xA2A]/[0xA2C] against the widget rect at DS:0x65F2+8 -> [0x27E2] |= 1. Composes a CR-separated, NUL-terminated text block at 0xE18: header DS:0x12E `PLANET: ` / DS:0x137 `SHIP: ` (kind==0x10) / DS:0x13E `BLACK HOLE: ` (kind&0x100) chosen from the CURRENT LOCATION object fs:[arche+0x16]; then that object's INLINE NAME at +4; then DS:0x14B `LIFE SUPPORT:`; then the roster (0x624B source list filtered by 0x83D4..0x83E8). PORTED: vm.rs location_status_block"
0x0083FF,dead_unknown_fallback,"DEAD CODE: the `UNKNOWN` (DS:0x16C) fallback of the status composer. 0x83FD is an UNCONDITIONAL `jmp 0x840E` that skips it, and a whole-image relative-branch scan (re/tools/find_jump_target.py 0x83FF) finds ZERO branches to 0x83FF; `be 6c 01` (mov si,0x16C) occurs exactly once, here. So the shipped composer never emits UNKNOWN -- do not port it"
DS:0x65F2,nav_hover_widget_descriptor,"widget descriptor the status-hover gate reads: +0 byte flags (bit0 must be set, 0x830D), +8 the hit-test RECT as x,w,y,h words (0x8318..0x832D compares against mouse [0xA2A]/[0xA2C])"
OBJ:+0x04,object_inline_name,"An object record's NAME, NUL-terminated, stored INLINE at record+4. Read by both list consumers (0x8389/0x83EA `add si,4` + lodsb; 0x91E1 `add si,4` before the 0x299:0x202 draw). Verified against shipped data by re/tools/check_object_inline_names.py: 630/640 kind-1 objects in SCRIPT1..5 hold exactly their DEB name; the 10 exceptions are `blood` and `orxx` in each script, the built-ins whose record bytes the engine reuses. PORTED: vm.rs object_inline_name"
0x0090FF,location_info_panel,"ADDRESS CORRECTED 0x9100 -> 0x90FF (audit-fixes #387): 0x9100 sat inside the 4-byte `inc byte [0x2789]` at 0x90FF, and 0x2789 is the very scale variable this label names. DESTINATION INFO PANEL + its zoom FSM (state gs:0x2788, scale gs:0x2789). Opened by the selection commit 0x8FF4..0x905B (writes gs:0x27BF = the picked object, REFUSING the object you are already at via `cmp ax,es:[arche+0x16]` @0x901D; seeds the 4x4 cursor rect at gs:0x2AAB = {mouse x, mouse y, 4, 4}; [0xADA]=8 steps, [0xADB]=0; [0x2788]=1; [0x2789]=0; disables the mouse [0xA3E]=0). STATE 1 = zoom OPEN: each frame entity_draw_full + interpolate the cursor rect toward the panel rect (0x8B:0xFAD = ship_3d_interpolation_gate, which DRAWS the interpolated rect rather than storing it), CF set when done -> [0x2788]=0. STATE 0 = open: draws the window blit (0x299:0x40E with the four words at DS:0x2780 and the source handle [0xAC8]) then the text; re-enabling the mouse ([0xA3E]&1 @0x912E) starts the close. STATE 2 = zoom SHUT (0x91F1): dec [0x2789], interpolate back, then [0x2788]=0, [0x27BF]=0, [0x676A]=0. TEXT PORTED: vm.rs location_panel_rows"
DS:0x2780,location_info_panel_rect,"the info panel's box rect, a STATIC constant (no writer anywhere in the image; the only references are the two `mov si/di,0x2780` at 0x9114/0x9203 and the draw at 0x9142): x=0x64 y=0x14 w=0xA0 h=0x46 = (100,20,160,70). The panel text at x=0x6E y=0x19 and pitch 0xA fits five roster rows inside it (y=45..85)"
DS:0x2AAB,location_info_panel_cursor_rect,"the info panel's zoom SOURCE rect, written at 0x9029 as {mouse x [0xA2A], mouse y [0xA2C], 4, 4} -- the panel zooms open from a 4x4 square at the cursor"
0x00339E,window_blit_entry,"ALSO RECORDED as `blit_coord_guard`: blit coordinate guard: or dx,dx; je/js skip (reject zero-or-negative coordinate); or bp,bp. Entry guard shared by the clipped-blit family (also at 0x3b85, 0x3c6c) that culls off-screen/degenerate spans before drawing || the clipped blit the panel's window chrome goes through (0x299:0x40E; bx=x cx=y dx=w bp=h si=[0xAC8]=0x5F11 the source handle). Shares the blit_coord_guard prologue. UNDECODED: what [0xAC8] resolves to -- the port draws the panel TEXT (vm.rs location_panel_rows) but not yet its chrome || MERGED 2026-07-25 (audit-fixes #184): one address under several names, folded by union."
0x003192,render_string_entry,"STRING DRAW entry (0x299:0x202): zeroes gs:0x27CD, clips, then runs render_string 0x31C8. gs:0x27CD accumulates the drawn width -- but ONLY over glyphs (`add word gs:[0x27cd],ax` @0x3215). The SPACE path (`add di,6 / jmp` @0x31D7) moves the pen WITHOUT touching it, and unmapped bytes are skipped entirely, so the reported width is not the pen distance. Ported: font.rs game_font_drawn_width || NARROWER EARLIER READING `clipped_blit_w8_a`: clipped blit: cmp dx,gs:[0x523b] (clip Y to screen height); reject if below; cx=gs:[0x5239]-8 (clip X to width, 8-px span). Bounds-checked span copy into the display page || MERGED 2026-07-25 (audit-fixes #133): one address, two names, the shorter describing a prologue or a single facet. Kept because a narrow reading records a true observation; renamed away because it is not what the routine IS."
0x0022E0,palette_blend_remap_table_build,"CORRECTED (was abs_negate_gs_setup, which only described the first four instructions). THE TINT REMAP-TABLE BUILDER, far-called as 0x1CE:0x0000 with DI = a 256-byte destination table, AX = the NEGATED blend percent, BX/CX/DX = the target colour. Prescales the target (pct*comp/100, three pushes at 0x22F5/0x22FD/0x2304) and the source weight (100-pct @0x230D); then for each of the 256 entries of the LIVE palette at DS:0x5251 computes blended = src*(100-pct)/100 + target*pct/100 and NEAREST-SEARCHES all 256 entries by squared RGB distance (0x2366..0x238E), seed distance 0xBB8 and `ja` on strictly-greater so TIES TAKE THE LATER index; a source with no match within 0xBB8 leaves its table byte UNCHANGED (`js 0x23B0` skips the store). This is how every translucent/tinted overlay in the game is drawn. PORTED: palette.rs build_palette_blend_remap_table || SUPERSEDED READING `abs_negate_gs_setup`: abs/negate helper: bp=gs; ds=es=gs; si=dx; neg ax. Rebases segments to the work arena and negates/absolutes the ax argument (called 5x) || MERGED 2026-07-25 (audit-fixes #131): the superseded rows were left in the file beside their own correction, so a reader who found one had no pointer to the other."
DS:0x5F11,tint_remap_table_a,"256-byte tint remap table (runtime-built; all-zero in the image). Its twin is DS:0x6011 -- LAYOUT IDENTITY 0x5F11 + 0x100 = 0x6011 -- and 0x45C8 picks between them by a mode byte, storing the choice at gs:0x524B. Readers xlatb through it (0x3283 `mov dl,gs:[edx+0x5F11]`, 0x3416 in the rect blit). The destination info panel fills 0x5F11 at 0x90F6 with 50% toward black"
DS:0x5251,live_palette,"the LIVE palette (768 bytes, 6-bit DAC units, 3 bytes/entry) the tint-table builder nearest-searches (0x2354). Runtime state -- all-zero in the image. Distinct from the boot palette buffer DS:0x5B58 (file 0x12F78) the port bakes as GAME_SCREEN_PALETTE_DAC"
0x003407,tint_rect_inner_loop,"the `box draw` is NOT a blit: al = es:[di] (the pixel ALREADY on screen), xlatb through the table at BX=SI, stosb. So 0x299:0x40E with si=[0xAC8] REMAPS the rect in place -- a translucent window. Row stride bp = 0x140 - width. PORTED: sprite.rs remap_rect_indexed"
0x0092A3,nav_chart_object_pick,"NAV-CHART OBJECT PICKER: walks the visible-object list at DS:0x2AD3 ([0x27C1] entries) and hit-tests each marker. Marker position = the object's selector-0x0B field (FIELD_OFFSETS[0x0B] = 0x18 for kinds 8 and 0x10): x at +0x18, y at +0x1A. Box size BY KIND: default (0x0C,0x0B); kind&0x100 BLACK HOLE (0x13,0x0C); kind&0x10 SHIP (0x15,0x0A). A black hole has TWO chart positions -- +0x18/+0x1A and +0x1C/+0x1E -- and uses the second when es:[obj+0x14] != es:[arche+0x22] (0x92DF..0x92F2), i.e. the two ends of the same wormhole. Box origin is (x-2,y-2) and both bounds are INCLUSIVE (jb/ja). Returns the FIRST hit in list order, else 0. Caller 0x8FB0: with the mouse ENABLED the hit becomes the info-panel selection (0x8FF4), with it disabled the object's name is drawn as a hover label. PORTED: vm.rs nav_chart_pick"
DS:0x2AD3,nav_chart_visible_object_list,"the nav chart's visible-object list, [0x27C1] word entries, walked by the picker 0x92A3. Runtime state"
DS:0x2BC7,world_art_table,"WORLD-ARTWORK table: 42 records of 0x16 bytes, +0x00 a 16-byte NUL-terminated DISPLAY NAME, +0x10 a RESOURCE ID into the filename table at file 0xCDF4, +0x12 a group word (31 for every entry), +0x14 zero. Walked by the info panel's first zoom frame (0x9098..0x90B6: compare each name against the selected object's inline name via 0x1CE:0x2C4; on a match load [si+0x10]|0x8000 as a resource at 0x90B8..0x90C3). LAYOUT IDENTITY: 0x2BC7 + 42*0x16 = 0x2F63, two bytes before the nav camera origin DS:0x2F65. Display names are NOT asset names -- Oddland=trou.ext, Bonus=forest.ext, Troma=glacia.ext, Trashlando shares kortex.ext -- which is why this table must be read, not inferred. All 42 ids resolve to real filename records (re/tools/dump_world_art_table.py). PORTED: levels.rs WORLD_ART_DIRECTORY + parse_world_art_table"
0x009083,location_info_panel_dispatch,"the info panel's per-frame DISPATCH: es=gs; `test byte [0x2788],1 / je 0x9125` selects zoom-open vs the rest; within zoom-open `cmp [0x2789],0 / jne 0x90FE` runs the ONE-TIME setup only on the first frame (resolve the object's artwork through DS:0x2BC7, load it, position entity 0 at the cursor, and stash the scaled width at [0x277E]). PORTED: engine.rs LocationPanelState + step_location_info_panel"
0x00721A,nav_chart_list_build,"NAV-CHART VISIBLE-OBJECT LIST builder (far 0x4DA:0x1E7A; output DS:0x2AD3, count returned in AX and stored at [0x27C1] by 0x8D2A). Calls 0x604E to build the active-object candidate list at DS:0x6A16, then walks it (terminator = a NEGATIVE word) and keeps every object whose KIND word has any of the bits 0x118 -- kind 0x08, kind 0x10 (SHIP), kind 0x100 (BLACK HOLE). Stores the terminator and returns the count. PORTED: vm.rs build_nav_chart_list || NARROWER EARLIER READING `vm_helper_604e`: VM helper: eax=0; cx=ax; call 0x604e (VM lookup-prep sibling of 0x71cf). Zeroes accumulators then runs the record-resolution prep || MERGED 2026-07-25 (audit-fixes #133): one address, two names, the shorter describing a prologue or a single facet. Kept because a narrow reading records a true observation; renamed away because it is not what the routine IS."
0x00604E,active_object_list_build,"ACTIVE-OBJECT candidate list (output DS:0x6A16, 0xFFFF-terminated): walks the 20-byte directory gs:0x672C while +0x12 == 1 (STOPS at the first entry that is not, it does not skip), takes each object offset [si+0x10] and keeps it when fs:[obj+2] & 2 -- the IN-PLAY bit the story sets. Consumers: 0x721A (the nav chart) and the 2nd caller. PORTED: vm.rs build_active_object_list || ALSO RECORDED as `table_672c_process`: processes the 20-byte lookup table (2 calls): es=gs; di=0x6a16; lds si,gs:[0x672c] (the vm_lookup_table_20b); copies/transforms entries into 0x6a16. Prepares the 0x672c lookup data || MERGED 2026-07-25 (#186): one address, several names, folded by union."
0x0086F1,nav_choice_dispatch,"NAV-CHOICE DISPATCHER: gated on [0x2793]&8, takes the committed choice [0x2A19], `dec bx / add bx,bx` to make it a 0-based word index, tests the phase byte [0x2565]&1 and then `call word ptr cs:[bx+0xF29]` -- the 5-entry near-offset table at 0x8709 (0F33 0F4C 0FDD 1068 108C). CS base = 0x8709-0xF29 = file 0x77E0, so the five handlers are file 0x8713, 0x872C, 0x87BD, 0x8848, 0x886C (confirmed: 0x0F4C -> 0x872C = the already-labelled nav_choice_handler_1). PORTED: ship3d.rs run_ship_3d_nav_choice_handler_0..4"
0x008848,nav_choice_handler_3,"navigation-choice handler 3 (dispatch-table entry 3). PORTED: ship3d.rs run_ship_3d_nav_choice_handler_3 || MERGED 2026-07-25 (audit-fixes #130), also recorded as: static C3 record-link handler: DS:0x6756 -> DS:0x676A, clears phase, reloads radio.snd"
0x001C63,save_writes_current_profile,"SAVE/LOAD PROFILE ASYMMETRY, deliberate: the writer streams 2 bytes from DS:0x677E (vm_resource_profile_index -- the CURRENTLY selected profile) at 0x1C63, but the reader at 0x1CEB streams them into DS:0x6780 (vm_pending_resource_profile -- the slot the 0xD2 opcode posts REQUESTS into). So loading a save does not switch script sets itself; it posts the saved profile as pending and the main loop's normal dispatch (0x108E -> 0x10C5) performs the switch on the next pass. The other two blocks are symmetric: 0x200 bytes from DS:0x6ADE (0x1C6D) and 0x60 bytes from DS:0x6CDE (0x1C72). src/bloodsav.rs previously documented [0x6780] for BOTH, which hides the mechanism"
0x0084D8,list_widget_box_is_a_tint,"THE CONSOLE CHOICE BOX IS NOT PAINTED, IT IS TINTED: after computing the rect (0x84A1..0x84C3 -> DS:0x2AAB x,y,w,h), the widget does `mov si,[0xAC8]` (= 0x5F11, the 50%-toward-black remap table built by 0x22E0) and `lcall 0x299:0x40E` -- the same translucent-window primitive the destination info panel uses. There is NO border/fill colour pair. The [0x27E6]&1 branch at 0x84CD is a QUERY-ONLY early return (0x85D3 returns [0x27E7]-1), not an alternate draw. Label colours ARE immediates: `mov al,0xE8` @0x8565 (unselected), `mov al,0xEF` @0x858B (selected), overridden to `mov al,0xFE` @0x8595 when the mouse is enabled (test byte gs:[0xA3E],1 @0x858D). PORTED: engine.rs draw_choice_box"
0x001BAB,save_slot_edit_begin,"SAVE-SLOT RENAME entry: [0x2734] = 0x25ED (the slot record being renamed), [0x2732]=0, then `rep movsd cx=4` copies that record's 16 name bytes into the EDIT BUFFER DS:0x273B (0x1BBD); [0xADA]=6 (interpolation steps), [0xADB]=0, [0x27E6]=0, [0xADC]=0. The widget then substitutes the buffer for that row as it draws (0x8573 `cmp si,[0x2734] / jne / mov si,0x273B`). SO THERE IS NO SEPARATE SAVE SCREEN: the save UI is the ordinary ten-row slot list with one row being typed into. PORTED: engine.rs draw_save_ui_rows + bloodsav::parse_slot_directory"
0x0014E6,confirm_dialog_draw,"THE ARE_YOU_SURE? CONFIRM DIALOG, fully decoded: box rect bx=0x5A cx=0x50 dx=0x8C bp=0x28 = (90,80,140,40) drawn by lcall 0x299:0xCDC; text colour `mov al,0xE8` @0x14F7; then three strings through 0x299:0x176 -- DS:0x17B `ARE_YOU_SURE?` at bx+0x0A, dx=0x58 (100,88); DS:0x189 `YES` at bx+0x14, dx+0x11 (120,105); DS:0x18D `NO` at bx+0x3C (180,105). Hit regions follow at 0x1525/0x1535: bp=DS:0x2555 = (120,105,30,10) for YES and bp=DS:0x255D = (180,105,20,10) for NO, tested via lcall 0x71E:0xAB5. The DRAW offsets and the REGION records are independent tables that agree exactly. PORTED: engine.rs draw_confirm_box / confirm_box_click (the port had no confirm dialog at all)"
DS:0x2555,confirm_yes_region,YES hit region of the ARE_YOU_SURE? dialog: x=120 y=105 w=30 h=10
DS:0x255D,confirm_no_region,NO hit region of the ARE_YOU_SURE? dialog: x=180 y=105 w=20 h=10
0x0016BC,loading_overlay_draw,"LOADING overlay: si=DS:0x159 `LOADING`, ax=0x82 (130), bx=0x60 (96), dl=0xEF, dh=0xFF, lcall 0x299:0xD6. A centred status label. PORTED: engine.rs draw_status_overlay(true)"
0x001ABB,pause_overlay_draw,"PAUSE overlay: si=DS:0x166 `PAUSE`, bx=0x87 (135), dx=0x60 (96), al=0xE8, lcall 0x299:0x498. Same y=96 centre band as the LOADING overlay. PORTED: engine.rs draw_status_overlay(false)"
0x001B58,quicksave_last,"QUICKSAVE: copies the literal DS:0x161 `LAST` into the slot-name buffer DS:0x270D (`rep movsd cx=2`), points the save flow's [0x2734] at that buffer, clears [0x2739] and jumps STRAIGHT to vm_state_save 0x1C3F -- a save with no rename prompt, using the same [0x2734] target global as the interactive rename at 0x1BAB. PORTED: engine.rs quicksave()"
DS:0x0126,dead_string_absente,"`ABSENTE` -- DEAD DATA. No `mov reg,imm` anywhere in the image carries this offset (re/tools/check_ui_strings.py), so no draw site loads it. Its pair DS:0x11D `PRESENTE` IS referenced, once, at 0xB7C9 (stored as a far pointer at [0xAEC]/[0xAEE] beside the audio flags). Do not implement ABSENTE"
DS:0x01A4,dead_strings_go_on_off_rec,"`GO` (0x1A4), `ON` (0x1A7), `OFF` (0x1AA), `REC` (0x1AE) -- all DEAD DATA, zero mov-imm references each. Shipped but unreachable; the port must not implement them"
0x00CDF4,resource_name_table_extent,"RESOURCE-NAME TABLE extent, fixed by LAYOUT IDENTITY: 0xCDF4 + 95*16 = 0xD3E4, exactly the script-profile table -- so 95 records, ids 0..94. Corroborated independently: 94 (ondoya.ext) is the highest id the world-art table DS:0x2BC7 uses. The port's LEVEL_DIRECTORY carries 53 of the 95, the subset it needs; the two counts are not the same thing. Walking past 95 reads the profile rows and the UI string table as though they were filename records || ALSO RECORDED as `resource_name_table_full`: FS:0x0c04 complete 16-byte resource-filename table indexed by resource ID: 0 fupcom.spr, 1 nosound.drv, 2-6 script1.{cod,bas,var,dic,deb}, 7 radio, 8-12 buffer, 13-14 bappel, 15 btv, 16 borxx, 17 bcarte, 18 bhyper, 19 bpol, 20 aphyper, 21 appol, 22-36 worlds (black..cyber), 37-41 script2 set, 42 dnsdb.drv, 43 corpo, 44 carte, 45 bigark, 46+ cyber2/3 + sub-levels + script3/4/5 || ALSO RECORDED as `resource_name_table`: FS:0x0c04 16-byte resource filename entries indexed by resource ID || MERGED 2026-07-25 (#186): one address, several names, folded by union."
0x007AC3,montage_frame_setup,"MONTAGE/CINEMATIC PER-FRAME SETUP, and the consumer of the SECOND tint table: bx=0 cx=0 dx=0x140 bp=0xC8 si=DS:0x6011 then `lcall 0x299:0x40E` -- remaps the WHOLE 320x200 screen through tint table 0x6011 (the twin of 0x5F11; 0x45C8 selects between them into gs:0x524B). Then ax=0, bp=0x8C, cx=0 and `lcall 0x299:0xCDC` draws a (0,0,*,140) region -- the FILM area only, rows 0..140. Finally the two far pointers [0x5221]/[0x5229] are swapped (page flip). This is why the console band at rows 140..200 persists across the montage: the per-frame work never touches it. NOT YET PORTED: engine.rs overlays a harvested band instead, and does no full-screen remap"
0x00242D,tint_table_build_banked,"THE SECOND TABLE BUILDER (far 0x1CE:0x014D; the first is 0x22E0 = 0x1CE:0x0000). AX = a parameter, BX = the destination table, and it walks the LIVE PALETTE DS:0x5251 for cx=0x100 entries. Called once, at 0x9622, with ax=0xE0 (224) and bx=DS:0x6011 -- which is why 0x6011 is all-zero in the image and never appears as a `mov di` destination for 0x22E0: a different builder fills it. 224 is the base of the 16-colour CONSOLE BANK (224..239) the intro band's pixels all lie in, so this table plausibly remaps the screen INTO that bank; the montage's full-screen remap at 0x7ACE uses exactly this table. ALREADY LIFTED BIT-EXACTLY: recomp func_242d (oracle-verified) || SUPERSEDED READING `ds_es_rebase_gs`: helper prologue: bp=ax; ds=es=gs. Rebases the segment registers to the GS work arena before a data operation || MERGED 2026-07-25 (audit-fixes #131): the superseded rows were left in the file beside their own correction, so a reader who found one had no pointer to the other."
TB.BIG:frame90,console_band_source,"THE INTRO MONTAGE'S CONSOLE BAND, identified: it is bridge-panorama frame 90's rows 140..200, pushed through the console-bank remap table DS:0x6011 (built by 0x242D with ax=0xE0). Proven by construction -- that composition equals the previously harvested accuracy/captures/console_band.idx in ALL 19200 bytes. The band was never separate art; it is the panorama colour-reduced by the montage's full-screen remap at 0x7AC3. Earlier attempts missed it by comparing the panorama's RAW indices (0..~75) with the band's POST-REMAP indices (224..239) and calling the ranges disjoint -- the transform was exactly what made them differ. PORTED: engine.rs overlay_console_band now composes from TB.BIG"
0x00886C,nav_choice_handler_4_full,"HANDLER 4 FULL DECODE (dispatch-table entry 4). Phases: [0x2565]&1 -> reset [0xADB], query-only layout prepass ([0x27E6] bracket around 0x8428); [0x2565]&2 -> interpolate 0x2AAB toward 0x253D via 0x8B:0xFAD, `jae` exits while incomplete, else clear the phase. Then the real 0x8428 call returns the selection; a NEGATIVE value exits. The selection dispatch is a CHAIN of `dec al / jns`, not a jump table: sel 0 -> [0x259B]=[0x259C]=1; sel 1 -> gated on [0xADE]&1, toggles the tablo2 voc via [0xBA3]/[0xBA0] and swaps the target-list pointer; sel 2 -> [0x2738]=1,[0x2736]=1 (left); sel 3 -> [0x2738]=1,[0x2737]=1 (right); sel 4 -> [0xB13]=2,[0xA3E]=0,[0xA40]=0. Tail always clears [0x2A19] and bit2 of [0x2793]. VERIFIED against ship3d.rs run_ship_3d_nav_choice_handler_4 -- exact match including the fall-through past selection 4 || MERGED 2026-07-25 (audit-fixes #130), also recorded as: navigation-choice handler 4 (dispatch-table entry 4) -- the largest: target-list toggle DS:0x2567/0x2569 between DS:0x2578 and DS:0x2581, the mu\\tablo2.voc sound gate, and the left/right/motion latches DS:0x2736/0x2737/0x2738. PORTED: ship3d.rs run_ship_3d_nav_choice_handler_4 || five-way handler: menu gate, tablo2 VOC toggle, left/right motion gates, sound gate"
DS:0x272E,save_name_edit_length,"the save-name edit LENGTH. NOT advanced by the edit routine 0x1DD8 -- the only writers in the image are `mov word [0x272E],0` at 0x1BF3 and the `inc` at 0x1C05 inside a scan that counts the buffer at DS:0x273B up to a NUL or a SPACE. So the length is RE-DERIVED by the surrounding flow between keystrokes, not maintained by the editor. A harness that calls 0x1DD8 alone keeps overwriting position 0"
DS:0x5239,clip_top_not_width,"CLIP TOP (not a width). The string-draw entry 0x3192 guards with `cmp dx,gs:[0x523B] / ja` and `cx = gs:[0x5239]-8 / cmp dx,cx / jle`, and DX is the ROW -- 0x31BA..0x31C1 build the framebuffer offset as dx*320 + bx. So 0x5239/0x523B are the clip's TOP and BOTTOM, and BX is the column. Seeding them as width/height makes the routine bail before drawing anything (the 0x27CD accumulator comes back 0), which is how this was found"
0x0022E0_NAME,tint_table_builder_not_vertex_projection,"NAME CORRECTION for 0x22E0. Earlier passes called it `abs_negate_gs_setup` and, in src/recomp/ptr_leaves.rs, `3D-vertex projection ... writes one projected byte` -- both described the first four instructions and guessed the rest. It is the TINT REMAP-TABLE BUILDER: negate AX into a blend percent, prescale the target colour BX/CX/DX by /100, then walk the 256-entry palette at gs:0x5251 blending each entry toward the target and nearest-searching for the result, filling a 256-byte table at DI. Verified: the port's hand-written build_palette_blend_remap_table matches the lift ptr_leaves_gen::func_22e0 byte for byte over the real palette"
0x0064B9,capstone_prints_cbw_as_cwde,"TOOLING TRAP: opcode 0x98 here is architecturally CBW (sign-extend AL into AX), but re/tools/dis.py prints `cwde` because capstone renders 0x98 that way even in CS_MODE_16. Same for 0x99 (CWD, printed `cdq`). The distinction is semantic, not cosmetic: CWDE would leave AH holding whatever the caller left, so the D2 handler's stored value would depend on dispatcher state instead of the operand. tools/check_cited_instructions.py now treats cbw/cwde and cwd/cdq as equivalent so a correctly-spelled comment is not reported as wrong"
0x0033E6,remap_vclip_uses_xmax_bug,"ORIGINAL-GAME BUG (2026-07-25). The remap/window blit's clip ladder checks its VERTICAL extent against DS:0x5237 -- the HORIZONTAL RIGHT bound -- not DS:0x523B: `mov ax,cx / add ax,bp / sub ax,[0x5237]` where cx=y and bp=height. Every other clip ladder uses 0x523B for the bottom (0x9B04 point plot: x vs 0x5235/0x5237, y vs 0x5239/0x523B; string row draw 0x3437 `cmp dx,gs:[0x523B]`). It survived because right (320) > bottom (200), so the vertical clamp never fires for a rect that fits on screen. Consequence under a LETTERBOX window: the TOP bound is still honoured (0x33E2 pulls y down to [0x5239]) while the bottom is effectively open, so a tall tint runs past the letterbox floor. Ported verbatim in sprite::remap_rect_indexed_clipped with a discriminating test"
DS:0x5237,render_xclip_hi,"clip RIGHT bound (x max). Paired with DS:0x5235 (left); 0x9B04 rejects a point with `cmp ax,[0x5237] / jge`. ALSO read as the vertical bound by the remap ladder at 0x33E6 -- see remap_vclip_uses_xmax_bug"
DS:0x2A1B,station_record_table,"THE BRIDGE STATION RECORDS, static in the image at file 0xFE3B (2026-07-25). SIX records of 0x18 bytes: the walker at 0x7DAB is `mov bp,0x2A1B / mov cx,6 / test al,1 / test al,4 / ... / add bp,0x18 / loop 0x7DAE`, dispatching each record through `call word cs:[bx+0x6D4]`. 0x9642 clears the array the same way (`mov word [bp],0` x6). 0x985F fills +0xC..+0x1C with 0xFFFFFFFF (four words = the orb box). Field +0xA is the REST ANGLE IN DEGREES: records 0..5 = 0x000,0x05A,0x0B4,0x10E,0,0 at file 0xFE45/0xFE5D/0xFE75/0xFE8D. At 2 degrees per panorama frame that is frames 0,45,90,135 (helm, golden menu, pyramid nav room, organic Orxx). This REPLACES the port's earlier BRIDGEPROBE runtime dump as the source -- the bytes were static all along"
0x007E0E,station_record_stride,"`add bp,0x18` + `loop 0x7DAE` -- the station-record stride (24 bytes) and the 6-iteration walk over DS:0x2A1B. Field offsets confirmed against 0x985F (orb box at +0xC) and the static rest angles at +0xA"
0x0087BD,nav_choice_handler_2,"CONSOLE ROW 2 = THE CONTACT MENU, built from live state, never a fixed list: `mov si,0x6D3E / mov di,0x2B13`, then per word LODSW -- zero means EMPTY SLOT and is SKIPPED (`or ax,ax / je` loops back), 0xFFFF terminates and is stored, otherwise `add ax,4` + STOSW. Record+4 is the object's INLINE NAME (see vm.rs object_inline_name), so the menu is the names of whoever is aboard. Ported as VmMachine::ship_contact_menu_words with a test pinning skip/terminate/name || MERGED 2026-07-25 (audit-fixes #130), also recorded as: special-slot target handler: builds list from DS:0x6D3E, waits interpolation, sets deferred related and input gate || navigation-choice handler 2 (dispatch-table entry 2). PORTED: ship3d.rs run_ship_3d_nav_choice_handler_2"
DS:0x6D3E,ship_slot_array,"THE 16-ENTRY SHIP-SLOT ARRAY (file 0x1415E, all zeros in the image -- runtime state). Walked with `mov cx,0x10` by the find scan at 0x5FD8, the second find/remove at 0x5FF6, and the free-slot scan at 0x6008 (`cmp word [bp],0 / je` = first empty slot). Consumed by the row-2 contact-menu build at 0x87BD. The port models it as VmMachine::ship_slots"
DS:0x2567,option_menu_label_pointer_list,"THE BRIDGE OPTION MENU'S LABELS (2026-07-25), file 0x0F987. A 0xFFFF-terminated list of DS pointers to NUL-terminated strings, loaded by console row 4's handler 0x886C (`mov si,0x2567`) and drawn by the list widget at 0x8428. Entries: 0x2573 TEXT, 0x2581 MUSIC_OFF, 0x258B SAVE, 0x2590 LOAD, 0x2595 QUIT. MUSIC_ON at 0x2578 lies BETWEEN TEXT and MUSIC_OFF and is NOT in the pointer list -- it is the toggle's other face, swapped in by state. CANCEL is not here either: it is the widget's shared trailing entry at DS:0x0174. A further pointer list at DS:0x259D feeds the text-speed submenu (VERY FAST, ...). This REPLACES the port's hardcoded six-label list"
DS:0x2578,option_menu_music_on_label,`MUSIC_ON` -- the alternate face of the OPTION menu's music toggle. Absent from the DS:0x2567 pointer list (which names MUSIC_OFF) because the state swaps it in
DRV:0x0305,dnsdb_drv_vector6_queue_buffer,"dnsdb.drv VECTOR 6 (driver file offset 0x0305, NOT a BLOODPRG address): takes a voice struct in si, les di,[si] = buffer, bx=[si+4] = length, terminates with mov byte es:[bx+di+6],0 @drv 0x336 and sets es:[di+2]=2. Confirms the 6-byte voice header from the OTHER binary. See re/tools/drv_vectors.py"
XDB:croolis:0x22EC,croolis_camera_x_high_word,"CORRECTED (audit-fixes #271): NOT a standalone word. It is the HIGH WORD of the 32-bit accumulator at 0x22EA (`add dword ptr [0x22ea],eax` @0x1FC5). `movsx eax,word ptr [0x22ec]` @0xBFA reads a word because it wants the integer part, not because the storage is 16-bit. All three camera axes are accumulators: 0x22EA/0x22EE/0x22F2, read via 0x22EC/0x22F0/0x22F4."
XDB:croolis:0x22EE,croolis_camera_y_fixed,"Alien-view camera Y as a 32-BIT FIXED-POINT accumulator: `mov ecx,dword ptr [0x22ee]` @0x791, `add dword ptr [0x22ee],eax` @0x1FD5. The proximity test reads its HIGH WORD at [0x22f0] (0xA62), i.e. the integer part -- so a port storing this as an i16 loses the fractional motion (audit-fixes #269). | Sibling of 0x22EA and 0x22F2; each is stepped by [0x22d2|0x22d6|0x22da] * ebx >> 3 at 0x1FC2..0x1FE5."
0x00B629,ship_3d_temp_snd_viewport_descriptor_write,"builds the 16-byte viewport descriptor through the FAR POINTER at DS:0x522D: stosw 0 / inc ax / stosw 1 / add ax,3 / stosd 4 / stosw 0x140 / stosw 0xC8 / xor eax,eax / stosd 0. Values 0/1/4 are COMPUTED, not immediates -- no byte search or immediate scan can find this table (#288). The two stosd make words [3] and [7] HIGH HALVES, so the real shape is u16,u16,u32,u16,u16,u32, not eight fields. Ported: SHIP_3D_TEMP_SND_VIEWPORT_DESCRIPTOR"
0x007B4C,scene_blit_base_ten_row_setup,"THE THIRD SCENE BLIT BASE (audit-fixes #315/#316): builds a pointer into a 128-byte-stride table -- al=[0x6CDE] index, cbw, shl ax,7, add ax,0x1320, store [0x131A] -- copies [0x131E]->[0x131F], then sets the scene blit base gs:[0x1FA7]=0xA (ten rows) and [0x131C]=0 before jmp 0x7B80. The blit reads the base at 0xA464/0xAB6E (add bx,gs:[0x1fa7]). The port models only the 0x23 band top and the 0 full-screen bases, so this placement is MISSING; what selects this path is still undecoded -- the 0x1320 table and its [0x6CDE] index are the next step."
0x008998,concept_list_show_setup,"IN-WINDOW CONCEPT-LIST show path (audit-fixes #324): or [0x2793],4 -- ANOTHER bit-2 setter, corroborating #311 that bit 2 means 'something is running, defer the pending-profile load' (the main-loop gate at 0x1095 tests bits 1|2|3); inc [0x67BA]; clears [0xADC]/[0xADD]/[0xADB]; sets the concept anchor [0xAC6]=0xE1 (centre-X 225) and [0xADA]=4, [0x27E6]=1 around call 0x8428. SI (the word-offset list) is INHERITED from this routine's caller, so the list identity is decided upstream -- that caller is what menu_submenu_labels must reach instead of its min_by_key proxy (docs/port-validation.md APPROX)."
0x002760,string_upcase_in_place,"IN-PLACE UPPER-CASE of a NUL-terminated string: mov al,es:[di] / cmp al,0x61 / jb skip / and al,0xdf / store / inc di / or al,al / jne. Characters BELOW 'a' are LEFT UNTOUCHED, so an underscore (0x5F) SURVIVES. CONTEXT CORRECTED (audit-fixes #328): this is NOT a callable helper -- 0 near callers, 0 far calls -- it is a fall-through block, and the instructions immediately before it are a DOS READ (int 21h AH=3Fh with the handle from gs:[0xA88]) followed by pop di / pop es. So it upper-cases something just LOADED FROM A FILE, most plausibly a path or name being normalised, and #327 was wrong to present it as the caption renderer's fold. The mechanical fact (0x5F preserved) stands; its relevance to PHONE_CONTACTS does not. Sibling fold at 0x77B5."
0x008923,console_mode_dismiss_ladder,"CONSOLE-MODE DISMISS ladder (audit-fixes #337): `dec al / jns` arms selected by AL -- arm0 sets [0x2738]=1 and [0x2736]=1 (INPUT_GATE_E), arm1 sets [0x2738]=1 and [0x2737]=1 (INPUT_GATE_F), arm2 sets [0xB13]=2 and clears [0xA3E]/[0xA40]. COMMON TAIL at 0x8956: `mov word [0x2a19],0` clears INPUT_GATE_I, then `and byte [0x2793],0xfb` @0x895C clears the busy bit 2 -- a THIRD clear site beside 0x59BF and 0x5E99. So the gate flags 0x2736/0x2737 are raised per console MODE while the busy bit is dropped on dismissal, which is what the main-loop gate at 0x1095 reads to decide whether a pending script profile may load."
0x0088B4,console_menu_pick_dispatch,"CONSOLE MENU PICK -> MODE DISPATCH (audit-fixes #338). `mov byte [0x2565],0` clears INPUT_GATE_D, then `push cs / call 0x8428` runs the unified list widget (list_widget_layout_unified) and `or ax,ax / js` rejects a negative (no pick). AL then falls through a FIVE-ARM `dec al / jns` ladder at 0x88C3 / 0x88D4 / 0x8923 / 0x8933 / 0x8943 -- one arm per MENU ROW -- each raising that mode subsystem flag ([0x2736] and [0x2737] are arms 2 and 3, alongside the shared [0x2738]). Common tail 0x8956 clears [0x2A19] and the busy bit `and [0x2793],0xfb` @0x895C. SO AL IS THE PICKED ROW INDEX: the console-mode flags the main-loop gate (0x1095) reads are set by the row the player chose, and the row ORDER comes from the widget word-offset list in SI -- the same list identity docs/port-validation.md records as unresolved for menu_submenu_labels."
0x008892,console_menu_list_pointer_setup,"CONSOLE MENU list pointer, UNRESOLVED (audit-fixes #339, retracted in #340). `mov si,0x2AAB / mov di,0x25CF / movsd / movsd` copies 8 bytes AND ADVANCES SI BY 8; the push si @0x88A3 / pop si @0x88AF around the lcall preserve the ADVANCED value, and no `mov si` follows, so SI at the call to list_widget_layout_unified @0x88BA traces to 0x2AB3. BUT 0x2AB3 IS THE WIDGET'S OWN WIDTH SCRATCH -- its only three references are inside the widget (0x844E, 0x8493, 0x854E) and nothing external ever writes a row list there. Both facts are checked and they do not fit: either the trace misses a write to SI, or this call site uses the widget in a mode where SI is already the width buffer. DO NOT record either reading as the list source until that is settled. The real lesson here is the movsd advance: reading back to the nearest `mov si,imm16` gives 0x2AAB, which is definitely wrong."
0x009512,bridge_view_sector_update,"BRIDGE VIEW SECTOR -> the HIGH NIBBLE of gs:0x2793 (audit-fixes #364). `mov ax,[0x2793] / and ax,0xff0f` clears bits 4-7, then `test ax,2 / jne 0x9544` SKIPS the recompute when bit 1 is set -- bit 1 is a LOCK, which is why no memory-form test of it exists (the test is on the register). Otherwise bx is stepped by the panorama frame [0x2795]: frame<=0x16 or >0x9D -> 1; <=0x43 -> 2; <=0x70 -> 4; else 8, then `shl bx,4 / or ax,bx / mov [0x2793],ax`. So bits 4..7 are a ONE-HOT QUADRANT of the 180-frame (2deg) panorama -- boundaries 22/67/112/157 are the four 90deg sectors -- NOT independent flags. This is why the census (#358) found them read with masks 0x10/0x20/0x40/0x50/0x90 but never OR-set: they are computed, not raised."
