module	entry	group	provenance	labels	asm_path	cpp_path	cxx_status	boundary
bloodprg	0x000600	seg_0000	mz_entry | recursive_graph	entry	re/assembly/bloodprg/seg_0000/func_000600_entry.asm	re/borland/bloodprg/seg_0000/func_000600_entry.cpp	untranslated	cfg_blocks_7_terminals_2
bloodprg	0x0006f1	seg_0000	recursive_graph	mem_seg_setup_es8	re/assembly/bloodprg/seg_0000/func_0006f1_mem_seg_setup_es8.asm	re/borland/bloodprg/seg_0000/func_0006f1_mem_seg_setup_es8.cpp	untranslated	cfg_blocks_7_terminals_1
bloodprg	0x000726	seg_0000	recursive_graph	read_cmdline_args	re/assembly/bloodprg/seg_0000/func_000726_read_cmdline_args.asm	re/borland/bloodprg/seg_0000/func_000726_read_cmdline_args.cpp	untranslated	cfg_blocks_13_terminals_5
bloodprg	0x00079c	seg_0000	recursive_graph	install_timer_isr_hook	re/assembly/bloodprg/seg_0000/func_00079c_install_timer_isr_hook.asm	re/borland/bloodprg/seg_0000/func_00079c_install_timer_isr_hook.cpp	untranslated	cfg_blocks_1_terminals_1
bloodprg	0x0007ea	seg_0000	recursive_graph	program_pit	re/assembly/bloodprg/seg_0000/func_0007ea_program_pit.asm	re/borland/bloodprg/seg_0000/func_0007ea_program_pit.cpp	untranslated	cfg_blocks_1_terminals_1
bloodprg	0x00093b	seg_0000	relocation_proven_far_transfer_target	rtc_time_read	re/assembly/bloodprg/seg_0000/func_00093b_rtc_time_read.asm	re/borland/bloodprg/seg_0000/func_00093b_rtc_time_read.cpp	untranslated	cfg_blocks_1_terminals_1
bloodprg	0x000950	seg_0000	relocation_proven_far_transfer_target	get_rtc_date	re/assembly/bloodprg/seg_0000/func_000950_get_rtc_date.asm	re/borland/bloodprg/seg_0000/func_000950_get_rtc_date.cpp	untranslated	cfg_blocks_4_terminals_2
bloodprg	0x00099f	seg_0000	recursive_graph	get_ems_int_vector	re/assembly/bloodprg/seg_0000/func_00099f_get_ems_int_vector.asm	re/borland/bloodprg/seg_0000/func_00099f_get_ems_int_vector.cpp	untranslated	cfg_blocks_25_terminals_1
bloodprg	0x000a99	seg_0000	recursive_graph	dos_dup_handle	re/assembly/bloodprg/seg_0000/func_000a99_dos_dup_handle.asm	re/borland/bloodprg/seg_0000/func_000a99_dos_dup_handle.cpp	untranslated	cfg_blocks_17_terminals_1
bloodprg	0x000b32	seg_0000	recursive_graph	detect_cdrom	re/assembly/bloodprg/seg_0000/func_000b32_detect_cdrom.asm	re/borland/bloodprg/seg_0000/func_000b32_detect_cdrom.cpp	translated_detect_cdrom	cfg_blocks_1_terminals_1
bloodprg	0x000b42	seg_0000	recursive_graph	poll_status_port	re/assembly/bloodprg/seg_0000/func_000b42_poll_status_port.asm	re/borland/bloodprg/seg_0000/func_000b42_poll_status_port.cpp	untranslated	cfg_blocks_13_terminals_2
bloodprg	0x000bd7	seg_0000	relocation_proven_far_transfer_target	counter_gate_b12	re/assembly/bloodprg/seg_0000/func_000bd7_counter_gate_b12.asm	re/borland/bloodprg/seg_0000/func_000bd7_counter_gate_b12.cpp	untranslated	cfg_blocks_7_terminals_2
bloodprg	0x000bff	seg_0000	recursive_graph	install_ctrl_break_handler	re/assembly/bloodprg/seg_0000/func_000bff_install_ctrl_break_handler.asm	re/borland/bloodprg/seg_0000/func_000bff_install_ctrl_break_handler.cpp	translated_install_ctrl_break_handler	cfg_blocks_1_terminals_1
bloodprg	0x000c26	seg_0000	recursive_graph	get_video_mode	re/assembly/bloodprg/seg_0000/func_000c26_get_video_mode.asm	re/borland/bloodprg/seg_0000/func_000c26_get_video_mode.cpp	untranslated	cfg_blocks_1_terminals_1
bloodprg	0x000cc0	seg_0000	recursive_graph	set_video_mode_saved	re/assembly/bloodprg/seg_0000/func_000cc0_set_video_mode_saved.asm	re/borland/bloodprg/seg_0000/func_000cc0_set_video_mode_saved.cpp	translated_set_video_mode_saved	cfg_blocks_1_terminals_1
bloodprg	0x000ccb	seg_0000	recursive_graph	init_early	re/assembly/bloodprg/seg_0000/func_000ccb_init_early.asm	re/borland/bloodprg/seg_0000/func_000ccb_init_early.cpp	untranslated	cfg_blocks_5_terminals_2
bloodprg	0x000cef	seg_0000	recursive_graph	mouse_reset_hide	re/assembly/bloodprg/seg_0000/func_000cef_mouse_reset_hide.asm	re/borland/bloodprg/seg_0000/func_000cef_mouse_reset_hide.cpp	translated_mouse_reset_hide	cfg_blocks_1_terminals_1
bloodprg	0x000d0e	seg_0000	relocation_proven_far_transfer_target	poll_mouse	re/assembly/bloodprg/seg_0000/func_000d0e_poll_mouse.asm	re/borland/bloodprg/seg_0000/func_000d0e_poll_mouse.cpp	untranslated	cfg_blocks_4_terminals_1
bloodprg	0x000d4a	seg_0000	recursive_graph	mouse_set_hrange	re/assembly/bloodprg/seg_0000/func_000d4a_mouse_set_hrange.asm	re/borland/bloodprg/seg_0000/func_000d4a_mouse_set_hrange.cpp	translated_mouse_set_hrange	cfg_blocks_1_terminals_1
bloodprg	0x000d61	seg_0000	recursive_graph	print_string_dos	re/assembly/bloodprg/seg_0000/func_000d61_print_string_dos.asm	re/borland/bloodprg/seg_0000/func_000d61_print_string_dos.cpp	translated_print_string_dos	cfg_blocks_4_terminals_2
bloodprg	0x000d75	seg_0000	relocation_proven_far_transfer_target	set_vga_segment	re/assembly/bloodprg/seg_0000/func_000d75_set_vga_segment.asm	re/borland/bloodprg/seg_0000/func_000d75_set_vga_segment.cpp	untranslated	cfg_blocks_7_terminals_3
bloodprg	0x000eb0	seg_008b	recursive_graph | relocation_proven_far_transfer_target	mem_alloc_64k	re/assembly/bloodprg/seg_008b/func_000eb0_mem_alloc_64k.asm	re/borland/bloodprg/seg_008b/func_000eb0_mem_alloc_64k.cpp	untranslated	cfg_blocks_77_terminals_11
bloodprg	0x001344	seg_008b	recursive_graph	ae6_gated_processor	re/assembly/bloodprg/seg_008b/func_001344_ae6_gated_processor.asm	re/borland/bloodprg/seg_008b/func_001344_ae6_gated_processor.cpp	untranslated	cfg_blocks_3_terminals_1
bloodprg	0x001397	seg_008b	recursive_graph | relocation_proven_far_transfer_target	flag_gated_ae6_a	re/assembly/bloodprg/seg_008b/func_001397_flag_gated_ae6_a.asm	re/borland/bloodprg/seg_008b/func_001397_flag_gated_ae6_a.cpp	untranslated	cfg_blocks_3_terminals_1
bloodprg	0x0013c4	seg_008b	recursive_graph | relocation_proven_far_transfer_target	flag_gated_ae6_b	re/assembly/bloodprg/seg_008b/func_0013c4_flag_gated_ae6_b.asm	re/borland/bloodprg/seg_008b/func_0013c4_flag_gated_ae6_b.cpp	untranslated	cfg_blocks_3_terminals_1
bloodprg	0x00147f	seg_008b	recursive_graph	file_open_dd7	re/assembly/bloodprg/seg_008b/func_00147f_file_open_dd7.asm	re/borland/bloodprg/seg_008b/func_00147f_file_open_dd7.cpp	untranslated	cfg_blocks_3_terminals_1
bloodprg	0x00149b	seg_008b	recursive_graph	object_heap_access	re/assembly/bloodprg/seg_008b/func_00149b_object_heap_access.asm	re/borland/bloodprg/seg_008b/func_00149b_object_heap_access.cpp	untranslated	cfg_blocks_6_terminals_1
bloodprg	0x0014ca	seg_008b	recursive_graph	presentation_state_set	re/assembly/bloodprg/seg_008b/func_0014ca_presentation_state_set.asm	re/borland/bloodprg/seg_008b/func_0014ca_presentation_state_set.cpp	untranslated	cfg_blocks_6_terminals_2
bloodprg	0x00155f	seg_008b	recursive_graph	open_file_c1	re/assembly/bloodprg/seg_008b/func_00155f_open_file_c1.asm	re/borland/bloodprg/seg_008b/func_00155f_open_file_c1.cpp	untranslated	cfg_blocks_7_terminals_3
bloodprg	0x001610	seg_008b	recursive_graph		re/assembly/bloodprg/seg_008b/func_001610_routine.asm	re/borland/bloodprg/seg_008b/func_001610_routine.cpp	untranslated	cfg_blocks_15_terminals_5
bloodprg	0x0016a7	seg_008b	recursive_graph	palette_upload_wrapper	re/assembly/bloodprg/seg_008b/func_0016a7_palette_upload_wrapper.asm	re/borland/bloodprg/seg_008b/func_0016a7_palette_upload_wrapper.cpp	untranslated	cfg_blocks_17_terminals_1
bloodprg	0x00178b	seg_008b	recursive_graph	render_present_if_dirty	re/assembly/bloodprg/seg_008b/func_00178b_render_present_if_dirty.asm	re/borland/bloodprg/seg_008b/func_00178b_render_present_if_dirty.cpp	untranslated	cfg_blocks_3_terminals_1
bloodprg	0x0017af	seg_008b	recursive_graph	page_offset_helper	re/assembly/bloodprg/seg_008b/func_0017af_page_offset_helper.asm	re/borland/bloodprg/seg_008b/func_0017af_page_offset_helper.cpp	untranslated	cfg_blocks_7_terminals_3
bloodprg	0x0017d9	seg_008b	recursive_graph | relocation_proven_far_transfer_target	back_buffer_init	re/assembly/bloodprg/seg_008b/func_0017d9_back_buffer_init.asm	re/borland/bloodprg/seg_008b/func_0017d9_back_buffer_init.cpp	untranslated	cfg_blocks_1_terminals_1
bloodprg	0x001817	seg_008b	recursive_graph | relocation_proven_far_transfer_target	backbuffer_clear_flags	re/assembly/bloodprg/seg_008b/func_001817_backbuffer_clear_flags.asm	re/borland/bloodprg/seg_008b/func_001817_backbuffer_clear_flags.cpp	untranslated	cfg_blocks_1_terminals_1
bloodprg	0x001855	seg_008b	recursive_graph	scene_transition_2751	re/assembly/bloodprg/seg_008b/func_001855_scene_transition_2751.asm	re/borland/bloodprg/seg_008b/func_001855_scene_transition_2751.cpp	untranslated	cfg_blocks_31_terminals_10
bloodprg	0x001a93	seg_008b	recursive_graph	main_loop_hud_refresh	re/assembly/bloodprg/seg_008b/func_001a93_main_loop_hud_refresh.asm	re/borland/bloodprg/seg_008b/func_001a93_main_loop_hud_refresh.cpp	untranslated	cfg_blocks_5_terminals_1
bloodprg	0x001ad3	seg_008b	recursive_graph	flag_gated_259b	re/assembly/bloodprg/seg_008b/func_001ad3_flag_gated_259b.asm	re/borland/bloodprg/seg_008b/func_001ad3_flag_gated_259b.cpp	untranslated	cfg_blocks_13_terminals_1
bloodprg	0x001b4b	seg_008b	recursive_graph	state_snapshot_2739	re/assembly/bloodprg/seg_008b/func_001b4b_state_snapshot_2739.asm	re/borland/bloodprg/seg_008b/func_001b4b_state_snapshot_2739.cpp	untranslated	cfg_blocks_26_terminals_5
bloodprg	0x001d74	seg_008b	recursive_graph	copy_abc_to_671c	re/assembly/bloodprg/seg_008b/func_001d74_copy_abc_to_671c.asm	re/borland/bloodprg/seg_008b/func_001d74_copy_abc_to_671c.cpp	untranslated	cfg_blocks_3_terminals_1
bloodprg	0x001d94	seg_008b	recursive_graph	vm_context_pointer_setup	re/assembly/bloodprg/seg_008b/func_001d94_vm_context_pointer_setup.asm	re/borland/bloodprg/seg_008b/func_001d94_vm_context_pointer_setup.cpp	untranslated	cfg_blocks_6_terminals_2
bloodprg	0x001dd8	seg_008b	recursive_graph	flag_gated_b15	re/assembly/bloodprg/seg_008b/func_001dd8_flag_gated_b15.asm	re/borland/bloodprg/seg_008b/func_001dd8_flag_gated_b15.cpp	untranslated	cfg_blocks_15_terminals_3
bloodprg	0x001e5d	seg_008b	recursive_graph | relocation_proven_far_transfer_target	ship_3d_interpolation_gate	re/assembly/bloodprg/seg_008b/func_001e5d_ship_3d_interpolation_gate.asm	re/borland/bloodprg/seg_008b/func_001e5d_ship_3d_interpolation_gate.cpp	untranslated	cfg_blocks_4_terminals_2
bloodprg	0x001ec1	seg_008b	recursive_graph	far_call_wrapper_299_deb	re/assembly/bloodprg/seg_008b/func_001ec1_far_call_wrapper_299_deb.asm	re/borland/bloodprg/seg_008b/func_001ec1_far_call_wrapper_299_deb.cpp	untranslated	cfg_blocks_5_terminals_2
bloodprg	0x001f10	seg_008b	recursive_graph	seg_setup_clear_ax	re/assembly/bloodprg/seg_008b/func_001f10_seg_setup_clear_ax.asm	re/borland/bloodprg/seg_008b/func_001f10_seg_setup_clear_ax.cpp	untranslated	cfg_blocks_5_terminals_2
bloodprg	0x001f78	seg_008b	recursive_graph	transition_progress_524	re/assembly/bloodprg/seg_008b/func_001f78_transition_progress_524.asm	re/borland/bloodprg/seg_008b/func_001f78_transition_progress_524.cpp	untranslated	cfg_blocks_5_terminals_1
bloodprg	0x001fbc	seg_008b	recursive_graph	flag_test_a2e	re/assembly/bloodprg/seg_008b/func_001fbc_flag_test_a2e.asm	re/borland/bloodprg/seg_008b/func_001fbc_flag_test_a2e.cpp	translated_flag_test_a2e	cfg_blocks_7_terminals_1
bloodprg	0x00210e	seg_008b	recursive_graph	input_dispatch_handler_table_UNRESOLVED	re/assembly/bloodprg/seg_008b/func_00210e_input_dispatch_handler_table_unresolved.asm	re/borland/bloodprg/seg_008b/func_00210e_input_dispatch_handler_table_unresolved.cpp	untranslated	cfg_blocks_6_terminals_1
bloodprg	0x0022e0	seg_01ce	recursive_graph | relocation_proven_far_transfer_target	palette_blend_remap_table_build	re/assembly/bloodprg/seg_01ce/func_0022e0_palette_blend_remap_table_build.asm	re/borland/bloodprg/seg_01ce/func_0022e0_palette_blend_remap_table_build.cpp	untranslated	cfg_blocks_17_terminals_3
bloodprg	0x0023c5	seg_01ce	recursive_graph | relocation_proven_far_transfer_target	render_state_5251_access	re/assembly/bloodprg/seg_01ce/func_0023c5_render_state_5251_access.asm	re/borland/bloodprg/seg_01ce/func_0023c5_render_state_5251_access.cpp	untranslated	cfg_blocks_3_terminals_1
bloodprg	0x00242d	seg_01ce	recursive_graph | relocation_proven_far_transfer_target	tint_table_build_banked	re/assembly/bloodprg/seg_01ce/func_00242d_tint_table_build_banked.asm	re/borland/bloodprg/seg_01ce/func_00242d_tint_table_build_banked.cpp	untranslated	cfg_blocks_6_terminals_1
bloodprg	0x00248b	seg_01ce	recursive_graph | relocation_proven_far_transfer_target	clear_block_5251	re/assembly/bloodprg/seg_01ce/func_00248b_clear_block_5251.asm	re/borland/bloodprg/seg_01ce/func_00248b_clear_block_5251.cpp	untranslated	cfg_blocks_1_terminals_1
bloodprg	0x0024b2	seg_01ce	relocation_proven_far_transfer_target	cs_table_read_1c6	re/assembly/bloodprg/seg_01ce/func_0024b2_cs_table_read_1c6.asm	re/borland/bloodprg/seg_01ce/func_0024b2_cs_table_read_1c6.cpp	untranslated	cfg_blocks_5_terminals_1
bloodprg	0x0024eb	seg_01ce	relocation_proven_far_transfer_target	cs_data_ptr_setup	re/assembly/bloodprg/seg_01ce/func_0024eb_cs_data_ptr_setup.asm	re/borland/bloodprg/seg_01ce/func_0024eb_cs_data_ptr_setup.cpp	untranslated	cfg_blocks_5_terminals_1
bloodprg	0x0025a4	seg_01ce	recursive_graph | relocation_proven_far_transfer_target	string_compare	re/assembly/bloodprg/seg_01ce/func_0025a4_string_compare.asm	re/borland/bloodprg/seg_01ce/func_0025a4_string_compare.cpp	translated_string_compare	cfg_blocks_6_terminals_2
bloodprg	0x002612	seg_01ce	recursive_graph | relocation_proven_far_transfer_target	ascii_digit_parse	re/assembly/bloodprg/seg_01ce/func_002612_ascii_digit_parse.asm	re/borland/bloodprg/seg_01ce/func_002612_ascii_digit_parse.cpp	untranslated	cfg_blocks_11_terminals_1
bloodprg	0x002665	seg_01ce	relocation_proven_far_transfer_target	strlen	re/assembly/bloodprg/seg_01ce/func_002665_strlen.asm	re/borland/bloodprg/seg_01ce/func_002665_strlen.cpp	translated_strlen_es_di	cfg_blocks_1_terminals_1
bloodprg	0x00267d	seg_01ce	recursive_graph | relocation_proven_far_transfer_target	kbd_read_int16	re/assembly/bloodprg/seg_01ce/func_00267d_kbd_read_int16.asm	re/borland/bloodprg/seg_01ce/func_00267d_kbd_read_int16.cpp	translated_kbd_read_int16	cfg_blocks_4_terminals_2
bloodprg	0x002693	seg_01ce	recursive_graph | relocation_proven_far_transfer_target	path_builder_gs_relative	re/assembly/bloodprg/seg_01ce/func_002693_path_builder_gs_relative.asm	re/borland/bloodprg/seg_01ce/func_002693_path_builder_gs_relative.cpp	untranslated	cfg_blocks_7_terminals_2
bloodprg	0x0026cf	seg_01ce	recursive_graph	resource_close_check	re/assembly/bloodprg/seg_01ce/func_0026cf_resource_close_check.asm	re/borland/bloodprg/seg_01ce/func_0026cf_resource_close_check.cpp	untranslated	cfg_blocks_17_terminals_4
bloodprg	0x0027c3	seg_01ce	recursive_graph | relocation_proven_far_transfer_target	set_ds_gs_check_ae0	re/assembly/bloodprg/seg_01ce/func_0027c3_set_ds_gs_check_ae0.asm	re/borland/bloodprg/seg_01ce/func_0027c3_set_ds_gs_check_ae0.cpp	untranslated	cfg_blocks_3_terminals_1
bloodprg	0x0027e9	seg_01ce	recursive_graph | relocation_proven_far_transfer_target	dos_set_drive_and_chdir	re/assembly/bloodprg/seg_01ce/func_0027e9_dos_set_drive_and_chdir.asm	re/borland/bloodprg/seg_01ce/func_0027e9_dos_set_drive_and_chdir.cpp	untranslated	cfg_blocks_3_terminals_1
bloodprg	0x00280f	seg_01ce	recursive_graph | relocation_proven_far_transfer_target	resource_lookup_helper	re/assembly/bloodprg/seg_01ce/func_00280f_resource_lookup_helper.asm	re/borland/bloodprg/seg_01ce/func_00280f_resource_lookup_helper.cpp	untranslated	cfg_blocks_7_terminals_1
bloodprg	0x00287b	seg_01ce	recursive_graph | relocation_proven_far_transfer_target	resource_load_by_id	re/assembly/bloodprg/seg_01ce/func_00287b_resource_load_by_id.asm	re/borland/bloodprg/seg_01ce/func_00287b_resource_load_by_id.cpp	untranslated	cfg_blocks_7_terminals_2
bloodprg	0x0028ca	seg_01ce	recursive_graph | relocation_proven_far_transfer_target	resource_name_lookup	re/assembly/bloodprg/seg_01ce/func_0028ca_resource_name_lookup.asm	re/borland/bloodprg/seg_01ce/func_0028ca_resource_name_lookup.cpp	untranslated	cfg_blocks_3_terminals_1
bloodprg	0x002901	seg_01ce	relocation_proven_far_transfer_target	file_open_wrapper	re/assembly/bloodprg/seg_01ce/func_002901_file_open_wrapper.asm	re/borland/bloodprg/seg_01ce/func_002901_file_open_wrapper.cpp	untranslated	cfg_blocks_14_terminals_3
bloodprg	0x0029f2	seg_01ce	relocation_proven_far_transfer_target	path_build_call_2693	re/assembly/bloodprg/seg_01ce/func_0029f2_path_build_call_2693.asm	re/borland/bloodprg/seg_01ce/func_0029f2_path_build_call_2693.cpp	untranslated	cfg_blocks_12_terminals_3
bloodprg	0x002abb	seg_01ce	recursive_graph | relocation_proven_far_transfer_target	resource_file_load	re/assembly/bloodprg/seg_01ce/func_002abb_resource_file_load.asm	re/borland/bloodprg/seg_01ce/func_002abb_resource_file_load.cpp	untranslated	cfg_blocks_12_terminals_3
bloodprg	0x002b6b	seg_01ce	recursive_graph | relocation_proven_far_transfer_target	file_create	re/assembly/bloodprg/seg_01ce/func_002b6b_file_create.asm	re/borland/bloodprg/seg_01ce/func_002b6b_file_create.cpp	untranslated	cfg_blocks_8_terminals_2
bloodprg	0x002bfd	seg_01ce	recursive_graph | relocation_proven_far_transfer_target	resource_file_load	re/assembly/bloodprg/seg_01ce/func_002bfd_resource_file_load.asm	re/borland/bloodprg/seg_01ce/func_002bfd_resource_file_load.cpp	untranslated	cfg_blocks_33_terminals_6
bloodprg	0x002d50	seg_01ce	recursive_graph | relocation_proven_far_transfer_target	bridge_panorama_frame_unpack	re/assembly/bloodprg/seg_01ce/func_002d50_bridge_panorama_frame_unpack.asm	re/borland/bloodprg/seg_01ce/func_002d50_bridge_panorama_frame_unpack.cpp	untranslated	cfg_blocks_14_terminals_6
bloodprg	0x002dd3	seg_01ce	recursive_graph | relocation_proven_far_transfer_target	cmos_rtc_read	re/assembly/bloodprg/seg_01ce/func_002dd3_cmos_rtc_read.asm	re/borland/bloodprg/seg_01ce/func_002dd3_cmos_rtc_read.cpp	untranslated	cfg_blocks_1_terminals_1
bloodprg	0x002de2	seg_01ce	recursive_graph | relocation_proven_far_transfer_target	blood_prng_next	re/assembly/bloodprg/seg_01ce/func_002de2_blood_prng_next.asm	re/borland/bloodprg/seg_01ce/func_002de2_blood_prng_next.cpp	untranslated	cfg_blocks_5_terminals_1
bloodprg	0x002e33	seg_01ce	relocation_proven_far_transfer_target	binary_u32_sqrt	re/assembly/bloodprg/seg_01ce/func_002e33_binary_u32_sqrt.asm	re/borland/bloodprg/seg_01ce/func_002e33_binary_u32_sqrt.cpp	untranslated	cfg_blocks_10_terminals_3
bloodprg	0x002e73	seg_01ce	recursive_graph | relocation_proven_far_transfer_target	fullscreen_op	re/assembly/bloodprg/seg_01ce/func_002e73_fullscreen_op.asm	re/borland/bloodprg/seg_01ce/func_002e73_fullscreen_op.cpp	untranslated	cfg_blocks_16_terminals_6
bloodprg	0x002f90	seg_0299	recursive_graph | relocation_proven_far_transfer_target	vga_palette_write	re/assembly/bloodprg/seg_0299/func_002f90_vga_palette_write.asm	re/borland/bloodprg/seg_0299/func_002f90_vga_palette_write.cpp	untranslated	cfg_blocks_1_terminals_1
bloodprg	0x002fa6	seg_0299	recursive_graph | relocation_proven_far_transfer_target	vga_dac_clear	re/assembly/bloodprg/seg_0299/func_002fa6_vga_dac_clear.asm	re/borland/bloodprg/seg_0299/func_002fa6_vga_dac_clear.cpp	untranslated	cfg_blocks_1_terminals_1
bloodprg	0x003066	seg_0299	recursive_graph | relocation_proven_far_transfer_target	blit_dst_row_addr_5221	re/assembly/bloodprg/seg_0299/func_003066_blit_dst_row_addr_5221.asm	re/borland/bloodprg/seg_0299/func_003066_blit_dst_row_addr_5221.cpp	untranslated	cfg_blocks_6_terminals_1
bloodprg	0x0030cd	seg_0299	recursive_graph | relocation_proven_far_transfer_target	text_width_dual_font	re/assembly/bloodprg/seg_0299/func_0030cd_text_width_dual_font.asm	re/borland/bloodprg/seg_0299/func_0030cd_text_width_dual_font.cpp	untranslated	cfg_blocks_6_terminals_3
bloodprg	0x003106	seg_0299	recursive_graph | relocation_proven_far_transfer_target	gfx_plot_modex_variants	re/assembly/bloodprg/seg_0299/func_003106_gfx_plot_modex_variants.asm	re/borland/bloodprg/seg_0299/func_003106_gfx_plot_modex_variants.cpp	untranslated	cfg_blocks_11_terminals_3
bloodprg	0x003192	seg_0299	recursive_graph | relocation_proven_far_transfer_target	render_string_entry	re/assembly/bloodprg/seg_0299/func_003192_render_string_entry.asm	re/borland/bloodprg/seg_0299/func_003192_render_string_entry.cpp	untranslated	cfg_blocks_14_terminals_4
bloodprg	0x0032ac	seg_0299	recursive_graph	gfx_clipped_primitive_a	re/assembly/bloodprg/seg_0299/func_0032ac_gfx_clipped_primitive_a.asm	re/borland/bloodprg/seg_0299/func_0032ac_gfx_clipped_primitive_a.cpp	untranslated	cfg_blocks_13_terminals_2
bloodprg	0x003321	seg_0299	recursive_graph	gfx_clipped_draw	re/assembly/bloodprg/seg_0299/func_003321_gfx_clipped_draw.asm	re/borland/bloodprg/seg_0299/func_003321_gfx_clipped_draw.cpp	untranslated	cfg_blocks_13_terminals_2
bloodprg	0x00339e	seg_0299	recursive_graph | relocation_proven_far_transfer_target	window_blit_entry	re/assembly/bloodprg/seg_0299/func_00339e_window_blit_entry.asm	re/borland/bloodprg/seg_0299/func_00339e_window_blit_entry.cpp	untranslated	cfg_blocks_20_terminals_1
bloodprg	0x003428	seg_0299	recursive_graph | relocation_proven_far_transfer_target	graphics_plot_modex	re/assembly/bloodprg/seg_0299/func_003428_graphics_plot_modex.asm	re/borland/bloodprg/seg_0299/func_003428_graphics_plot_modex.cpp	untranslated	cfg_blocks_34_terminals_6
bloodprg	0x00356e	seg_0299	recursive_graph | relocation_proven_far_transfer_target	clipped_blit_w10	re/assembly/bloodprg/seg_0299/func_00356e_clipped_blit_w10.asm	re/borland/bloodprg/seg_0299/func_00356e_clipped_blit_w10.cpp	untranslated	cfg_blocks_14_terminals_2
bloodprg	0x003630	seg_0299	recursive_graph | relocation_proven_far_transfer_target	subtitle_render_string	re/assembly/bloodprg/seg_0299/func_003630_subtitle_render_string.asm	re/borland/bloodprg/seg_0299/func_003630_subtitle_render_string.cpp	untranslated	cfg_blocks_16_terminals_1
bloodprg	0x0036ea	seg_0299	relocation_proven_far_transfer_target	gfx_draw_to_page	re/assembly/bloodprg/seg_0299/func_0036ea_gfx_draw_to_page.asm	re/borland/bloodprg/seg_0299/func_0036ea_gfx_draw_to_page.cpp	untranslated	cfg_blocks_11_terminals_2
bloodprg	0x0039bb	seg_0299	recursive_graph | relocation_proven_far_transfer_target	gfx_clipped_span_fill	re/assembly/bloodprg/seg_0299/func_0039bb_gfx_clipped_span_fill.asm	re/borland/bloodprg/seg_0299/func_0039bb_gfx_clipped_span_fill.cpp	untranslated	cfg_blocks_27_terminals_3
bloodprg	0x003ab3	seg_0299	recursive_graph | relocation_proven_far_transfer_target	gfx_clipped_primitive_c	re/assembly/bloodprg/seg_0299/func_003ab3_gfx_clipped_primitive_c.asm	re/borland/bloodprg/seg_0299/func_003ab3_gfx_clipped_primitive_c.cpp	untranslated	cfg_blocks_13_terminals_2
bloodprg	0x003b45	seg_0299	recursive_graph | relocation_proven_far_transfer_target	composite_draw_a	re/assembly/bloodprg/seg_0299/func_003b45_composite_draw_a.asm	re/borland/bloodprg/seg_0299/func_003b45_composite_draw_a.cpp	untranslated	cfg_blocks_1_terminals_1
bloodprg	0x003b85	seg_0299	recursive_graph | relocation_proven_far_transfer_target	blit_coord_guard_b	re/assembly/bloodprg/seg_0299/func_003b85_blit_coord_guard_b.asm	re/borland/bloodprg/seg_0299/func_003b85_blit_coord_guard_b.cpp	untranslated	cfg_blocks_31_terminals_2
bloodprg	0x003c6c	seg_0299	recursive_graph | relocation_proven_far_transfer_target	blit_coord_guard_c	re/assembly/bloodprg/seg_0299/func_003c6c_blit_coord_guard_c.asm	re/borland/bloodprg/seg_0299/func_003c6c_blit_coord_guard_c.cpp	untranslated	cfg_blocks_30_terminals_6
bloodprg	0x003d7b	seg_0299	recursive_graph | relocation_proven_far_transfer_target	blit_fill_row_5221	re/assembly/bloodprg/seg_0299/func_003d7b_blit_fill_row_5221.asm	re/borland/bloodprg/seg_0299/func_003d7b_blit_fill_row_5221.cpp	untranslated	cfg_blocks_1_terminals_1
bloodprg	0x003dbf	seg_0299	recursive_graph | relocation_proven_far_transfer_target	back_buffer_fill	re/assembly/bloodprg/seg_0299/func_003dbf_back_buffer_fill.asm	re/borland/bloodprg/seg_0299/func_003dbf_back_buffer_fill.cpp	untranslated	cfg_blocks_1_terminals_1
bloodprg	0x003e46	seg_0299	recursive_graph | relocation_proven_far_transfer_target	full_screen_blit	re/assembly/bloodprg/seg_0299/func_003e46_full_screen_blit.asm	re/borland/bloodprg/seg_0299/func_003e46_full_screen_blit.cpp	untranslated	cfg_blocks_1_terminals_1
bloodprg	0x003e5b	seg_0299	recursive_graph | relocation_proven_far_transfer_target	fullscreen_copy_to_backbuffer	re/assembly/bloodprg/seg_0299/func_003e5b_fullscreen_copy_to_backbuffer.asm	re/borland/bloodprg/seg_0299/func_003e5b_fullscreen_copy_to_backbuffer.cpp	untranslated	cfg_blocks_1_terminals_1
bloodprg	0x003e70	seg_0299	recursive_graph | relocation_proven_far_transfer_target	vga_graphics_controller_setup	re/assembly/bloodprg/seg_0299/func_003e70_vga_graphics_controller_setup.asm	re/borland/bloodprg/seg_0299/func_003e70_vga_graphics_controller_setup.cpp	untranslated	cfg_blocks_1_terminals_1
bloodprg	0x003ece	seg_0299	recursive_graph | relocation_proven_far_transfer_target	blit_page_5219_gated	re/assembly/bloodprg/seg_0299/func_003ece_blit_page_5219_gated.asm	re/borland/bloodprg/seg_0299/func_003ece_blit_page_5219_gated.cpp	untranslated	cfg_blocks_5_terminals_1
bloodprg	0x003fc7	seg_0299	recursive_graph | relocation_proven_far_transfer_target	resource_name_table_access	re/assembly/bloodprg/seg_0299/func_003fc7_resource_name_table_access.asm	re/borland/bloodprg/seg_0299/func_003fc7_resource_name_table_access.cpp	untranslated	cfg_blocks_14_terminals_3
bloodprg	0x004086	seg_0299	recursive_graph	file_read	re/assembly/bloodprg/seg_0299/func_004086_file_read.asm	re/borland/bloodprg/seg_0299/func_004086_file_read.cpp	untranslated	cfg_blocks_4_terminals_2
bloodprg	0x0040d0	seg_0299	recursive_graph | relocation_proven_far_transfer_target	entity_object_populate	re/assembly/bloodprg/seg_0299/func_0040d0_entity_object_populate.asm	re/borland/bloodprg/seg_0299/func_0040d0_entity_object_populate.cpp	untranslated	cfg_blocks_8_terminals_1
bloodprg	0x00414e	seg_0299	recursive_graph | relocation_proven_far_transfer_target	entity_record_setter	re/assembly/bloodprg/seg_0299/func_00414e_entity_record_setter.asm	re/borland/bloodprg/seg_0299/func_00414e_entity_record_setter.cpp	untranslated	cfg_blocks_7_terminals_1
bloodprg	0x0041d1	seg_0299	recursive_graph | relocation_proven_far_transfer_target	entity_flag_state_transition	re/assembly/bloodprg/seg_0299/func_0041d1_entity_flag_state_transition.asm	re/borland/bloodprg/seg_0299/func_0041d1_entity_flag_state_transition.cpp	untranslated	cfg_blocks_4_terminals_1
bloodprg	0x00420d	seg_0299	recursive_graph | relocation_proven_far_transfer_target	sprite_slot_position_update	re/assembly/bloodprg/seg_0299/func_00420d_sprite_slot_position_update.asm	re/borland/bloodprg/seg_0299/func_00420d_sprite_slot_position_update.cpp	untranslated	cfg_blocks_6_terminals_1
bloodprg	0x004240	seg_0299	recursive_graph | relocation_proven_far_transfer_target	range_count	re/assembly/bloodprg/seg_0299/func_004240_range_count.asm	re/borland/bloodprg/seg_0299/func_004240_range_count.cpp	untranslated	cfg_blocks_3_terminals_1
bloodprg	0x0042cd	seg_0299	recursive_graph | relocation_proven_far_transfer_target	sprite_slot_extent_update	re/assembly/bloodprg/seg_0299/func_0042cd_sprite_slot_extent_update.asm	re/borland/bloodprg/seg_0299/func_0042cd_sprite_slot_extent_update.cpp	untranslated	cfg_blocks_9_terminals_2
bloodprg	0x0043f7	seg_0299	recursive_graph | relocation_proven_far_transfer_target	sprite_slot_commit_dirty_range	re/assembly/bloodprg/seg_0299/func_0043f7_sprite_slot_commit_dirty_range.asm	re/borland/bloodprg/seg_0299/func_0043f7_sprite_slot_commit_dirty_range.cpp	untranslated	cfg_blocks_7_terminals_2
bloodprg	0x004471	seg_0299	recursive_graph | relocation_proven_far_transfer_target	sprite_slot_dirty_range_render	re/assembly/bloodprg/seg_0299/func_004471_sprite_slot_dirty_range_render.asm	re/borland/bloodprg/seg_0299/func_004471_sprite_slot_dirty_range_render.cpp	untranslated	cfg_blocks_11_terminals_1
bloodprg	0x004536	seg_0299	static_dispatch_table_target		re/assembly/bloodprg/seg_0299/func_004536_routine.asm	re/borland/bloodprg/seg_0299/func_004536_routine.cpp	untranslated	cfg_blocks_37_terminals_4
bloodprg	0x0046bc	seg_0299	static_dispatch_table_target		re/assembly/bloodprg/seg_0299/func_0046bc_routine.asm	re/borland/bloodprg/seg_0299/func_0046bc_routine.cpp	untranslated	cfg_blocks_179_terminals_55
bloodprg	0x004ba8	seg_0299	static_dispatch_table_target	accumulate_record_coords	re/assembly/bloodprg/seg_0299/func_004ba8_accumulate_record_coords.asm	re/borland/bloodprg/seg_0299/func_004ba8_accumulate_record_coords.cpp	untranslated	cfg_blocks_26_terminals_4
bloodprg	0x004cd6	seg_0299	static_dispatch_table_target	entity_coord_accumulate	re/assembly/bloodprg/seg_0299/func_004cd6_entity_coord_accumulate.asm	re/borland/bloodprg/seg_0299/func_004cd6_entity_coord_accumulate.cpp	untranslated	cfg_blocks_83_terminals_25
bloodprg	0x004f62	seg_0299	static_dispatch_table_target	frame_func_locals18	re/assembly/bloodprg/seg_0299/func_004f62_frame_func_locals18.asm	re/borland/bloodprg/seg_0299/func_004f62_frame_func_locals18.cpp	untranslated	cfg_blocks_22_terminals_3
bloodprg	0x00509a	seg_0299	static_dispatch_table_target		re/assembly/bloodprg/seg_0299/func_00509a_routine.asm	re/borland/bloodprg/seg_0299/func_00509a_routine.cpp	translated_empty_return	cfg_blocks_1_terminals_1
bloodprg	0x00509b	seg_0299	static_dispatch_table_target		re/assembly/bloodprg/seg_0299/func_00509b_routine.asm	re/borland/bloodprg/seg_0299/func_00509b_routine.cpp	translated_empty_return	cfg_blocks_1_terminals_1
bloodprg	0x00509c	seg_0299	static_dispatch_table_target		re/assembly/bloodprg/seg_0299/func_00509c_routine.asm	re/borland/bloodprg/seg_0299/func_00509c_routine.cpp	translated_empty_return	cfg_blocks_1_terminals_1
bloodprg	0x00509d	seg_0299	recursive_graph | relocation_proven_far_transfer_target	dirty_rect_blit	re/assembly/bloodprg/seg_0299/func_00509d_dirty_rect_blit.asm	re/borland/bloodprg/seg_0299/func_00509d_dirty_rect_blit.cpp	untranslated	cfg_blocks_16_terminals_7
bloodprg	0x005190	seg_04b9	recursive_graph | relocation_proven_far_transfer_target	resource_name_write_c00	re/assembly/bloodprg/seg_04b9/func_005190_resource_name_write_c00.asm	re/borland/bloodprg/seg_04b9/func_005190_resource_name_write_c00.cpp	untranslated	cfg_blocks_15_terminals_4
bloodprg	0x005288	seg_04b9	recursive_graph | relocation_proven_far_transfer_target	resource_release	re/assembly/bloodprg/seg_04b9/func_005288_resource_release.asm	re/borland/bloodprg/seg_04b9/func_005288_resource_release.cpp	untranslated	cfg_blocks_3_terminals_1
bloodprg	0x00529c	seg_04b9	recursive_graph	resource_free_inner	re/assembly/bloodprg/seg_04b9/func_00529c_resource_free_inner.asm	re/borland/bloodprg/seg_04b9/func_00529c_resource_free_inner.cpp	untranslated	cfg_blocks_6_terminals_2
bloodprg	0x005320	seg_04b9	recursive_graph | relocation_proven_far_transfer_target	resource_handle_resolve	re/assembly/bloodprg/seg_04b9/func_005320_resource_handle_resolve.asm	re/borland/bloodprg/seg_04b9/func_005320_resource_handle_resolve.cpp	translated_resource_handle_resolve	cfg_blocks_3_terminals_1
bloodprg	0x00533c	seg_04b9	recursive_graph | relocation_proven_far_transfer_target	resource_get_field4	re/assembly/bloodprg/seg_04b9/func_00533c_resource_get_field4.asm	re/borland/bloodprg/seg_04b9/func_00533c_resource_get_field4.cpp	untranslated	cfg_blocks_1_terminals_1
bloodprg	0x0053a0	seg_04da	recursive_graph | relocation_proven_far_transfer_target | static_dispatch_table_target	vm_resource_profile_select	re/assembly/bloodprg/seg_04da/func_0053a0_vm_resource_profile_select.asm	re/borland/bloodprg/seg_04da/func_0053a0_vm_resource_profile_select.cpp	untranslated	cfg_blocks_28_terminals_9
bloodprg	0x00555b	seg_04da	recursive_graph | relocation_proven_far_transfer_target	vm_record_state_proc	re/assembly/bloodprg/seg_04da/func_00555b_vm_record_state_proc.asm	re/borland/bloodprg/seg_04da/func_00555b_vm_record_state_proc.cpp	untranslated	cfg_blocks_6_terminals_2
bloodprg	0x0055a4	seg_04da	recursive_graph | relocation_proven_far_transfer_target	vm_run_wrapper	re/assembly/bloodprg/seg_04da/func_0055a4_vm_run_wrapper.asm	re/borland/bloodprg/seg_04da/func_0055a4_vm_run_wrapper.cpp	untranslated	cfg_blocks_19_terminals_5
bloodprg	0x0056a6	seg_04da	recursive_graph	vm_script_block_scan	re/assembly/bloodprg/seg_04da/func_0056a6_vm_script_block_scan.asm	re/borland/bloodprg/seg_04da/func_0056a6_vm_script_block_scan.cpp	untranslated	cfg_blocks_13_terminals_4
bloodprg	0x0056fe	seg_04da	recursive_graph	vm_control_flow	re/assembly/bloodprg/seg_04da/func_0056fe_vm_control_flow.asm	re/borland/bloodprg/seg_04da/func_0056fe_vm_control_flow.cpp	untranslated	cfg_blocks_10_terminals_1
bloodprg	0x00577a	seg_04da	recursive_graph	value_scan_match	re/assembly/bloodprg/seg_04da/func_00577a_value_scan_match.asm	re/borland/bloodprg/seg_04da/func_00577a_value_scan_match.cpp	translated_value_scan_match	cfg_blocks_6_terminals_2
bloodprg	0x005791	seg_04da	recursive_graph	vm_flag_test_67b1	re/assembly/bloodprg/seg_04da/func_005791_vm_flag_test_67b1.asm	re/borland/bloodprg/seg_04da/func_005791_vm_flag_test_67b1.cpp	untranslated	cfg_blocks_11_terminals_2
bloodprg	0x005816	seg_04da	recursive_graph	presentation_scan	re/assembly/bloodprg/seg_04da/func_005816_presentation_scan.asm	re/borland/bloodprg/seg_04da/func_005816_presentation_scan.cpp	untranslated	cfg_blocks_39_terminals_4
bloodprg	0x005a74	seg_04da	recursive_graph	vm_state_processor	re/assembly/bloodprg/seg_04da/func_005a74_vm_state_processor.asm	re/borland/bloodprg/seg_04da/func_005a74_vm_state_processor.cpp	untranslated	cfg_blocks_13_terminals_1
bloodprg	0x005afd	seg_04da	recursive_graph	vm_op_a3_collect	re/assembly/bloodprg/seg_04da/func_005afd_vm_op_a3_collect.asm	re/borland/bloodprg/seg_04da/func_005afd_vm_op_a3_collect.cpp	untranslated	cfg_blocks_8_terminals_2
bloodprg	0x005b38	seg_04da	recursive_graph	record_c1_ship3d_action	re/assembly/bloodprg/seg_04da/func_005b38_record_c1_ship3d_action.asm	re/borland/bloodprg/seg_04da/func_005b38_record_c1_ship3d_action.cpp	untranslated	cfg_blocks_69_terminals_14
bloodprg	0x005fd8	seg_04da	recursive_graph	vm_special_slot_remove	re/assembly/bloodprg/seg_04da/func_005fd8_vm_special_slot_remove.asm	re/borland/bloodprg/seg_04da/func_005fd8_vm_special_slot_remove.cpp	untranslated	cfg_blocks_4_terminals_2
bloodprg	0x005ff6	seg_04da	recursive_graph	vm_special_slot_insert	re/assembly/bloodprg/seg_04da/func_005ff6_vm_special_slot_insert.asm	re/borland/bloodprg/seg_04da/func_005ff6_vm_special_slot_insert.cpp	untranslated	cfg_blocks_6_terminals_2
bloodprg	0x006023	seg_04da	recursive_graph	vm_field_offset	re/assembly/bloodprg/seg_04da/func_006023_vm_field_offset.asm	re/borland/bloodprg/seg_04da/func_006023_vm_field_offset.cpp	untranslated	cfg_blocks_1_terminals_1
bloodprg	0x00604e	seg_04da	recursive_graph	active_object_list_build	re/assembly/bloodprg/seg_04da/func_00604e_active_object_list_build.asm	re/borland/bloodprg/seg_04da/func_00604e_active_object_list_build.cpp	untranslated	cfg_blocks_6_terminals_2
bloodprg	0x0061a6	seg_04da	recursive_graph	ship_3d_position_field_resolve	re/assembly/bloodprg/seg_04da/func_0061a6_ship_3d_position_field_resolve.asm	re/borland/bloodprg/seg_04da/func_0061a6_ship_3d_position_field_resolve.cpp	untranslated	cfg_blocks_13_terminals_5
bloodprg	0x00624b	seg_04da	recursive_graph | relocation_proven_far_transfer_target	ship_3d_nav_source_list_build_full	re/assembly/bloodprg/seg_04da/func_00624b_ship_3d_nav_source_list_build_full.asm	re/borland/bloodprg/seg_04da/func_00624b_ship_3d_nav_source_list_build_full.cpp	untranslated	cfg_blocks_6_terminals_1
bloodprg	0x006293	seg_04da	recursive_graph	vm_token_special	re/assembly/bloodprg/seg_04da/func_006293_vm_token_special.asm	re/borland/bloodprg/seg_04da/func_006293_vm_token_special.cpp	translated_vm_token_special	cfg_blocks_5_terminals_2
bloodprg	0x0062b6	seg_04da	recursive_graph	vm_token_advance	re/assembly/bloodprg/seg_04da/func_0062b6_vm_token_advance.asm	re/borland/bloodprg/seg_04da/func_0062b6_vm_token_advance.cpp	untranslated	cfg_blocks_21_terminals_6
bloodprg	0x006494	seg_04da	static_dispatch_table_target	vm_op_ce_cond_branch	re/assembly/bloodprg/seg_04da/func_006494_vm_op_ce_cond_branch.asm	re/borland/bloodprg/seg_04da/func_006494_vm_op_ce_cond_branch.cpp	translated_vm_flag_clear_branch	cfg_blocks_3_terminals_1
bloodprg	0x0064a0	seg_04da	static_dispatch_table_target	vm_op_d0_cond_branch	re/assembly/bloodprg/seg_04da/func_0064a0_vm_op_d0_cond_branch.asm	re/borland/bloodprg/seg_04da/func_0064a0_vm_op_d0_cond_branch.cpp	translated_vm_flag_clear_branch	cfg_blocks_3_terminals_1
bloodprg	0x0064ac	seg_04da	static_dispatch_table_target	vm_op_d1_cond_branch	re/assembly/bloodprg/seg_04da/func_0064ac_vm_op_d1_cond_branch.asm	re/borland/bloodprg/seg_04da/func_0064ac_vm_op_d1_cond_branch.cpp	translated_vm_flag_clear_branch	cfg_blocks_3_terminals_1
bloodprg	0x0064b8	seg_04da	static_dispatch_table_target	vm_op_d2_script_profile_request	re/assembly/bloodprg/seg_04da/func_0064b8_vm_op_d2_script_profile_request.asm	re/borland/bloodprg/seg_04da/func_0064b8_vm_op_d2_script_profile_request.cpp	translated_vm_op_d2_script_profile_request	cfg_blocks_1_terminals_1
bloodprg	0x0064c0	seg_04da	static_dispatch_table_target	vm_op_cf_clear_state	re/assembly/bloodprg/seg_04da/func_0064c0_vm_op_cf_clear_state.asm	re/borland/bloodprg/seg_04da/func_0064c0_vm_op_cf_clear_state.cpp	translated_vm_op_cf_clear_state	cfg_blocks_1_terminals_1
bloodprg	0x0064ce	seg_04da	static_dispatch_table_target	vm_op_cc_set_record_byte	re/assembly/bloodprg/seg_04da/func_0064ce_vm_op_cc_set_record_byte.asm	re/borland/bloodprg/seg_04da/func_0064ce_vm_op_cc_set_record_byte.cpp	translated_vm_op_cc_set_record_byte	cfg_blocks_3_terminals_1
bloodprg	0x0064e5	seg_04da	static_dispatch_table_target	vm_op_ca_compare_var	re/assembly/bloodprg/seg_04da/func_0064e5_vm_op_ca_compare_var.asm	re/borland/bloodprg/seg_04da/func_0064e5_vm_op_ca_compare_var.cpp	untranslated	cfg_blocks_9_terminals_3
bloodprg	0x006510	seg_04da	static_dispatch_table_target	vm_op_cb_compare_byte	re/assembly/bloodprg/seg_04da/func_006510_vm_op_cb_compare_byte.asm	re/borland/bloodprg/seg_04da/func_006510_vm_op_cb_compare_byte.cpp	untranslated	cfg_blocks_15_terminals_4
bloodprg	0x006559	seg_04da	static_dispatch_table_target	vm_op_a0_push	re/assembly/bloodprg/seg_04da/func_006559_vm_op_a0_push.asm	re/borland/bloodprg/seg_04da/func_006559_vm_op_a0_push.cpp	translated_vm_op_a0_push	cfg_blocks_1_terminals_1
bloodprg	0x006572	seg_04da	static_dispatch_table_target	vm_op_a1_pop	re/assembly/bloodprg/seg_04da/func_006572_vm_op_a1_pop.asm	re/borland/bloodprg/seg_04da/func_006572_vm_op_a1_pop.cpp	translated_vm_op_a1_pop	cfg_blocks_3_terminals_1
bloodprg	0x006588	seg_04da	static_dispatch_table_target	vm_op_a2_cond_call	re/assembly/bloodprg/seg_04da/func_006588_vm_op_a2_cond_call.asm	re/borland/bloodprg/seg_04da/func_006588_vm_op_a2_cond_call.cpp	translated_vm_op_a2_random_branch	cfg_blocks_3_terminals_1
bloodprg	0x006596	seg_04da	static_dispatch_table_target	vm_op_a3_block	re/assembly/bloodprg/seg_04da/func_006596_vm_op_a3_block.asm	re/borland/bloodprg/seg_04da/func_006596_vm_op_a3_block.cpp	untranslated	cfg_blocks_13_terminals_3
bloodprg	0x0065db	seg_04da	static_dispatch_table_target	vm_op_a4_jump	re/assembly/bloodprg/seg_04da/func_0065db_vm_op_a4_jump.asm	re/borland/bloodprg/seg_04da/func_0065db_vm_op_a4_jump.cpp	translated_vm_op_a4_jump	cfg_blocks_1_terminals_1
bloodprg	0x0065eb	seg_04da	static_dispatch_table_target	vm_op_a5_cond_state_array	re/assembly/bloodprg/seg_04da/func_0065eb_vm_op_a5_cond_state_array.asm	re/borland/bloodprg/seg_04da/func_0065eb_vm_op_a5_cond_state_array.cpp	untranslated	cfg_blocks_5_terminals_2
bloodprg	0x00660c	seg_04da	static_dispatch_table_target	vm_op_a6_text	re/assembly/bloodprg/seg_04da/func_00660c_vm_op_a6_text.asm	re/borland/bloodprg/seg_04da/func_00660c_vm_op_a6_text.cpp	untranslated	cfg_blocks_31_terminals_4
bloodprg	0x0067ba	seg_04da	static_dispatch_table_target	vm_op_a7_set_if_presentation	re/assembly/bloodprg/seg_04da/func_0067ba_vm_op_a7_set_if_presentation.asm	re/borland/bloodprg/seg_04da/func_0067ba_vm_op_a7_set_if_presentation.cpp	translated_vm_op_a7_set_if_presentation	cfg_blocks_3_terminals_1
bloodprg	0x0067c8	seg_04da	static_dispatch_table_target	vm_op_a8_load_string	re/assembly/bloodprg/seg_04da/func_0067c8_vm_op_a8_load_string.asm	re/borland/bloodprg/seg_04da/func_0067c8_vm_op_a8_load_string.cpp	untranslated	cfg_blocks_12_terminals_1
bloodprg	0x006830	seg_04da	static_dispatch_table_target	vm_op_a9_cond_jump	re/assembly/bloodprg/seg_04da/func_006830_vm_op_a9_cond_jump.asm	re/borland/bloodprg/seg_04da/func_006830_vm_op_a9_cond_jump.cpp	translated_vm_op_a9_cond_jump	cfg_blocks_4_terminals_2
bloodprg	0x00684c	seg_04da	static_dispatch_table_target	vm_op_ab_poke_byte	re/assembly/bloodprg/seg_04da/func_00684c_vm_op_ab_poke_byte.asm	re/borland/bloodprg/seg_04da/func_00684c_vm_op_ab_poke_byte.cpp	translated_vm_op_ab_poke_byte	cfg_blocks_1_terminals_1
bloodprg	0x006855	seg_04da	static_dispatch_table_target	vm_op_aa_yield	re/assembly/bloodprg/seg_04da/func_006855_vm_op_aa_yield.asm	re/borland/bloodprg/seg_04da/func_006855_vm_op_aa_yield.cpp	translated_gs_byte_store_imm8	cfg_blocks_1_terminals_1
bloodprg	0x00685c	seg_04da	static_dispatch_table_target	vm_op_ac_yield	re/assembly/bloodprg/seg_04da/func_00685c_vm_op_ac_yield.asm	re/borland/bloodprg/seg_04da/func_00685c_vm_op_ac_yield.cpp	translated_gs_byte_store_imm8	cfg_blocks_1_terminals_1
bloodprg	0x006863	seg_04da	static_dispatch_table_target	vm_op_shared_state_marker	re/assembly/bloodprg/seg_04da/func_006863_vm_op_shared_state_marker.asm	re/borland/bloodprg/seg_04da/func_006863_vm_op_shared_state_marker.cpp	untranslated	cfg_blocks_26_terminals_10
bloodprg	0x006902	seg_04da	static_dispatch_table_target	vm_op_shared_ae_b0_state	re/assembly/bloodprg/seg_04da/func_006902_vm_op_shared_ae_b0_state.asm	re/borland/bloodprg/seg_04da/func_006902_vm_op_shared_ae_b0_state.cpp	untranslated	cfg_blocks_12_terminals_4
bloodprg	0x006946	seg_04da	static_dispatch_table_target	vm_op_shared_record_wildcard	re/assembly/bloodprg/seg_04da/func_006946_vm_op_shared_record_wildcard.asm	re/borland/bloodprg/seg_04da/func_006946_vm_op_shared_record_wildcard.cpp	untranslated	cfg_blocks_20_terminals_4
bloodprg	0x0069c7	seg_04da	static_dispatch_table_target	vm_op_cd_state_gated	re/assembly/bloodprg/seg_04da/func_0069c7_vm_op_cd_state_gated.asm	re/borland/bloodprg/seg_04da/func_0069c7_vm_op_cd_state_gated.cpp	untranslated	cfg_blocks_20_terminals_3
bloodprg	0x006aa7	seg_04da	static_dispatch_table_target	vm_op_b7_record_op	re/assembly/bloodprg/seg_04da/func_006aa7_vm_op_b7_record_op.asm	re/borland/bloodprg/seg_04da/func_006aa7_vm_op_b7_record_op.cpp	untranslated	cfg_blocks_12_terminals_4
bloodprg	0x006b06	seg_04da	static_dispatch_table_target	vm_op_b8_record_readwrite	re/assembly/bloodprg/seg_04da/func_006b06_vm_op_b8_record_readwrite.asm	re/borland/bloodprg/seg_04da/func_006b06_vm_op_b8_record_readwrite.cpp	untranslated	cfg_blocks_8_terminals_3
bloodprg	0x006b4c	seg_04da	static_dispatch_table_target	vm_op_c1_record_state	re/assembly/bloodprg/seg_04da/func_006b4c_vm_op_c1_record_state.asm	re/borland/bloodprg/seg_04da/func_006b4c_vm_op_c1_record_state.cpp	untranslated	cfg_blocks_34_terminals_7
bloodprg	0x006c7e	seg_04da	static_dispatch_table_target	vm_op_c4_actor	re/assembly/bloodprg/seg_04da/func_006c7e_vm_op_c4_actor.asm	re/borland/bloodprg/seg_04da/func_006c7e_vm_op_c4_actor.cpp	untranslated	cfg_blocks_19_terminals_4
bloodprg	0x006d18	seg_04da	static_dispatch_table_target	vm_op_c5_record_match	re/assembly/bloodprg/seg_04da/func_006d18_vm_op_c5_record_match.asm	re/borland/bloodprg/seg_04da/func_006d18_vm_op_c5_record_match.cpp	untranslated	cfg_blocks_15_terminals_4
bloodprg	0x006d80	seg_04da	static_dispatch_table_target	vm_op_c6_record_match	re/assembly/bloodprg/seg_04da/func_006d80_vm_op_c6_record_match.asm	re/borland/bloodprg/seg_04da/func_006d80_vm_op_c6_record_match.cpp	untranslated	cfg_blocks_12_terminals_4
bloodprg	0x006dcf	seg_04da	static_dispatch_table_target	vm_op_c7_record_match	re/assembly/bloodprg/seg_04da/func_006dcf_vm_op_c7_record_match.asm	re/borland/bloodprg/seg_04da/func_006dcf_vm_op_c7_record_match.cpp	untranslated	cfg_blocks_15_terminals_4
bloodprg	0x006e34	seg_04da	static_dispatch_table_target	vm_op_c2_record_full	re/assembly/bloodprg/seg_04da/func_006e34_vm_op_c2_record_full.asm	re/borland/bloodprg/seg_04da/func_006e34_vm_op_c2_record_full.cpp	untranslated	cfg_blocks_22_terminals_5
bloodprg	0x006eee	seg_04da	static_dispatch_table_target	vm_op_c3_state_record	re/assembly/bloodprg/seg_04da/func_006eee_vm_op_c3_state_record.asm	re/borland/bloodprg/seg_04da/func_006eee_vm_op_c3_state_record.cpp	untranslated	cfg_blocks_16_terminals_4
bloodprg	0x006f62	seg_04da	static_dispatch_table_target	vm_op_c8_record_match	re/assembly/bloodprg/seg_04da/func_006f62_vm_op_c8_record_match.asm	re/borland/bloodprg/seg_04da/func_006f62_vm_op_c8_record_match.cpp	untranslated	cfg_blocks_13_terminals_4
bloodprg	0x006fb9	seg_04da	static_dispatch_table_target	vm_op_c9_clear_record_full	re/assembly/bloodprg/seg_04da/func_006fb9_vm_op_c9_clear_record_full.asm	re/borland/bloodprg/seg_04da/func_006fb9_vm_op_c9_clear_record_full.cpp	untranslated	cfg_blocks_3_terminals_1
bloodprg	0x006ff3	seg_04da	recursive_graph | relocation_proven_far_transfer_target	draw_hud_element_2bc7	re/assembly/bloodprg/seg_04da/func_006ff3_draw_hud_element_2bc7.asm	re/borland/bloodprg/seg_04da/func_006ff3_draw_hud_element_2bc7.cpp	untranslated	cfg_blocks_19_terminals_4
bloodprg	0x0070ee	seg_04da	recursive_graph | relocation_proven_far_transfer_target	ship_3d_navigation_candidate_build	re/assembly/bloodprg/seg_04da/func_0070ee_ship_3d_navigation_candidate_build.asm	re/borland/bloodprg/seg_04da/func_0070ee_ship_3d_navigation_candidate_build.cpp	untranslated	cfg_blocks_8_terminals_2
bloodprg	0x00713d	seg_04da	recursive_graph | relocation_proven_far_transfer_target	vm_state_record_processor	re/assembly/bloodprg/seg_04da/func_00713d_vm_state_record_processor.asm	re/borland/bloodprg/seg_04da/func_00713d_vm_state_record_processor.cpp	untranslated	cfg_blocks_12_terminals_2
bloodprg	0x0071cf	seg_04da	relocation_proven_far_transfer_target	vm_lookup_prep	re/assembly/bloodprg/seg_04da/func_0071cf_vm_lookup_prep.asm	re/borland/bloodprg/seg_04da/func_0071cf_vm_lookup_prep.cpp	untranslated	cfg_blocks_8_terminals_2
bloodprg	0x00721a	seg_04da	recursive_graph | relocation_proven_far_transfer_target	nav_chart_list_build	re/assembly/bloodprg/seg_04da/func_00721a_nav_chart_list_build.asm	re/borland/bloodprg/seg_04da/func_00721a_nav_chart_list_build.cpp	untranslated	cfg_blocks_6_terminals_2
bloodprg	0x007259	seg_04da	recursive_graph | relocation_proven_far_transfer_target	entity_candidate_list	re/assembly/bloodprg/seg_04da/func_007259_entity_candidate_list.asm	re/borland/bloodprg/seg_04da/func_007259_entity_candidate_list.cpp	untranslated	cfg_blocks_9_terminals_3
bloodprg	0x0072a8	seg_04da	recursive_graph | relocation_proven_far_transfer_target	dlg_menu_words_inline_draw	re/assembly/bloodprg/seg_04da/func_0072a8_dlg_menu_words_inline_draw.asm	re/borland/bloodprg/seg_04da/func_0072a8_dlg_menu_words_inline_draw.cpp	untranslated	cfg_blocks_21_terminals_3
bloodprg	0x00739b	seg_04da	recursive_graph	vm_cod_scan	re/assembly/bloodprg/seg_04da/func_00739b_vm_cod_scan.asm	re/borland/bloodprg/seg_04da/func_00739b_vm_cod_scan.cpp	untranslated	cfg_blocks_14_terminals_3
bloodprg	0x007409	seg_04da	recursive_graph | relocation_proven_far_transfer_target	vm_c2_descript_lookup	re/assembly/bloodprg/seg_04da/func_007409_vm_c2_descript_lookup.asm	re/borland/bloodprg/seg_04da/func_007409_vm_c2_descript_lookup.cpp	untranslated	cfg_blocks_15_terminals_3
bloodprg	0x007542	seg_04da	static_dispatch_table_target		re/assembly/bloodprg/seg_04da/func_007542_routine.asm	re/borland/bloodprg/seg_04da/func_007542_routine.cpp	translated_gs_byte_store_imm8	cfg_blocks_1_terminals_1
bloodprg	0x007549	seg_04da	static_dispatch_table_target		re/assembly/bloodprg/seg_04da/func_007549_routine.asm	re/borland/bloodprg/seg_04da/func_007549_routine.cpp	translated_gs_byte_store_imm8	cfg_blocks_1_terminals_1
bloodprg	0x007550	seg_04da	static_dispatch_table_target		re/assembly/bloodprg/seg_04da/func_007550_routine.asm	re/borland/bloodprg/seg_04da/func_007550_routine.cpp	translated_gs_byte_store_imm8	cfg_blocks_1_terminals_1
bloodprg	0x007557	seg_04da	static_dispatch_table_target		re/assembly/bloodprg/seg_04da/func_007557_routine.asm	re/borland/bloodprg/seg_04da/func_007557_routine.cpp	translated_gs_byte_store_imm8	cfg_blocks_1_terminals_1
bloodprg	0x00755e	seg_04da	static_dispatch_table_target	index_lookup_dca	re/assembly/bloodprg/seg_04da/func_00755e_index_lookup_dca.asm	re/borland/bloodprg/seg_04da/func_00755e_index_lookup_dca.cpp	untranslated	cfg_blocks_16_terminals_3
bloodprg	0x007612	seg_04da	static_dispatch_table_target	credit_presenter_b_cryo	re/assembly/bloodprg/seg_04da/func_007612_credit_presenter_b_cryo.asm	re/borland/bloodprg/seg_04da/func_007612_credit_presenter_b_cryo.cpp	translated_credit_presenter_b_cryo_copy	cfg_blocks_3_terminals_1
bloodprg	0x007629	seg_04da	static_dispatch_table_target		re/assembly/bloodprg/seg_04da/func_007629_routine.asm	re/borland/bloodprg/seg_04da/func_007629_routine.cpp	translated_control_byte_copy	cfg_blocks_5_terminals_2
bloodprg	0x00763e	seg_04da	static_dispatch_table_target		re/assembly/bloodprg/seg_04da/func_00763e_routine.asm	re/borland/bloodprg/seg_04da/func_00763e_routine.cpp	untranslated	cfg_blocks_7_terminals_2
bloodprg	0x00766f	seg_04da	static_dispatch_table_target	dlg_line_record_parser	re/assembly/bloodprg/seg_04da/func_00766f_dlg_line_record_parser.asm	re/borland/bloodprg/seg_04da/func_00766f_dlg_line_record_parser.cpp	translated_control_byte_copy	cfg_blocks_5_terminals_2
bloodprg	0x007684	seg_04da	static_dispatch_table_target	dlg_line_asset_table_fill	re/assembly/bloodprg/seg_04da/func_007684_dlg_line_asset_table_fill.asm	re/borland/bloodprg/seg_04da/func_007684_dlg_line_asset_table_fill.cpp	untranslated	cfg_blocks_7_terminals_2
bloodprg	0x0076ba	seg_04da	static_dispatch_table_target		re/assembly/bloodprg/seg_04da/func_0076ba_routine.asm	re/borland/bloodprg/seg_04da/func_0076ba_routine.cpp	translated_lodsw_store_gs_1fa5	cfg_blocks_1_terminals_1
bloodprg	0x0076c0	seg_04da	static_dispatch_table_target		re/assembly/bloodprg/seg_04da/func_0076c0_routine.asm	re/borland/bloodprg/seg_04da/func_0076c0_routine.cpp	translated_control_byte_copy	cfg_blocks_5_terminals_2
bloodprg	0x0076d5	seg_04da	static_dispatch_table_target		re/assembly/bloodprg/seg_04da/func_0076d5_routine.asm	re/borland/bloodprg/seg_04da/func_0076d5_routine.cpp	translated_control_byte_copy	cfg_blocks_5_terminals_2
bloodprg	0x0076ea	seg_04da	static_dispatch_table_target	index_lookup_1fd7	re/assembly/bloodprg/seg_04da/func_0076ea_index_lookup_1fd7.asm	re/borland/bloodprg/seg_04da/func_0076ea_index_lookup_1fd7.cpp	untranslated	cfg_blocks_12_terminals_3
bloodprg	0x007754	seg_04da	static_dispatch_table_target		re/assembly/bloodprg/seg_04da/func_007754_routine.asm	re/borland/bloodprg/seg_04da/func_007754_routine.cpp	translated_gs_cursor_control_byte_copy	cfg_blocks_5_terminals_2
bloodprg	0x007776	seg_04da	static_dispatch_table_target		re/assembly/bloodprg/seg_04da/func_007776_routine.asm	re/borland/bloodprg/seg_04da/func_007776_routine.cpp	translated_prefixed_string_append	cfg_blocks_3_terminals_1
bloodprg	0x007788	seg_04da	static_dispatch_table_target	fs_name_area_read	re/assembly/bloodprg/seg_04da/func_007788_fs_name_area_read.asm	re/borland/bloodprg/seg_04da/func_007788_fs_name_area_read.cpp	translated_fs_name_area_read	cfg_blocks_5_terminals_2
bloodprg	0x0077a9	seg_04da	static_dispatch_table_target	music_voc_name_patcher	re/assembly/bloodprg/seg_04da/func_0077a9_music_voc_name_patcher.asm	re/borland/bloodprg/seg_04da/func_0077a9_music_voc_name_patcher.cpp	untranslated	cfg_blocks_11_terminals_2
bloodprg	0x0077e0	seg_071e	recursive_graph | relocation_proven_far_transfer_target	flag_gated_render_2793	re/assembly/bloodprg/seg_071e/func_0077e0_flag_gated_render_2793.asm	re/borland/bloodprg/seg_071e/func_0077e0_flag_gated_render_2793.cpp	untranslated	cfg_blocks_20_terminals_3
bloodprg	0x0078d0	seg_071e	recursive_graph	presentation_mode_dispatch	re/assembly/bloodprg/seg_071e/func_0078d0_presentation_mode_dispatch.asm	re/borland/bloodprg/seg_071e/func_0078d0_presentation_mode_dispatch.cpp	untranslated	cfg_blocks_12_terminals_2
bloodprg	0x00792d	seg_071e	recursive_graph	camera_nav_update	re/assembly/bloodprg/seg_071e/func_00792d_camera_nav_update.asm	re/borland/bloodprg/seg_071e/func_00792d_camera_nav_update.cpp	untranslated	cfg_blocks_9_terminals_2
bloodprg	0x0079e5	seg_071e	recursive_graph	screen_mode_update	re/assembly/bloodprg/seg_071e/func_0079e5_screen_mode_update.asm	re/borland/bloodprg/seg_071e/func_0079e5_screen_mode_update.cpp	untranslated	cfg_blocks_38_terminals_13
bloodprg	0x007cb4	seg_071e	recursive_graph	record_access_7bb8	re/assembly/bloodprg/seg_071e/func_007cb4_record_access_7bb8.asm	re/borland/bloodprg/seg_071e/func_007cb4_record_access_7bb8.cpp	untranslated	cfg_blocks_5_terminals_1
bloodprg	0x007ce8	seg_071e	recursive_graph	list_walk_f18	re/assembly/bloodprg/seg_071e/func_007ce8_list_walk_f18.asm	re/borland/bloodprg/seg_071e/func_007ce8_list_walk_f18.cpp	untranslated	cfg_blocks_11_terminals_2
bloodprg	0x007d7b	seg_071e	recursive_graph	nav_actor_slot_update_loop	re/assembly/bloodprg/seg_071e/func_007d7b_nav_actor_slot_update_loop.asm	re/borland/bloodprg/seg_071e/func_007d7b_nav_actor_slot_update_loop.cpp	untranslated	cfg_blocks_12_terminals_2
bloodprg	0x007ec0	seg_071e	static_dispatch_table_target	nav_actor_handler_1	re/assembly/bloodprg/seg_071e/func_007ec0_nav_actor_handler_1.asm	re/borland/bloodprg/seg_071e/func_007ec0_nav_actor_handler_1.cpp	untranslated	cfg_blocks_20_terminals_4
bloodprg	0x007f9c	seg_071e	static_dispatch_table_target	nav_actor_handler_0	re/assembly/bloodprg/seg_071e/func_007f9c_nav_actor_handler_0.asm	re/borland/bloodprg/seg_071e/func_007f9c_nav_actor_handler_0.cpp	untranslated	cfg_blocks_19_terminals_4
bloodprg	0x008082	seg_071e	static_dispatch_table_target	nav_actor_handler_5	re/assembly/bloodprg/seg_071e/func_008082_nav_actor_handler_5.asm	re/borland/bloodprg/seg_071e/func_008082_nav_actor_handler_5.cpp	untranslated	cfg_blocks_17_terminals_3
bloodprg	0x00813a	seg_071e	static_dispatch_table_target	nav_actor_handler_2	re/assembly/bloodprg/seg_071e/func_00813a_nav_actor_handler_2.asm	re/borland/bloodprg/seg_071e/func_00813a_nav_actor_handler_2.cpp	untranslated	cfg_blocks_5_terminals_1
bloodprg	0x00817e	seg_071e	static_dispatch_table_target	nav_actor_handler_3	re/assembly/bloodprg/seg_071e/func_00817e_nav_actor_handler_3.asm	re/borland/bloodprg/seg_071e/func_00817e_nav_actor_handler_3.cpp	untranslated	cfg_blocks_14_terminals_2
bloodprg	0x0081fb	seg_071e	static_dispatch_table_target	nav_actor_handler_4	re/assembly/bloodprg/seg_071e/func_0081fb_nav_actor_handler_4.asm	re/borland/bloodprg/seg_071e/func_0081fb_nav_actor_handler_4.cpp	untranslated	cfg_blocks_9_terminals_2
bloodprg	0x008269	seg_071e	recursive_graph	mouse_hit_test	re/assembly/bloodprg/seg_071e/func_008269_mouse_hit_test.asm	re/borland/bloodprg/seg_071e/func_008269_mouse_hit_test.cpp	untranslated	cfg_blocks_7_terminals_1
bloodprg	0x008295	seg_071e	recursive_graph | relocation_proven_far_transfer_target	region_record_hittest	re/assembly/bloodprg/seg_071e/func_008295_region_record_hittest.asm	re/borland/bloodprg/seg_071e/func_008295_region_record_hittest.cpp	untranslated	cfg_blocks_8_terminals_2
bloodprg	0x0082c3	seg_071e	recursive_graph	ui_region_table_scan	re/assembly/bloodprg/seg_071e/func_0082c3_ui_region_table_scan.asm	re/borland/bloodprg/seg_071e/func_0082c3_ui_region_table_scan.cpp	untranslated	cfg_blocks_6_terminals_1
bloodprg	0x0082e8	seg_071e	recursive_graph	nav_state_gate	re/assembly/bloodprg/seg_071e/func_0082e8_nav_state_gate.asm	re/borland/bloodprg/seg_071e/func_0082e8_nav_state_gate.cpp	untranslated	cfg_blocks_38_terminals_9
bloodprg	0x008428	seg_071e	recursive_graph | relocation_proven_far_transfer_target	list_widget_layout_unified	re/assembly/bloodprg/seg_071e/func_008428_list_widget_layout_unified.asm	re/borland/bloodprg/seg_071e/func_008428_list_widget_layout_unified.cpp	untranslated	cfg_blocks_40_terminals_4
bloodprg	0x0085e2	seg_071e	recursive_graph	nav_choice_dispatch	re/assembly/bloodprg/seg_071e/func_0085e2_nav_choice_dispatch.asm	re/borland/bloodprg/seg_071e/func_0085e2_nav_choice_dispatch.cpp	untranslated	cfg_blocks_18_terminals_1
bloodprg	0x008713	seg_071e	static_dispatch_table_target	nav_choice_handler_0	re/assembly/bloodprg/seg_071e/func_008713_nav_choice_handler_0.asm	re/borland/bloodprg/seg_071e/func_008713_nav_choice_handler_0.cpp	translated_nav_choice_handler_0	cfg_blocks_3_terminals_1
bloodprg	0x00872c	seg_071e	static_dispatch_table_target	nav_choice_handler_1	re/assembly/bloodprg/seg_071e/func_00872c_nav_choice_handler_1.asm	re/borland/bloodprg/seg_071e/func_00872c_nav_choice_handler_1.cpp	untranslated	cfg_blocks_13_terminals_2
bloodprg	0x0087bd	seg_071e	static_dispatch_table_target	nav_choice_handler_2	re/assembly/bloodprg/seg_071e/func_0087bd_nav_choice_handler_2.asm	re/borland/bloodprg/seg_071e/func_0087bd_nav_choice_handler_2.cpp	untranslated	cfg_blocks_14_terminals_2
bloodprg	0x008848	seg_071e	static_dispatch_table_target	nav_choice_handler_3	re/assembly/bloodprg/seg_071e/func_008848_nav_choice_handler_3.asm	re/borland/bloodprg/seg_071e/func_008848_nav_choice_handler_3.cpp	translated_nav_choice_handler_3	cfg_blocks_3_terminals_1
bloodprg	0x00886c	seg_071e	static_dispatch_table_target	nav_choice_handler_4_full	re/assembly/bloodprg/seg_071e/func_00886c_nav_choice_handler_4_full.asm	re/borland/bloodprg/seg_071e/func_00886c_nav_choice_handler_4_full.cpp	untranslated	cfg_blocks_22_terminals_6
bloodprg	0x008963	seg_071e	recursive_graph | relocation_proven_far_transfer_target	presentation_ready_gate	re/assembly/bloodprg/seg_071e/func_008963_presentation_ready_gate.asm	re/borland/bloodprg/seg_071e/func_008963_presentation_ready_gate.cpp	untranslated	cfg_blocks_15_terminals_2
bloodprg	0x008a4e	seg_071e	recursive_graph	camera_fsm_state_gate	re/assembly/bloodprg/seg_071e/func_008a4e_camera_fsm_state_gate.asm	re/borland/bloodprg/seg_071e/func_008a4e_camera_fsm_state_gate.cpp	untranslated	cfg_blocks_24_terminals_9
bloodprg	0x008bab	seg_071e	recursive_graph	mode_gate_27e8	re/assembly/bloodprg/seg_071e/func_008bab_mode_gate_27e8.asm	re/borland/bloodprg/seg_071e/func_008bab_mode_gate_27e8.cpp	untranslated	cfg_blocks_24_terminals_3
bloodprg	0x008c96	seg_071e	recursive_graph | relocation_proven_far_transfer_target	vm_segment_call_wrapper	re/assembly/bloodprg/seg_071e/func_008c96_vm_segment_call_wrapper.asm	re/borland/bloodprg/seg_071e/func_008c96_vm_segment_call_wrapper.cpp	untranslated	cfg_blocks_1_terminals_1
bloodprg	0x008cce	seg_071e	recursive_graph	nav_camera_state_check	re/assembly/bloodprg/seg_071e/func_008cce_nav_camera_state_check.asm	re/borland/bloodprg/seg_071e/func_008cce_nav_camera_state_check.cpp	untranslated	cfg_blocks_71_terminals_12
bloodprg	0x009083	seg_071e	recursive_graph	location_info_panel_dispatch	re/assembly/bloodprg/seg_071e/func_009083_location_info_panel_dispatch.asm	re/borland/bloodprg/seg_071e/func_009083_location_info_panel_dispatch.cpp	untranslated	cfg_blocks_26_terminals_6
bloodprg	0x009240	seg_071e	recursive_graph	entity_draw_full	re/assembly/bloodprg/seg_071e/func_009240_entity_draw_full.asm	re/borland/bloodprg/seg_071e/func_009240_entity_draw_full.cpp	untranslated	cfg_blocks_1_terminals_1
bloodprg	0x0092a3	seg_071e	recursive_graph	nav_chart_object_pick	re/assembly/bloodprg/seg_071e/func_0092a3_nav_chart_object_pick.asm	re/borland/bloodprg/seg_071e/func_0092a3_nav_chart_object_pick.cpp	untranslated	cfg_blocks_13_terminals_3
bloodprg	0x00933a	seg_071e	recursive_graph	back_buffer_copy_from	re/assembly/bloodprg/seg_071e/func_00933a_back_buffer_copy_from.asm	re/borland/bloodprg/seg_071e/func_00933a_back_buffer_copy_from.cpp	untranslated	cfg_blocks_1_terminals_1
bloodprg	0x009364	seg_071e	recursive_graph	gfx_draw_centered	re/assembly/bloodprg/seg_071e/func_009364_gfx_draw_centered.asm	re/borland/bloodprg/seg_071e/func_009364_gfx_draw_centered.cpp	untranslated	cfg_blocks_12_terminals_2
bloodprg	0x0093f5	seg_071e	recursive_graph | relocation_proven_far_transfer_target	screen_mode_check	re/assembly/bloodprg/seg_071e/func_0093f5_screen_mode_check.asm	re/borland/bloodprg/seg_071e/func_0093f5_screen_mode_check.cpp	untranslated	cfg_blocks_27_terminals_6
bloodprg	0x009510	seg_071e	recursive_graph	presentation_mode_check	re/assembly/bloodprg/seg_071e/func_009510_presentation_mode_check.asm	re/borland/bloodprg/seg_071e/func_009510_presentation_mode_check.cpp	untranslated	cfg_blocks_8_terminals_1
bloodprg	0x00954a	seg_071e	recursive_graph	page_flip	re/assembly/bloodprg/seg_071e/func_00954a_page_flip.asm	re/borland/bloodprg/seg_071e/func_00954a_page_flip.cpp	untranslated	cfg_blocks_3_terminals_1
bloodprg	0x00959d	seg_071e	recursive_graph	screen_flags_init	re/assembly/bloodprg/seg_071e/func_00959d_screen_flags_init.asm	re/borland/bloodprg/seg_071e/func_00959d_screen_flags_init.cpp	untranslated	cfg_blocks_6_terminals_2
bloodprg	0x00963f	seg_071e	recursive_graph	matrix_table_clear_2a1b	re/assembly/bloodprg/seg_071e/func_00963f_matrix_table_clear_2a1b.asm	re/borland/bloodprg/seg_071e/func_00963f_matrix_table_clear_2a1b.cpp	translated_matrix_table_clear_2a1b	cfg_blocks_1_terminals_1
bloodprg	0x009656	seg_071e	recursive_graph | relocation_proven_far_transfer_target	bridge_steer_update	re/assembly/bloodprg/seg_071e/func_009656_bridge_steer_update.asm	re/borland/bloodprg/seg_071e/func_009656_bridge_steer_update.cpp	untranslated	cfg_blocks_58_terminals_8
bloodprg	0x00981b	seg_071e	recursive_graph	bridge_panorama_frame_load	re/assembly/bloodprg/seg_071e/func_00981b_bridge_panorama_frame_load.asm	re/borland/bloodprg/seg_071e/func_00981b_bridge_panorama_frame_load.cpp	untranslated	cfg_blocks_3_terminals_1
bloodprg	0x0098b9	seg_071e	recursive_graph	ship_3d_projection_matrix_build	re/assembly/bloodprg/seg_071e/func_0098b9_ship_3d_projection_matrix_build.asm	re/borland/bloodprg/seg_071e/func_0098b9_ship_3d_projection_matrix_build.cpp	untranslated	cfg_blocks_1_terminals_1
bloodprg	0x009a10	seg_071e	recursive_graph	ship_3d_point_cloud_project	re/assembly/bloodprg/seg_071e/func_009a10_ship_3d_point_cloud_project.asm	re/borland/bloodprg/seg_071e/func_009a10_ship_3d_point_cloud_project.cpp	untranslated	cfg_blocks_6_terminals_1
bloodprg	0x009b04	seg_071e	recursive_graph	ship_3d_plot_point	re/assembly/bloodprg/seg_071e/func_009b04_ship_3d_plot_point.asm	re/borland/bloodprg/seg_071e/func_009b04_ship_3d_plot_point.cpp	untranslated	cfg_blocks_7_terminals_1
bloodprg	0x009b67	seg_071e	recursive_graph | relocation_proven_far_transfer_target	ship_3d_point_cloud_randomize	re/assembly/bloodprg/seg_071e/func_009b67_ship_3d_point_cloud_randomize.asm	re/borland/bloodprg/seg_071e/func_009b67_ship_3d_point_cloud_randomize.cpp	untranslated	cfg_blocks_1_terminals_1
bloodprg	0x009b98	seg_071e	recursive_graph	ship_3d_object_sprite_project	re/assembly/bloodprg/seg_071e/func_009b98_ship_3d_object_sprite_project.asm	re/borland/bloodprg/seg_071e/func_009b98_ship_3d_object_sprite_project.cpp	untranslated	cfg_blocks_9_terminals_2
bloodprg	0x009d10	seg_0971	recursive_graph | relocation_proven_far_transfer_target	dlg_line_id_scene_dispatch	re/assembly/bloodprg/seg_0971/func_009d10_dlg_line_id_scene_dispatch.asm	re/borland/bloodprg/seg_0971/func_009d10_dlg_line_id_scene_dispatch.cpp	untranslated	cfg_blocks_49_terminals_8
bloodprg	0x009f53	seg_0971	recursive_graph | relocation_proven_far_transfer_target	presentation_update_1fb2	re/assembly/bloodprg/seg_0971/func_009f53_presentation_update_1fb2.asm	re/borland/bloodprg/seg_0971/func_009f53_presentation_update_1fb2.cpp	untranslated	cfg_blocks_5_terminals_1
bloodprg	0x009f80	seg_0971	recursive_graph	lookup_table_1fb5	re/assembly/bloodprg/seg_0971/func_009f80_lookup_table_1fb5.asm	re/borland/bloodprg/seg_0971/func_009f80_lookup_table_1fb5.cpp	translated_lookup_table_1fb5	cfg_blocks_1_terminals_1
bloodprg	0x009f8e	seg_0971	recursive_graph	resource_switch	re/assembly/bloodprg/seg_0971/func_009f8e_resource_switch.asm	re/borland/bloodprg/seg_0971/func_009f8e_resource_switch.cpp	untranslated	cfg_blocks_1_terminals_0
bloodprg	0x009fa2	seg_0971	recursive_graph		re/assembly/bloodprg/seg_0971/func_009fa2_routine.asm	re/borland/bloodprg/seg_0971/func_009fa2_routine.cpp	untranslated	cfg_blocks_19_terminals_1
bloodprg	0x00a0c3	seg_0971	recursive_graph	resource_palette_blocks_apply	re/assembly/bloodprg/seg_0971/func_00a0c3_resource_palette_blocks_apply.asm	re/borland/bloodprg/seg_0971/func_00a0c3_resource_palette_blocks_apply.cpp	untranslated	cfg_blocks_6_terminals_2
bloodprg	0x00a117	seg_0971	recursive_graph	flag_gated_2751	re/assembly/bloodprg/seg_0971/func_00a117_flag_gated_2751.asm	re/borland/bloodprg/seg_0971/func_00a117_flag_gated_2751.cpp	untranslated	cfg_blocks_3_terminals_1
bloodprg	0x00a141	seg_0971	recursive_graph	close_file_d5b	re/assembly/bloodprg/seg_0971/func_00a141_close_file_d5b.asm	re/borland/bloodprg/seg_0971/func_00a141_close_file_d5b.cpp	translated_close_file_d5b	cfg_blocks_4_terminals_1
bloodprg	0x00a15f	seg_0971	recursive_graph	resource_load_sequence	re/assembly/bloodprg/seg_0971/func_00a15f_resource_load_sequence.asm	re/borland/bloodprg/seg_0971/func_00a15f_resource_load_sequence.cpp	untranslated	cfg_blocks_6_terminals_1
bloodprg	0x00a1b4	seg_0971	recursive_graph	ems_resource_flush	re/assembly/bloodprg/seg_0971/func_00a1b4_ems_resource_flush.asm	re/borland/bloodprg/seg_0971/func_00a1b4_ems_resource_flush.cpp	untranslated	cfg_blocks_12_terminals_2
bloodprg	0x00a1f3	seg_0971	recursive_graph		re/assembly/bloodprg/seg_0971/func_00a1f3_routine.asm	re/borland/bloodprg/seg_0971/func_00a1f3_routine.cpp	untranslated	cfg_blocks_1_terminals_1
bloodprg	0x00a20c	seg_0971	recursive_graph	ems_list_query	re/assembly/bloodprg/seg_0971/func_00a20c_ems_list_query.asm	re/borland/bloodprg/seg_0971/func_00a20c_ems_list_query.cpp	untranslated	cfg_blocks_8_terminals_1
bloodprg	0x00a240	seg_0971	recursive_graph	mode_check_27e0	re/assembly/bloodprg/seg_0971/func_00a240_mode_check_27e0.asm	re/borland/bloodprg/seg_0971/func_00a240_mode_check_27e0.cpp	untranslated	cfg_blocks_13_terminals_2
bloodprg	0x00a2ab	seg_0971	recursive_graph	list_d8c_iterate	re/assembly/bloodprg/seg_0971/func_00a2ab_list_d8c_iterate.asm	re/borland/bloodprg/seg_0971/func_00a2ab_list_d8c_iterate.cpp	untranslated	cfg_blocks_7_terminals_2
bloodprg	0x00a2dd	seg_0971	recursive_graph		re/assembly/bloodprg/seg_0971/func_00a2dd_routine.asm	re/borland/bloodprg/seg_0971/func_00a2dd_routine.cpp	translated_resource_empty_close_gate	cfg_blocks_3_terminals_1
bloodprg	0x00a38e	seg_0971	recursive_graph	queue_d8c_wrap	re/assembly/bloodprg/seg_0971/func_00a38e_queue_d8c_wrap.asm	re/borland/bloodprg/seg_0971/func_00a38e_queue_d8c_wrap.cpp	translated_queue_d8c_wrap	cfg_blocks_4_terminals_1
bloodprg	0x00a3ad	seg_0971	recursive_graph	queue_d8c_empty_check	re/assembly/bloodprg/seg_0971/func_00a3ad_queue_d8c_empty_check.asm	re/borland/bloodprg/seg_0971/func_00a3ad_queue_d8c_empty_check.cpp	translated_queue_d8c_empty_check	cfg_blocks_5_terminals_1
bloodprg	0x00a3d0	seg_0971	recursive_graph	queue_d8c_consume	re/assembly/bloodprg/seg_0971/func_00a3d0_queue_d8c_consume.asm	re/borland/bloodprg/seg_0971/func_00a3d0_queue_d8c_consume.cpp	untranslated	cfg_blocks_6_terminals_1
bloodprg	0x00a40b	seg_0971	recursive_graph		re/assembly/bloodprg/seg_0971/func_00a40b_routine.asm	re/borland/bloodprg/seg_0971/func_00a40b_routine.cpp	translated_gs_d5f_compare_zero_or_one	cfg_blocks_3_terminals_1
bloodprg	0x00a41a	seg_0971	recursive_graph	list_d8c_clear	re/assembly/bloodprg/seg_0971/func_00a41a_list_d8c_clear.asm	re/borland/bloodprg/seg_0971/func_00a41a_list_d8c_clear.cpp	untranslated	cfg_blocks_20_terminals_3
bloodprg	0x00a4ed	seg_0971	recursive_graph	linear_offset_calc	re/assembly/bloodprg/seg_0971/func_00a4ed_linear_offset_calc.asm	re/borland/bloodprg/seg_0971/func_00a4ed_linear_offset_calc.cpp	untranslated	cfg_blocks_14_terminals_4
bloodprg	0x00a552	seg_0971	recursive_graph	ems_subsystem_reset	re/assembly/bloodprg/seg_0971/func_00a552_ems_subsystem_reset.asm	re/borland/bloodprg/seg_0971/func_00a552_ems_subsystem_reset.cpp	untranslated	cfg_blocks_24_terminals_5
bloodprg	0x00a622	seg_0971	recursive_graph	list_d8c_read	re/assembly/bloodprg/seg_0971/func_00a622_list_d8c_read.asm	re/borland/bloodprg/seg_0971/func_00a622_list_d8c_read.cpp	untranslated	cfg_blocks_3_terminals_1
bloodprg	0x00a634	seg_0971	recursive_graph	flag_test_b17	re/assembly/bloodprg/seg_0971/func_00a634_flag_test_b17.asm	re/borland/bloodprg/seg_0971/func_00a634_flag_test_b17.cpp	translated_flag_test_b17	cfg_blocks_1_terminals_1
bloodprg	0x00a642	seg_0971	recursive_graph	banked_list_load	re/assembly/bloodprg/seg_0971/func_00a642_banked_list_load.asm	re/borland/bloodprg/seg_0971/func_00a642_banked_list_load.cpp	untranslated	cfg_blocks_3_terminals_1
bloodprg	0x00a664	seg_0971	recursive_graph	ems_paged_read	re/assembly/bloodprg/seg_0971/func_00a664_ems_paged_read.asm	re/borland/bloodprg/seg_0971/func_00a664_ems_paged_read.cpp	untranslated	cfg_blocks_11_terminals_3
bloodprg	0x00a734	seg_0971	recursive_graph	queue_d8c_enqueue	re/assembly/bloodprg/seg_0971/func_00a734_queue_d8c_enqueue.asm	re/borland/bloodprg/seg_0971/func_00a734_queue_d8c_enqueue.cpp	translated_queue_d8c_enqueue	cfg_blocks_1_terminals_1
bloodprg	0x00a73e	seg_0971	recursive_graph	list_d8c_bounds_init	re/assembly/bloodprg/seg_0971/func_00a73e_list_d8c_bounds_init.asm	re/borland/bloodprg/seg_0971/func_00a73e_list_d8c_bounds_init.cpp	translated_list_d8c_bounds_init	cfg_blocks_1_terminals_0
bloodprg	0x00a744	seg_0971	recursive_graph		re/assembly/bloodprg/seg_0971/func_00a744_routine.asm	re/borland/bloodprg/seg_0971/func_00a744_routine.cpp	translated_list_d8c_bounds_tail	cfg_blocks_1_terminals_1
bloodprg	0x00a757	seg_0971	recursive_graph | relocation_proven_far_transfer_target	list_d8c_init	re/assembly/bloodprg/seg_0971/func_00a757_list_d8c_init.asm	re/borland/bloodprg/seg_0971/func_00a757_list_d8c_init.cpp	translated_list_d8c_init	cfg_blocks_1_terminals_1
bloodprg	0x00a778	seg_0971	recursive_graph		re/assembly/bloodprg/seg_0971/func_00a778_routine.asm	re/borland/bloodprg/seg_0971/func_00a778_routine.cpp	untranslated	cfg_blocks_1_terminals_1
bloodprg	0x00a7e6	seg_0971	recursive_graph	mem_copy_words	re/assembly/bloodprg/seg_0971/func_00a7e6_mem_copy_words.asm	re/borland/bloodprg/seg_0971/func_00a7e6_mem_copy_words.cpp	translated_mem_copy_words_4	cfg_blocks_1_terminals_1
bloodprg	0x00a82c	seg_0971	recursive_graph		re/assembly/bloodprg/seg_0971/func_00a82c_routine.asm	re/borland/bloodprg/seg_0971/func_00a82c_routine.cpp	untranslated	cfg_blocks_5_terminals_2
bloodprg	0x00a867	seg_0971	recursive_graph	record_walk_stride6	re/assembly/bloodprg/seg_0971/func_00a867_record_walk_stride6.asm	re/borland/bloodprg/seg_0971/func_00a867_record_walk_stride6.cpp	untranslated	cfg_blocks_17_terminals_4
bloodprg	0x00a914	seg_0971	recursive_graph		re/assembly/bloodprg/seg_0971/func_00a914_routine.asm	re/borland/bloodprg/seg_0971/func_00a914_routine.cpp	untranslated	cfg_blocks_61_terminals_23
bloodprg	0x00aabc	seg_0971	recursive_graph	rle_decode_step	re/assembly/bloodprg/seg_0971/func_00aabc_rle_decode_step.asm	re/borland/bloodprg/seg_0971/func_00aabc_rle_decode_step.cpp	untranslated	cfg_blocks_15_terminals_4
bloodprg	0x00ab25	seg_0971	recursive_graph	block_iter_6byte	re/assembly/bloodprg/seg_0971/func_00ab25_block_iter_6byte.asm	re/borland/bloodprg/seg_0971/func_00ab25_block_iter_6byte.cpp	untranslated	cfg_blocks_179_terminals_48
bloodprg	0x00ad96	seg_0971	recursive_graph	gfx_scanline_advance	re/assembly/bloodprg/seg_0971/func_00ad96_gfx_scanline_advance.asm	re/borland/bloodprg/seg_0971/func_00ad96_gfx_scanline_advance.cpp	untranslated	cfg_blocks_3_terminals_2
bloodprg	0x00afa0	seg_0a9a	recursive_graph | relocation_proven_far_transfer_target	ship_presentation_fsm	re/assembly/bloodprg/seg_0a9a/func_00afa0_ship_presentation_fsm.asm	re/borland/bloodprg/seg_0a9a/func_00afa0_ship_presentation_fsm.cpp	untranslated	cfg_blocks_23_terminals_6
bloodprg	0x00b079	seg_0a9a	recursive_graph	ship_3d_hud_init	re/assembly/bloodprg/seg_0a9a/func_00b079_ship_3d_hud_init.asm	re/borland/bloodprg/seg_0a9a/func_00b079_ship_3d_hud_init.cpp	untranslated	cfg_blocks_24_terminals_2
bloodprg	0x00b2bb	seg_0a9a	recursive_graph	ship_3d_target_record_select	re/assembly/bloodprg/seg_0a9a/func_00b2bb_ship_3d_target_record_select.asm	re/borland/bloodprg/seg_0a9a/func_00b2bb_ship_3d_target_record_select.cpp	untranslated	cfg_blocks_14_terminals_3
bloodprg	0x00b34e	seg_0a9a	recursive_graph	ship_3d_navigation_update	re/assembly/bloodprg/seg_0a9a/func_00b34e_ship_3d_navigation_update.asm	re/borland/bloodprg/seg_0a9a/func_00b34e_ship_3d_navigation_update.cpp	untranslated	cfg_blocks_25_terminals_4
bloodprg	0x00b591	seg_0a9a	recursive_graph | relocation_proven_far_transfer_target	alien_overlay_cycle	re/assembly/bloodprg/seg_0a9a/func_00b591_alien_overlay_cycle.asm	re/borland/bloodprg/seg_0a9a/func_00b591_alien_overlay_cycle.cpp	untranslated	cfg_blocks_7_terminals_2
bloodprg	0x00b6dd	seg_0a9a	recursive_graph | relocation_proven_far_transfer_target	ship_3d_plane_band_copy	re/assembly/bloodprg/seg_0a9a/func_00b6dd_ship_3d_plane_band_copy.asm	re/borland/bloodprg/seg_0a9a/func_00b6dd_ship_3d_plane_band_copy.cpp	untranslated	cfg_blocks_7_terminals_1
bloodprg	0x00b75c	seg_0a9a	recursive_graph	ship_3d_depth_scroll_step	re/assembly/bloodprg/seg_0a9a/func_00b75c_ship_3d_depth_scroll_step.asm	re/borland/bloodprg/seg_0a9a/func_00b75c_ship_3d_depth_scroll_step.cpp	untranslated	cfg_blocks_13_terminals_4
bloodprg	0x00b7b0	seg_0b1b	recursive_graph | relocation_proven_far_transfer_target	audio_param_init_cd5	re/assembly/bloodprg/seg_0b1b/func_00b7b0_audio_param_init_cd5.asm	re/borland/bloodprg/seg_0b1b/func_00b7b0_audio_param_init_cd5.cpp	untranslated	cfg_blocks_1_terminals_1
bloodprg	0x00b7e3	seg_0b1b	recursive_graph | relocation_proven_far_transfer_target	audio_process_ade	re/assembly/bloodprg/seg_0b1b/func_00b7e3_audio_process_ade.asm	re/borland/bloodprg/seg_0b1b/func_00b7e3_audio_process_ade.cpp	untranslated	cfg_blocks_27_terminals_4
bloodprg	0x00b8cd	seg_0b1b	recursive_graph | relocation_proven_far_transfer_target	snd_play_clip	re/assembly/bloodprg/seg_0b1b/func_00b8cd_snd_play_clip.asm	re/borland/bloodprg/seg_0b1b/func_00b8cd_snd_play_clip.cpp	untranslated	cfg_blocks_43_terminals_10
bloodprg	0x00bb9d	seg_0b1b	recursive_graph | relocation_proven_far_transfer_target	snd_driver_call	re/assembly/bloodprg/seg_0b1b/func_00bb9d_snd_driver_call.asm	re/borland/bloodprg/seg_0b1b/func_00bb9d_snd_driver_call.cpp	untranslated	cfg_blocks_1_terminals_1
bloodprg	0x00bbb3	seg_0b1b	recursive_graph | relocation_proven_far_transfer_target	audio_playback_gated	re/assembly/bloodprg/seg_0b1b/func_00bbb3_audio_playback_gated.asm	re/borland/bloodprg/seg_0b1b/func_00bbb3_audio_playback_gated.cpp	untranslated	cfg_blocks_8_terminals_1
bloodprg	0x00bc50	seg_0b1b	recursive_graph | relocation_proven_far_transfer_target	mixer_gated_proc_a	re/assembly/bloodprg/seg_0b1b/func_00bc50_mixer_gated_proc_a.asm	re/borland/bloodprg/seg_0b1b/func_00bc50_mixer_gated_proc_a.cpp	untranslated	cfg_blocks_19_terminals_3
bloodprg	0x00bd09	seg_0b1b	recursive_graph	timer_tick_b9f	re/assembly/bloodprg/seg_0b1b/func_00bd09_timer_tick_b9f.asm	re/borland/bloodprg/seg_0b1b/func_00bd09_timer_tick_b9f.cpp	untranslated	cfg_blocks_6_terminals_3
bloodprg	0x00bd26	seg_0b1b	recursive_graph	ems_map_page_and_copy	re/assembly/bloodprg/seg_0b1b/func_00bd26_ems_map_page_and_copy.asm	re/borland/bloodprg/seg_0b1b/func_00bd26_ems_map_page_and_copy.cpp	untranslated	cfg_blocks_1_terminals_1
bloodprg	0x00bd4e	seg_0b1b	recursive_graph	ems_buffer_setup	re/assembly/bloodprg/seg_0b1b/func_00bd4e_ems_buffer_setup.asm	re/borland/bloodprg/seg_0b1b/func_00bd4e_ems_buffer_setup.cpp	untranslated	cfg_blocks_1_terminals_1
bloodprg	0x00bd8d	seg_0b1b	recursive_graph	ems_page_offset_split	re/assembly/bloodprg/seg_0b1b/func_00bd8d_ems_page_offset_split.asm	re/borland/bloodprg/seg_0b1b/func_00bd8d_ems_page_offset_split.cpp	untranslated	cfg_blocks_1_terminals_1
bloodprg	0x00bdb7	seg_0b1b	recursive_graph | relocation_proven_far_transfer_target	mixer_gated_proc_b	re/assembly/bloodprg/seg_0b1b/func_00bdb7_mixer_gated_proc_b.asm	re/borland/bloodprg/seg_0b1b/func_00bdb7_mixer_gated_proc_b.cpp	untranslated	cfg_blocks_35_terminals_3
bloodprg	0x00c005	seg_0b1b	recursive_graph | relocation_proven_far_transfer_target	snd_bank_loader	re/assembly/bloodprg/seg_0b1b/func_00c005_snd_bank_loader.asm	re/borland/bloodprg/seg_0b1b/func_00c005_snd_bank_loader.cpp	untranslated	cfg_blocks_29_terminals_4
xdb_amer	0x000223	direct_calls	direct_call_from_0xa3		re/assembly/xdb/amer/direct_calls/func_000223_routine.asm	re/borland/xdb/amer/direct_calls/func_000223_routine.cpp	untranslated	cfg_blocks_20_terminals_4
xdb_amer	0x0002f0	direct_calls	direct_call_from_0xa3		re/assembly/xdb/amer/direct_calls/func_0002f0_routine.asm	re/borland/xdb/amer/direct_calls/func_0002f0_routine.cpp	untranslated	cfg_blocks_4_terminals_1
xdb_amer	0x000336	direct_calls	direct_call_from_0xa3		re/assembly/xdb/amer/direct_calls/func_000336_routine.asm	re/borland/xdb/amer/direct_calls/func_000336_routine.cpp	translated_xdb_mouse_range	cfg_blocks_1_terminals_1
xdb_amer	0x000347	direct_calls	direct_call_from_0xa3		re/assembly/xdb/amer/direct_calls/func_000347_routine.asm	re/borland/xdb/amer/direct_calls/func_000347_routine.cpp	translated_xdb_mouse_position	cfg_blocks_1_terminals_1
xdb_amer	0x00059b	direct_calls	direct_call_from_0xa3		re/assembly/xdb/amer/direct_calls/func_00059b_routine.asm	re/borland/xdb/amer/direct_calls/func_00059b_routine.cpp	untranslated	cfg_blocks_29_terminals_2
xdb_amer	0x000734	direct_calls	direct_call_from_0xa3		re/assembly/xdb/amer/direct_calls/func_000734_routine.asm	re/borland/xdb/amer/direct_calls/func_000734_routine.cpp	untranslated	cfg_blocks_22_terminals_1
xdb_amer	0x001dd8	direct_calls	direct_call_from_0xa3		re/assembly/xdb/amer/direct_calls/func_001dd8_routine.asm	re/borland/xdb/amer/direct_calls/func_001dd8_routine.cpp	untranslated	cfg_blocks_1_terminals_1
xdb_amer	0x002027	direct_calls	direct_call_from_0xa3		re/assembly/xdb/amer/direct_calls/func_002027_routine.asm	re/borland/xdb/amer/direct_calls/func_002027_routine.cpp	untranslated	cfg_blocks_28_terminals_2
xdb_amer	0x0024cf	direct_calls	direct_call_from_0xa3		re/assembly/xdb/amer/direct_calls/func_0024cf_routine.asm	re/borland/xdb/amer/direct_calls/func_0024cf_routine.cpp	untranslated	cfg_blocks_17_terminals_1
xdb_amer	0x002572	direct_calls	direct_call_from_0x59b		re/assembly/xdb/amer/direct_calls/func_002572_routine.asm	re/borland/xdb/amer/direct_calls/func_002572_routine.cpp	untranslated	cfg_blocks_50_terminals_12
xdb_amer	0x002b6d	direct_calls	direct_call_from_0x24cf | direct_call_from_0x2572		re/assembly/xdb/amer/direct_calls/func_002b6d_routine.asm	re/borland/xdb/amer/direct_calls/func_002b6d_routine.cpp	untranslated	cfg_blocks_30_terminals_7
xdb_amer	0x000000	entry	overlay_entry_0		re/assembly/xdb/amer/entry/func_000000_routine.asm	re/borland/xdb/amer/entry/func_000000_routine.cpp	untranslated	cfg_blocks_5_terminals_1
xdb_amer	0x0000a3	entry	alien_body_entry_00a3 | direct_call_from_0x0		re/assembly/xdb/amer/entry/func_0000a3_routine.asm	re/borland/xdb/amer/entry/func_0000a3_routine.cpp	untranslated	cfg_blocks_18_terminals_2
xdb_amer	0x000355	method_table_103a	alien_method_table_103a_slot_7@0x42c8		re/assembly/xdb/amer/method_table_103a/func_000355_routine.asm	re/borland/xdb/amer/method_table_103a/func_000355_routine.cpp	untranslated	cfg_blocks_22_terminals_1
xdb_amer	0x000925	method_table_103a	alien_method_table_103a_slot_10@0x42ce		re/assembly/xdb/amer/method_table_103a/func_000925_routine.asm	re/borland/xdb/amer/method_table_103a/func_000925_routine.cpp	untranslated	cfg_blocks_6_terminals_0
xdb_amer	0x000958	method_table_103a	alien_method_table_103a_slot_6@0x42c6		re/assembly/xdb/amer/method_table_103a/func_000958_routine.asm	re/borland/xdb/amer/method_table_103a/func_000958_routine.cpp	untranslated	cfg_blocks_1_terminals_1
xdb_amer	0x0009ef	method_table_103a	alien_method_table_103a_slot_1@0x42bc		re/assembly/xdb/amer/method_table_103a/func_0009ef_routine.asm	re/borland/xdb/amer/method_table_103a/func_0009ef_routine.cpp	untranslated	cfg_blocks_15_terminals_1
xdb_amer	0x000b0f	method_table_103a	alien_method_table_103a_slot_11@0x42d0		re/assembly/xdb/amer/method_table_103a/func_000b0f_routine.asm	re/borland/xdb/amer/method_table_103a/func_000b0f_routine.cpp	translated_xdb_actor_field_sub_0f	cfg_blocks_1_terminals_1
xdb_amer	0x000b1f	method_table_103a	alien_method_table_103a_slot_12@0x42d2		re/assembly/xdb/amer/method_table_103a/func_000b1f_routine.asm	re/borland/xdb/amer/method_table_103a/func_000b1f_routine.cpp	translated_xdb_add_cs99_if_nonnegative	cfg_blocks_3_terminals_1
xdb_amer	0x001286	method_table_103a	alien_method_table_103a_slot_3@0x42c0		re/assembly/xdb/amer/method_table_103a/func_001286_routine.asm	re/borland/xdb/amer/method_table_103a/func_001286_routine.cpp	untranslated	cfg_blocks_5_terminals_1
xdb_amer	0x00164c	method_table_103a	alien_method_table_103a_slot_2@0x42be		re/assembly/xdb/amer/method_table_103a/func_00164c_routine.asm	re/borland/xdb/amer/method_table_103a/func_00164c_routine.cpp	untranslated	cfg_blocks_3_terminals_2
xdb_amer	0x001b5f	method_table_103a	alien_method_table_103a_slot_8@0x42ca		re/assembly/xdb/amer/method_table_103a/func_001b5f_routine.asm	re/borland/xdb/amer/method_table_103a/func_001b5f_routine.cpp	untranslated	cfg_blocks_1_terminals_1
xdb_amer	0x001b8f	method_table_103a	alien_method_table_103a_slot_9@0x42cc		re/assembly/xdb/amer/method_table_103a/func_001b8f_routine.asm	re/borland/xdb/amer/method_table_103a/func_001b8f_routine.cpp	untranslated	cfg_blocks_1_terminals_1
xdb_amer	0x001bea	method_table_103a	alien_method_table_103a_slot_13@0x42d4		re/assembly/xdb/amer/method_table_103a/func_001bea_routine.asm	re/borland/xdb/amer/method_table_103a/func_001bea_routine.cpp	translated_xdb_jump_or_init_method	cfg_blocks_3_terminals_2
xdb_amer	0x001dd6	method_table_103a	alien_method_table_103a_slot_0@0x42ba | alien_method_table_103a_slot_14@0x42d6 | alien_method_table_103a_slot_4@0x42c2 | alien_method_table_103a_slot_5@0x42c4		re/assembly/xdb/amer/method_table_103a/func_001dd6_routine.asm	re/borland/xdb/amer/method_table_103a/func_001dd6_routine.cpp	translated_empty_return	cfg_blocks_1_terminals_1
xdb_croolis	0x00022a	direct_calls	direct_call_from_0xa3		re/assembly/xdb/croolis/direct_calls/func_00022a_routine.asm	re/borland/xdb/croolis/direct_calls/func_00022a_routine.cpp	untranslated	cfg_blocks_22_terminals_5
xdb_croolis	0x000305	direct_calls	direct_call_from_0xa3		re/assembly/xdb/croolis/direct_calls/func_000305_routine.asm	re/borland/xdb/croolis/direct_calls/func_000305_routine.cpp	untranslated	cfg_blocks_4_terminals_1
xdb_croolis	0x00034b	direct_calls	direct_call_from_0xa3		re/assembly/xdb/croolis/direct_calls/func_00034b_routine.asm	re/borland/xdb/croolis/direct_calls/func_00034b_routine.cpp	translated_xdb_mouse_range	cfg_blocks_1_terminals_1
xdb_croolis	0x00035c	direct_calls	direct_call_from_0xa3		re/assembly/xdb/croolis/direct_calls/func_00035c_routine.asm	re/borland/xdb/croolis/direct_calls/func_00035c_routine.cpp	translated_xdb_mouse_position	cfg_blocks_1_terminals_1
xdb_croolis	0x0005dc	direct_calls	direct_call_from_0xa3		re/assembly/xdb/croolis/direct_calls/func_0005dc_routine.asm	re/borland/xdb/croolis/direct_calls/func_0005dc_routine.cpp	untranslated	cfg_blocks_29_terminals_2
xdb_croolis	0x000775	direct_calls	direct_call_from_0xa3		re/assembly/xdb/croolis/direct_calls/func_000775_routine.asm	re/borland/xdb/croolis/direct_calls/func_000775_routine.cpp	untranslated	cfg_blocks_22_terminals_1
xdb_croolis	0x001e1d	direct_calls	direct_call_from_0xa3		re/assembly/xdb/croolis/direct_calls/func_001e1d_routine.asm	re/borland/xdb/croolis/direct_calls/func_001e1d_routine.cpp	untranslated	cfg_blocks_1_terminals_1
xdb_croolis	0x00206c	direct_calls	direct_call_from_0xa3		re/assembly/xdb/croolis/direct_calls/func_00206c_routine.asm	re/borland/xdb/croolis/direct_calls/func_00206c_routine.cpp	untranslated	cfg_blocks_28_terminals_2
xdb_croolis	0x002514	direct_calls	direct_call_from_0xa3		re/assembly/xdb/croolis/direct_calls/func_002514_routine.asm	re/borland/xdb/croolis/direct_calls/func_002514_routine.cpp	untranslated	cfg_blocks_19_terminals_1
xdb_croolis	0x0025d6	direct_calls	direct_call_from_0x5dc		re/assembly/xdb/croolis/direct_calls/func_0025d6_routine.asm	re/borland/xdb/croolis/direct_calls/func_0025d6_routine.cpp	untranslated	cfg_blocks_50_terminals_12
xdb_croolis	0x002bdd	direct_calls	direct_call_from_0x2514 | direct_call_from_0x25d6		re/assembly/xdb/croolis/direct_calls/func_002bdd_routine.asm	re/borland/xdb/croolis/direct_calls/func_002bdd_routine.cpp	untranslated	cfg_blocks_30_terminals_7
xdb_croolis	0x000000	entry	overlay_entry_0		re/assembly/xdb/croolis/entry/func_000000_routine.asm	re/borland/xdb/croolis/entry/func_000000_routine.cpp	untranslated	cfg_blocks_5_terminals_1
xdb_croolis	0x0000a3	entry	alien_body_entry_00a3 | direct_call_from_0x0		re/assembly/xdb/croolis/entry/func_0000a3_routine.asm	re/borland/xdb/croolis/entry/func_0000a3_routine.cpp	untranslated	cfg_blocks_18_terminals_2
xdb_croolis	0x00036a	method_table_103a	alien_method_table_103a_slot_7@0x4338		re/assembly/xdb/croolis/method_table_103a/func_00036a_routine.asm	re/borland/xdb/croolis/method_table_103a/func_00036a_routine.cpp	untranslated	cfg_blocks_24_terminals_1
xdb_croolis	0x000966	method_table_103a	alien_method_table_103a_slot_10@0x433e		re/assembly/xdb/croolis/method_table_103a/func_000966_routine.asm	re/borland/xdb/croolis/method_table_103a/func_000966_routine.cpp	untranslated	cfg_blocks_6_terminals_0
xdb_croolis	0x000999	method_table_103a	alien_method_table_103a_slot_6@0x4336		re/assembly/xdb/croolis/method_table_103a/func_000999_routine.asm	re/borland/xdb/croolis/method_table_103a/func_000999_routine.cpp	untranslated	cfg_blocks_1_terminals_1
xdb_croolis	0x000a30	method_table_103a	alien_method_table_103a_slot_1@0x432c		re/assembly/xdb/croolis/method_table_103a/func_000a30_routine.asm	re/borland/xdb/croolis/method_table_103a/func_000a30_routine.cpp	untranslated	cfg_blocks_15_terminals_1
xdb_croolis	0x000b50	method_table_103a	alien_method_table_103a_slot_11@0x4340		re/assembly/xdb/croolis/method_table_103a/func_000b50_routine.asm	re/borland/xdb/croolis/method_table_103a/func_000b50_routine.cpp	translated_xdb_actor_field_sub_0f	cfg_blocks_1_terminals_1
xdb_croolis	0x000b60	method_table_103a	alien_method_table_103a_slot_12@0x4342		re/assembly/xdb/croolis/method_table_103a/func_000b60_routine.asm	re/borland/xdb/croolis/method_table_103a/func_000b60_routine.cpp	translated_xdb_add_cs99_if_nonnegative	cfg_blocks_3_terminals_1
xdb_croolis	0x0012de	method_table_103a	alien_method_table_103a_slot_3@0x4330		re/assembly/xdb/croolis/method_table_103a/func_0012de_routine.asm	re/borland/xdb/croolis/method_table_103a/func_0012de_routine.cpp	untranslated	cfg_blocks_5_terminals_1
xdb_croolis	0x0016a4	method_table_103a	alien_method_table_103a_slot_2@0x432e | alien_method_table_103a_slot_4@0x4332		re/assembly/xdb/croolis/method_table_103a/func_0016a4_routine.asm	re/borland/xdb/croolis/method_table_103a/func_0016a4_routine.cpp	untranslated	cfg_blocks_3_terminals_2
xdb_croolis	0x001acb	method_table_103a	alien_method_table_103a_slot_8@0x433a		re/assembly/xdb/croolis/method_table_103a/func_001acb_routine.asm	re/borland/xdb/croolis/method_table_103a/func_001acb_routine.cpp	untranslated	cfg_blocks_1_terminals_1
xdb_croolis	0x001afb	method_table_103a	alien_method_table_103a_slot_9@0x433c		re/assembly/xdb/croolis/method_table_103a/func_001afb_routine.asm	re/borland/xdb/croolis/method_table_103a/func_001afb_routine.cpp	untranslated	cfg_blocks_1_terminals_1
xdb_croolis	0x001b46	method_table_103a	alien_method_table_103a_slot_13@0x4344		re/assembly/xdb/croolis/method_table_103a/func_001b46_routine.asm	re/borland/xdb/croolis/method_table_103a/func_001b46_routine.cpp	translated_xdb_jump_or_init_method	cfg_blocks_3_terminals_2
xdb_croolis	0x001d27	method_table_103a	alien_method_table_103a_slot_0@0x432a | alien_method_table_103a_slot_14@0x4346 | alien_method_table_103a_slot_5@0x4334		re/assembly/xdb/croolis/method_table_103a/func_001d27_routine.asm	re/borland/xdb/croolis/method_table_103a/func_001d27_routine.cpp	translated_empty_return	cfg_blocks_1_terminals_1
xdb_manu3	0x000000	manu3_labeled	label:manu3_api_entry | label:manu3_segments_resolved | manu3 external far-call API entry | overlay_entry_0	manu3_api_entry | manu3_segments_resolved	re/assembly/xdb/manu3/manu3_labeled/func_000000_manu3_api_entry.asm	re/borland/xdb/manu3/manu3_labeled/func_000000_manu3_api_entry.cpp	untranslated	cfg_blocks_7_terminals_1
xdb_manu3	0x000121	manu3_labeled	label:manu3_init_protocol | manu3 self-relocation/init entry	manu3_init_protocol	re/assembly/xdb/manu3/manu3_labeled/func_000121_manu3_init_protocol.asm	re/borland/xdb/manu3/manu3_labeled/func_000121_manu3_init_protocol.cpp	untranslated	cfg_blocks_1_terminals_1
xdb_manu3	0x000150	manu3_labeled	manu3 no-cursor per-frame entry		re/assembly/xdb/manu3/manu3_labeled/func_000150_routine.asm	re/borland/xdb/manu3/manu3_labeled/func_000150_routine.cpp	untranslated	cfg_blocks_3_terminals_1
xdb_manu3	0x00017c	manu3_labeled	manu3 selector wrapper entry		re/assembly/xdb/manu3/manu3_labeled/func_00017c_routine.asm	re/borland/xdb/manu3/manu3_labeled/func_00017c_routine.cpp	translated_manu3_selector_wrapper	cfg_blocks_1_terminals_1
xdb_manu3	0x000181	manu3_labeled	direct_call_from_0x0 | direct_call_from_0x17c | label:manu3_anim_select | manu3 animation selector	manu3_anim_select	re/assembly/xdb/manu3/manu3_labeled/func_000181_manu3_anim_select.asm	re/borland/xdb/manu3/manu3_labeled/func_000181_manu3_anim_select.cpp	translated_manu3_anim_select	cfg_blocks_1_terminals_1
xdb_manu3	0x00019b	manu3_labeled	direct_call_from_0x0 | direct_call_from_0x150 | label:manu3_tween_step | manu3 tween stepper	manu3_tween_step	re/assembly/xdb/manu3/manu3_labeled/func_00019b_manu3_tween_step.asm	re/borland/xdb/manu3/manu3_labeled/func_00019b_manu3_tween_step.cpp	untranslated	cfg_blocks_8_terminals_2
xdb_manu3	0x0001df	manu3_labeled	label:manu3_tween_constructor | manu3 tween constructor	manu3_tween_constructor	re/assembly/xdb/manu3/manu3_labeled/func_0001df_manu3_tween_constructor.asm	re/borland/xdb/manu3/manu3_labeled/func_0001df_manu3_tween_constructor.cpp	untranslated	cfg_blocks_9_terminals_3
xdb_manu3	0x000270	manu3_labeled	direct_call_from_0x0 | direct_call_from_0x150 | label:manu3_matrix_build | manu3 matrix builder	manu3_matrix_build	re/assembly/xdb/manu3/manu3_labeled/func_000270_manu3_matrix_build.asm	re/borland/xdb/manu3/manu3_labeled/func_000270_manu3_matrix_build.cpp	untranslated	cfg_blocks_1_terminals_0
xdb_manu3	0x000477	manu3_labeled	label:manu3_transform | manu3 transform routine	manu3_transform	re/assembly/xdb/manu3/manu3_labeled/func_000477_manu3_transform.asm	re/borland/xdb/manu3/manu3_labeled/func_000477_manu3_transform.cpp	untranslated	cfg_blocks_4_terminals_1
xdb_manu3	0x000549	manu3_labeled	direct_call_from_0x0 | direct_call_from_0x150 | label:manu3_entity_project | manu3 entity projector	manu3_entity_project	re/assembly/xdb/manu3/manu3_labeled/func_000549_manu3_entity_project.asm	re/borland/xdb/manu3/manu3_labeled/func_000549_manu3_entity_project.cpp	untranslated	cfg_blocks_22_terminals_1
xdb_manu3	0x0006f6	manu3_labeled	direct_call_from_0x0 | direct_call_from_0x150 | label:manu3_face_builder_next | manu3 face builder	manu3_face_builder_next	re/assembly/xdb/manu3/manu3_labeled/func_0006f6_manu3_face_builder_next.asm	re/borland/xdb/manu3/manu3_labeled/func_0006f6_manu3_face_builder_next.cpp	untranslated	cfg_blocks_1_terminals_0
xdb_manu3	0x000700	manu3_labeled	label:manu3_face_bucket_sort | manu3 face bucket sorter	manu3_face_bucket_sort	re/assembly/xdb/manu3/manu3_labeled/func_000700_manu3_face_bucket_sort.asm	re/borland/xdb/manu3/manu3_labeled/func_000700_manu3_face_bucket_sort.cpp	untranslated	cfg_blocks_14_terminals_1
xdb_manu3	0x000775	manu3_labeled	label:manu3_span_renderer_init | manu3 span renderer init	manu3_span_renderer_init	re/assembly/xdb/manu3/manu3_labeled/func_000775_manu3_span_renderer_init.asm	re/borland/xdb/manu3/manu3_labeled/func_000775_manu3_span_renderer_init.cpp	untranslated	cfg_blocks_49_terminals_11
xdb_manu3	0x000848	manu3_labeled	label:manu3_span_setup_next | manu3 span setup region	manu3_span_setup_next	re/assembly/xdb/manu3/manu3_labeled/func_000848_manu3_span_setup_next.asm	re/borland/xdb/manu3/manu3_labeled/func_000848_manu3_span_setup_next.cpp	translated_empty_return	cfg_blocks_1_terminals_1
xdb_manu3	0x000849	manu3_labeled	label:manu3_span_insert | manu3 span insertion routine	manu3_span_insert	re/assembly/xdb/manu3/manu3_labeled/func_000849_manu3_span_insert.asm	re/borland/xdb/manu3/manu3_labeled/func_000849_manu3_span_insert.cpp	untranslated	cfg_blocks_55_terminals_11
xdb_manu3	0x000c2a	manu3_labeled	label:manu3_affine_fill | manu3 affine fill routine	manu3_affine_fill	re/assembly/xdb/manu3/manu3_labeled/func_000c2a_manu3_affine_fill.asm	re/borland/xdb/manu3/manu3_labeled/func_000c2a_manu3_affine_fill.cpp	untranslated	cfg_blocks_7_terminals_2
xdb_manu3	0x000d7d	manu3_labeled	direct_call_from_0x6f6 | direct_call_from_0x700 | direct_call_from_0x775 | direct_call_from_0x849 | label:manu3_face_activate | manu3 face activation routine	manu3_face_activate	re/assembly/xdb/manu3/manu3_labeled/func_000d7d_manu3_face_activate.asm	re/borland/xdb/manu3/manu3_labeled/func_000d7d_manu3_face_activate.cpp	untranslated	cfg_blocks_1_terminals_0
xdb_manu3	0x000d93	manu3_labeled	label:manu3_gradient_setup | manu3 gradient setup routine	manu3_gradient_setup	re/assembly/xdb/manu3/manu3_labeled/func_000d93_manu3_gradient_setup.asm	re/borland/xdb/manu3/manu3_labeled/func_000d93_manu3_gradient_setup.cpp	untranslated	cfg_blocks_29_terminals_7
xdb_scrut	0x00022a	direct_calls	direct_call_from_0xa3		re/assembly/xdb/scrut/direct_calls/func_00022a_routine.asm	re/borland/xdb/scrut/direct_calls/func_00022a_routine.cpp	untranslated	cfg_blocks_22_terminals_5
xdb_scrut	0x000305	direct_calls	direct_call_from_0xa3		re/assembly/xdb/scrut/direct_calls/func_000305_routine.asm	re/borland/xdb/scrut/direct_calls/func_000305_routine.cpp	untranslated	cfg_blocks_4_terminals_1
xdb_scrut	0x00034b	direct_calls	direct_call_from_0xa3		re/assembly/xdb/scrut/direct_calls/func_00034b_routine.asm	re/borland/xdb/scrut/direct_calls/func_00034b_routine.cpp	translated_xdb_mouse_range	cfg_blocks_1_terminals_1
xdb_scrut	0x00035c	direct_calls	direct_call_from_0xa3		re/assembly/xdb/scrut/direct_calls/func_00035c_routine.asm	re/borland/xdb/scrut/direct_calls/func_00035c_routine.cpp	translated_xdb_mouse_position	cfg_blocks_1_terminals_1
xdb_scrut	0x0005dc	direct_calls	direct_call_from_0xa3		re/assembly/xdb/scrut/direct_calls/func_0005dc_routine.asm	re/borland/xdb/scrut/direct_calls/func_0005dc_routine.cpp	untranslated	cfg_blocks_29_terminals_2
xdb_scrut	0x000775	direct_calls	direct_call_from_0xa3		re/assembly/xdb/scrut/direct_calls/func_000775_routine.asm	re/borland/xdb/scrut/direct_calls/func_000775_routine.cpp	untranslated	cfg_blocks_22_terminals_1
xdb_scrut	0x001edd	direct_calls	direct_call_from_0xa3		re/assembly/xdb/scrut/direct_calls/func_001edd_routine.asm	re/borland/xdb/scrut/direct_calls/func_001edd_routine.cpp	untranslated	cfg_blocks_1_terminals_1
xdb_scrut	0x00212c	direct_calls	direct_call_from_0xa3		re/assembly/xdb/scrut/direct_calls/func_00212c_routine.asm	re/borland/xdb/scrut/direct_calls/func_00212c_routine.cpp	untranslated	cfg_blocks_28_terminals_2
xdb_scrut	0x0025d4	direct_calls	direct_call_from_0xa3		re/assembly/xdb/scrut/direct_calls/func_0025d4_routine.asm	re/borland/xdb/scrut/direct_calls/func_0025d4_routine.cpp	untranslated	cfg_blocks_19_terminals_1
xdb_scrut	0x002696	direct_calls	direct_call_from_0x5dc		re/assembly/xdb/scrut/direct_calls/func_002696_routine.asm	re/borland/xdb/scrut/direct_calls/func_002696_routine.cpp	untranslated	cfg_blocks_50_terminals_12
xdb_scrut	0x002c9d	direct_calls	direct_call_from_0x25d4 | direct_call_from_0x2696		re/assembly/xdb/scrut/direct_calls/func_002c9d_routine.asm	re/borland/xdb/scrut/direct_calls/func_002c9d_routine.cpp	untranslated	cfg_blocks_30_terminals_7
xdb_scrut	0x000000	entry	overlay_entry_0		re/assembly/xdb/scrut/entry/func_000000_routine.asm	re/borland/xdb/scrut/entry/func_000000_routine.cpp	untranslated	cfg_blocks_5_terminals_1
xdb_scrut	0x0000a3	entry	alien_body_entry_00a3 | direct_call_from_0x0		re/assembly/xdb/scrut/entry/func_0000a3_routine.asm	re/borland/xdb/scrut/entry/func_0000a3_routine.cpp	untranslated	cfg_blocks_18_terminals_2
xdb_scrut	0x00036a	method_table_103a	alien_method_table_103a_slot_7@0x43f8		re/assembly/xdb/scrut/method_table_103a/func_00036a_routine.asm	re/borland/xdb/scrut/method_table_103a/func_00036a_routine.cpp	untranslated	cfg_blocks_24_terminals_1
xdb_scrut	0x000966	method_table_103a	alien_method_table_103a_slot_10@0x43fe		re/assembly/xdb/scrut/method_table_103a/func_000966_routine.asm	re/borland/xdb/scrut/method_table_103a/func_000966_routine.cpp	untranslated	cfg_blocks_6_terminals_0
xdb_scrut	0x000999	method_table_103a	alien_method_table_103a_slot_6@0x43f6		re/assembly/xdb/scrut/method_table_103a/func_000999_routine.asm	re/borland/xdb/scrut/method_table_103a/func_000999_routine.cpp	untranslated	cfg_blocks_1_terminals_1
xdb_scrut	0x000a35	method_table_103a	alien_method_table_103a_slot_1@0x43ec		re/assembly/xdb/scrut/method_table_103a/func_000a35_routine.asm	re/borland/xdb/scrut/method_table_103a/func_000a35_routine.cpp	untranslated	cfg_blocks_15_terminals_1
xdb_scrut	0x000b55	method_table_103a	alien_method_table_103a_slot_11@0x4400		re/assembly/xdb/scrut/method_table_103a/func_000b55_routine.asm	re/borland/xdb/scrut/method_table_103a/func_000b55_routine.cpp	translated_xdb_actor_field_sub_0f	cfg_blocks_1_terminals_1
xdb_scrut	0x000b65	method_table_103a	alien_method_table_103a_slot_12@0x4402		re/assembly/xdb/scrut/method_table_103a/func_000b65_routine.asm	re/borland/xdb/scrut/method_table_103a/func_000b65_routine.cpp	translated_xdb_actor_field_sub_0f	cfg_blocks_1_terminals_1
xdb_scrut	0x0012cc	method_table_103a	alien_method_table_103a_slot_3@0x43f0		re/assembly/xdb/scrut/method_table_103a/func_0012cc_routine.asm	re/borland/xdb/scrut/method_table_103a/func_0012cc_routine.cpp	untranslated	cfg_blocks_5_terminals_1
xdb_scrut	0x001692	method_table_103a	alien_method_table_103a_slot_2@0x43ee | alien_method_table_103a_slot_4@0x43f2		re/assembly/xdb/scrut/method_table_103a/func_001692_routine.asm	re/borland/xdb/scrut/method_table_103a/func_001692_routine.cpp	untranslated	cfg_blocks_3_terminals_2
xdb_scrut	0x001b80	method_table_103a	alien_method_table_103a_slot_8@0x43fa		re/assembly/xdb/scrut/method_table_103a/func_001b80_routine.asm	re/borland/xdb/scrut/method_table_103a/func_001b80_routine.cpp	untranslated	cfg_blocks_1_terminals_1
xdb_scrut	0x001bb0	method_table_103a	alien_method_table_103a_slot_9@0x43fc		re/assembly/xdb/scrut/method_table_103a/func_001bb0_routine.asm	re/borland/xdb/scrut/method_table_103a/func_001bb0_routine.cpp	untranslated	cfg_blocks_1_terminals_1
xdb_scrut	0x001bfb	method_table_103a	alien_method_table_103a_slot_13@0x4404		re/assembly/xdb/scrut/method_table_103a/func_001bfb_routine.asm	re/borland/xdb/scrut/method_table_103a/func_001bfb_routine.cpp	translated_xdb_jump_or_init_method	cfg_blocks_3_terminals_2
xdb_scrut	0x001de7	method_table_103a	alien_method_table_103a_slot_0@0x43ea | alien_method_table_103a_slot_14@0x4406 | alien_method_table_103a_slot_5@0x43f4		re/assembly/xdb/scrut/method_table_103a/func_001de7_routine.asm	re/borland/xdb/scrut/method_table_103a/func_001de7_routine.cpp	translated_empty_return	cfg_blocks_1_terminals_1
